vehicle_id,timestamp,engine_speed_rpm,vehicle_speed_kmh,engine_load_pct,accelerator_pedal_pct,coolant_temp_c,oil_pressure_kpa,fuel_rail_pressure_mpa,battery_voltage_v,maf_g_s,charging_status,dtc_flag,oil_pressure_below_manual_check,idle_out_of_target,fuel_rail_low_at_idle,cooling_high_demo_flag,operating_scenario
ISZ-001,2026-09-08 06:00:00,546.0,0,22.7,4.6,85.9,209.6,32.6,27.02,33.0,Normal,0,0,0,0,0,Normal operation
ISZ-001,2026-09-08 06:10:00,545.0,0,8.0,1.4,88.3,244.0,24.9,27.43,43.6,Normal,0,0,0,1,0,Normal operation
ISZ-001,2026-09-08 06:20:00,542.0,3.1,20.2,0,91.8,226.3,26.5,27.09,8,Normal,0,0,0,0,0,Normal operation
ISZ-001,2026-09-08 06:30:00,530.0,1.3,17.9,0,91.2,240.4,54.9,27.3,55.2,Normal,0,0,1,0,0,Normal operation
ISZ-001,2026-09-08 06:40:00,1207.0,51.7,76.1,37.0,84.6,295.7,77.2,26.58,108.5,Normal,0,0,0,0,0,Normal operation
ISZ-001,2026-09-08 06:50:00,1024.0,84.9,64.0,50.8,80.3,293.6,64.0,27.3,141.3,Normal,0,0,0,0,0,Normal operation
ISZ-001,2026-09-08 07:00:00,1608.0,90.0,50.9,24.9,93.8,270.1,62.3,27.48,121.8,Normal,0,0,0,0,0,Normal operation
ISZ-001,2026-09-08 07:10:00,2021.0,47.1,44.9,59.7,87.7,310.1,74.8,26.4,81.7,Normal,0,0,0,0,0,Normal operation
ISZ-001,2026-09-08 07:20:00,800,60.7,67.4,40.7,91.5,342.1,46.1,27.07,43.7,Normal,0,0,0,0,0,Normal operation
ISZ-001,2026-09-08 07:30:00,1406.0,69.0,61.0,41.9,83.2,340.5,82.1,26.99,96.2,Normal,0,0,0,0,0,Normal operation
ISZ-001,2026-09-08 07:40:00,1567.0,76.1,38.1,76.2,90.7,358.9,57.1,26.47,59.7,Normal,0,0,0,0,0,Normal operation
ISZ-001,2026-09-08 07:50:00,1863.0,43.5,65.3,47.9,87.2,319.3,66.6,26.95,138.1,Normal,0,0,0,0,0,Normal operation
ISZ-001,2026-09-08 08:00:00,1730.0,66.0,65.3,36.7,89.5,344.1,54.5,27.85,126.5,Normal,0,0,0,0,0,Normal operation
ISZ-001,2026-09-08 08:10:00,800,84.9,74.7,52.8,84.0,343.8,64.2,27.22,93.8,Normal,0,0,0,0,0,Normal operation
ISZ-001,2026-09-08 08:20:00,1620.0,85.4,61.0,24.3,89.1,297.7,77.6,27.24,73.0,Normal,0,0,0,0,0,Normal operation
ISZ-001,2026-09-08 08:30:00,1762.0,31.2,26.9,36.0,84.6,375.8,80.3,27.6,92.7,Normal,0,0,0,0,0,Normal operation
ISZ-001,2026-09-08 08:40:00,2130.0,33.7,84.9,61.5,80.9,311.7,64.8,25.86,103.4,Normal,0,0,0,0,0,Normal operation
ISZ-001,2026-09-08 08:50:00,1721.0,23.8,65.4,24.0,89.7,326.0,63.0,27.16,117.2,Normal,0,0,0,0,0,Normal operation
ISZ-001,2026-09-08 09:00:00,1263.0,31.6,49.1,68.4,86.4,288.3,74.0,26.87,53.7,Normal,0,0,0,0,0,Normal operation
ISZ-001,2026-09-08 09:10:00,2176.0,90.4,71.7,30.7,83.9,334.2,60.4,27.47,82.3,Normal,0,0,0,0,0,Normal operation
ISZ-001,2026-09-08 09:20:00,1655.0,89.8,43.2,53.4,88.7,290.6,51.7,28.04,79.5,Normal,0,0,0,0,0,Normal operation
ISZ-001,2026-09-08 09:30:00,1105.0,38.6,63.2,76.9,83.0,319.1,70.6,27.02,135.0,Normal,0,0,0,0,0,Normal operation
ISZ-001,2026-09-08 09:40:00,981.0,45.8,49.6,44.6,85.9,309.2,69.1,27.15,110.5,Normal,0,0,0,0,0,Normal operation
ISZ-001,2026-09-08 09:50:00,1304.0,57.0,58.2,54.0,91.2,362.5,57.0,27.42,82.4,Normal,0,0,0,0,0,Normal operation
ISZ-001,2026-09-08 10:00:00,544.0,0.7,8.5,7.4,83.6,277.2,28.3,27.27,26.1,Normal,0,0,0,0,0,Normal operation
ISZ-001,2026-09-08 10:10:00,558.0,0.9,24.2,0,91.2,245.9,28.9,26.91,40.0,Normal,0,0,1,0,0,Normal operation
ISZ-001,2026-09-08 10:20:00,555.0,0.7,24.3,1.7,89.6,272.5,41.3,26.58,27.8,Normal,0,0,1,0,0,Normal operation
ISZ-001,2026-09-08 10:30:00,534.0,6.0,20.3,3.8,89.9,236.3,40.5,26.82,8,Normal,0,0,0,0,0,Normal operation
ISZ-001,2026-09-08 10:40:00,1450.0,35.2,61.0,32.6,86.6,308.6,68.6,27.34,72.2,Normal,0,0,0,0,0,Normal operation
ISZ-001,2026-09-08 10:50:00,1838.0,68.5,72.5,8,90.2,378.3,71.5,26.45,100.8,Normal,0,0,0,0,0,Normal operation
ISZ-001,2026-09-08 11:00:00,1845.0,51.2,34.3,24.5,85.4,317.6,69.8,26.97,81.4,Normal,0,0,0,0,0,Normal operation
ISZ-001,2026-09-08 11:10:00,1861.0,74.5,92.2,38.4,87.1,339.4,52.6,27.52,124.2,Normal,0,0,0,0,0,Normal operation
ISZ-001,2026-09-08 11:20:00,1632.0,52.2,25.6,27.7,88.9,327.6,68.3,27.31,85.3,Normal,0,0,0,0,0,Normal operation
ISZ-001,2026-09-08 11:30:00,1395.0,33.5,78.5,51.9,88.8,328.2,91.2,27.86,123.4,Normal,0,0,0,0,0,Normal operation
ISZ-001,2026-09-08 11:40:00,800,75.0,93.3,8,83.6,379.4,58.9,27.23,118.0,Normal,0,0,0,0,0,Normal operation
ISZ-001,2026-09-08 11:50:00,1222.0,45.9,48.1,42.1,86.3,296.6,55.8,27.48,127.5,Normal,0,0,0,0,0,Normal operation
ISZ-001,2026-09-08 12:00:00,1586.0,51.9,44.9,43.6,82.5,310.6,73.6,27.65,156.6,Normal,0,0,0,0,0,Normal operation
ISZ-001,2026-09-08 12:10:00,1908.0,41.9,78.0,36.4,80.0,337.7,63.9,26.61,110.6,Normal,0,0,0,0,0,Normal operation
ISZ-001,2026-09-08 12:20:00,1251.0,65.4,53.2,68.9,87.6,335.3,65.9,27.3,123.2,Normal,0,0,0,0,0,Normal operation
ISZ-001,2026-09-08 12:30:00,1771.0,72.9,56.7,38.8,85.8,306.8,65.4,26.83,77.4,Normal,0,0,0,0,0,Normal operation
ISZ-001,2026-09-08 12:40:00,1740.0,45.6,63.5,18.9,91.7,280.3,59.0,26.99,66.6,Normal,0,0,0,0,0,Normal operation
ISZ-001,2026-09-08 12:50:00,1371.0,46.3,59.9,45.4,90.1,299.1,66.2,27.57,67.2,Normal,0,0,0,0,0,Normal operation
ISZ-001,2026-09-08 13:00:00,1676.0,88.1,34.1,35.8,84.4,386.9,55.1,27.42,73.9,Normal,0,0,0,0,0,Normal operation
ISZ-001,2026-09-08 13:10:00,1884.0,51.5,81.0,43.4,85.0,341.0,62.7,27.51,90.5,Normal,0,0,0,0,0,Normal operation
ISZ-001,2026-09-08 13:20:00,1183.0,37.8,62.7,50.8,92.0,328.1,73.5,27.49,76.8,Normal,0,0,0,0,0,Normal operation
ISZ-001,2026-09-08 13:30:00,1291.0,46.7,85.1,47.3,83.8,333.0,54.1,26.97,39.4,Normal,0,0,0,0,0,Normal operation
ISZ-001,2026-09-08 13:40:00,1499.0,36.5,47.2,33.7,86.8,331.0,48.0,27.38,99.4,Normal,0,0,0,0,0,Normal operation
ISZ-001,2026-09-08 13:50:00,1209.0,73.4,26.3,14.8,86.4,282.1,77.5,26.84,122.7,Normal,0,0,0,0,0,Normal operation
ISZ-001,2026-09-08 14:00:00,528.0,0,15.7,0.2,80.4,200.5,40.0,27.11,36.4,Normal,0,0,1,0,0,Normal operation
ISZ-001,2026-09-08 14:10:00,544.0,0,19.5,4.5,86.4,289.9,23.0,27.54,44.6,Normal,0,0,0,1,0,Normal operation
ISZ-001,2026-09-08 14:20:00,546.0,3.0,16.5,0.9,90.8,220.6,24.2,26.89,50.7,Normal,0,0,0,1,0,Normal operation
ISZ-001,2026-09-08 14:30:00,547.0,1.7,14.1,1.0,85.9,262.1,22.5,27.51,54.8,Normal,0,0,0,1,0,Normal operation
ISZ-001,2026-09-08 14:40:00,1030.0,28.9,45.5,62.8,90.9,361.9,65.2,27.22,60.3,Normal,0,0,0,0,0,Normal operation
ISZ-001,2026-09-08 14:50:00,1821.0,69.1,34.5,41.4,90.1,289.7,66.7,27.63,131.8,Normal,0,0,0,0,0,Normal operation
ISZ-001,2026-09-08 15:00:00,1363.0,65.7,60.2,56.2,93.7,342.3,70.0,26.92,88.0,Normal,0,0,0,0,0,Normal operation
ISZ-001,2026-09-08 15:10:00,1364.0,92.5,54.7,58.6,86.9,287.4,60.3,26.37,93.9,Normal,0,0,0,0,0,Normal operation
ISZ-001,2026-09-08 15:20:00,1222.0,41.9,30.3,44.1,84.3,326.5,53.5,27.88,86.5,Normal,0,0,0,0,0,Normal operation
ISZ-001,2026-09-08 15:30:00,1705.0,42.6,31.8,42.8,88.4,364.4,53.6,27.4,87.1,Normal,0,0,0,0,0,Normal operation
ISZ-001,2026-09-08 15:40:00,1861.0,44.3,78.9,64.2,85.4,327.2,57.6,27.22,80.0,Normal,0,0,0,0,0,Normal operation
ISZ-001,2026-09-08 15:50:00,1513.0,64.2,72.0,51.6,87.6,293.3,69.7,26.5,92.8,Normal,0,0,0,0,0,Normal operation
ISZ-001,2026-09-08 16:00:00,1433.0,77.9,39.4,52.8,82.1,312.9,60.6,26.8,101.6,Normal,0,0,0,0,0,Normal operation
ISZ-001,2026-09-08 16:10:00,1863.0,32.5,44.0,17.8,79.5,363.2,64.6,26.49,78.0,Normal,0,0,0,0,0,Normal operation
ISZ-001,2026-09-08 16:20:00,1505.0,46.7,69.1,60.0,84.4,356.0,65.2,27.08,77.4,Normal,0,0,0,0,0,Normal operation
ISZ-001,2026-09-08 16:30:00,2435.0,55.3,32.4,41.5,84.1,311.1,65.6,26.68,113.1,Normal,0,0,0,0,0,Normal operation
ISZ-001,2026-09-08 16:40:00,1628.0,45.8,35.2,54.8,83.1,361.7,73.8,27.08,84.9,Normal,0,0,0,0,0,Normal operation
ISZ-001,2026-09-08 16:50:00,1587.0,74.4,86.7,69.9,84.6,337.7,70.2,27.56,108.4,Normal,0,0,0,0,0,Normal operation
ISZ-001,2026-09-08 17:00:00,1725.0,34.1,59.2,49.8,93.2,335.1,68.7,26.77,128.2,Normal,0,0,0,0,0,Normal operation
ISZ-001,2026-09-08 17:10:00,1801.0,65.0,62.3,67.1,88.6,296.5,72.0,26.09,91.8,Normal,0,0,0,0,0,Normal operation
ISZ-001,2026-09-08 17:20:00,1111.0,72.8,45.8,51.7,85.9,337.9,77.9,27.13,118.8,Normal,0,0,0,0,0,Normal operation
ISZ-001,2026-09-08 17:30:00,1383.0,46.4,53.7,33.2,83.0,353.3,72.8,26.87,78.3,Normal,0,0,0,0,0,Normal operation
ISZ-001,2026-09-08 17:40:00,2019.0,59.0,80.5,63.4,92.3,363.1,65.8,26.93,66.7,Normal,0,0,0,0,0,Normal operation
ISZ-001,2026-09-08 17:50:00,1300.0,56.7,75.8,27.2,87.6,363.3,66.2,26.86,67.6,Normal,0,0,0,0,0,Normal operation
ISZ-001,2026-09-08 18:00:00,550.0,3.6,14.3,0.3,87.4,253.1,22.5,26.31,8,Normal,0,0,0,1,0,Normal operation
ISZ-001,2026-09-08 18:10:00,546.0,0,13.6,0,86.1,221.0,20.7,26.57,8,Normal,0,0,0,1,0,Normal operation
ISZ-001,2026-09-08 18:20:00,544.0,2.3,22.9,1.9,86.7,229.4,45.6,27.49,45.9,Normal,0,0,0,0,0,Normal operation
ISZ-001,2026-09-08 18:30:00,538.0,0,23.6,2.7,85.4,273.2,35.5,27.16,8,Normal,0,0,0,0,0,Normal operation
ISZ-001,2026-09-08 18:40:00,2316.0,45.5,70.3,20.0,83.8,335.5,59.3,26.82,127.1,Normal,0,0,0,0,0,Normal operation
ISZ-001,2026-09-08 18:50:00,1570.0,36.3,58.7,67.6,91.8,324.4,62.7,27.14,71.7,Normal,0,0,0,0,0,Normal operation
ISZ-001,2026-09-08 19:00:00,2143.0,69.0,52.9,44.3,84.8,312.7,69.4,27.15,121.8,Normal,0,0,0,0,0,Normal operation
ISZ-001,2026-09-08 19:10:00,1276.0,78.4,65.8,43.7,88.0,352.8,82.1,27.48,89.9,Normal,0,0,0,0,0,Normal operation
ISZ-001,2026-09-08 19:20:00,1563.0,51.1,68.8,12.8,87.7,344.5,49.7,26.97,89.7,Normal,0,0,0,0,0,Normal operation
ISZ-001,2026-09-08 19:30:00,905.0,61.4,55.1,58.2,84.5,317.1,70.3,27.21,85.7,Normal,0,0,0,0,0,Normal operation
ISZ-001,2026-09-08 19:40:00,1558.0,63.3,49.0,63.7,88.0,326.5,70.7,27.03,104.5,Normal,0,0,0,0,0,Normal operation
ISZ-001,2026-09-08 19:50:00,2410.0,64.7,52.0,20.2,88.5,316.0,64.8,27.65,136.5,Normal,0,0,0,0,0,Normal operation
ISZ-001,2026-09-08 20:00:00,1274.0,62.5,62.4,43.1,94.8,347.3,68.7,27.08,81.0,Normal,0,0,0,0,0,Normal operation
ISZ-001,2026-09-08 20:10:00,1342.0,63.5,67.9,38.1,85.0,344.7,50.9,28.42,77.0,Normal,0,0,0,0,0,Normal operation
ISZ-001,2026-09-08 20:20:00,800,34.8,64.9,10.7,95.9,296.8,62.3,26.71,98.3,Normal,0,0,0,0,0,Normal operation
ISZ-001,2026-09-08 20:30:00,1443.0,45.4,42.9,50.4,85.7,357.3,58.4,27.82,138.3,Normal,0,0,0,0,0,Normal operation
ISZ-001,2026-09-08 20:40:00,2047.0,75.9,52.7,49.4,91.2,339.4,59.3,26.94,116.7,Normal,0,0,0,0,0,Normal operation
ISZ-001,2026-09-08 20:50:00,1502.0,44.9,45.6,63.0,84.2,332.9,67.4,26.84,111.7,Normal,0,0,0,0,0,Normal operation
ISZ-001,2026-09-08 21:00:00,1894.0,54.2,58.7,82.1,85.7,335.3,66.0,27.38,117.2,Normal,0,0,0,0,0,Normal operation
ISZ-001,2026-09-08 21:10:00,2044.0,60.8,66.5,57.7,86.2,333.6,59.7,26.74,103.4,Normal,0,0,0,0,0,Normal operation
ISZ-001,2026-09-08 21:20:00,1038.0,15.7,74.4,30.0,87.2,323.2,64.5,27.68,95.9,Normal,0,0,0,0,0,Normal operation
ISZ-001,2026-09-08 21:30:00,1147.0,59.7,62.9,8.9,92.6,387.1,69.6,27.31,86.1,Normal,0,0,0,0,0,Normal operation
ISZ-001,2026-09-08 21:40:00,1808.0,44.0,63.3,55.2,92.5,316.4,60.4,27.15,116.6,Normal,0,0,0,0,0,Normal operation
ISZ-001,2026-09-08 21:50:00,1551.0,30.2,59.9,47.8,83.5,355.5,60.7,26.56,100.7,Normal,0,0,0,0,0,Normal operation
ISZ-001,2026-09-08 22:00:00,550.0,0.1,14.5,0,88.0,255.1,23.2,26.79,22.6,Normal,0,0,0,1,0,Normal operation
ISZ-001,2026-09-08 22:10:00,546.0,0,14.9,1.2,84.3,248.0,28.2,26.19,49.5,Normal,0,0,0,0,0,Normal operation
ISZ-001,2026-09-08 22:20:00,558.0,2.1,14.0,0.8,85.1,260.1,27.5,26.96,68.5,Normal,0,0,1,0,0,Normal operation
ISZ-001,2026-09-08 22:30:00,537.0,0,24.5,1.1,88.5,236.3,31.0,26.71,58.8,Normal,0,0,0,0,0,Normal operation
ISZ-001,2026-09-08 22:40:00,1469.0,28.6,54.7,40.6,84.7,324.4,75.2,26.92,82.5,Normal,0,0,0,0,0,Normal operation
ISZ-001,2026-09-08 22:50:00,1783.0,47.6,89.4,69.3,83.6,345.5,51.4,27.68,88.7,Normal,0,0,0,0,0,Normal operation
ISZ-001,2026-09-08 23:00:00,1538.0,57.9,66.7,72.2,89.8,341.2,67.4,27.68,100.4,Normal,0,0,0,0,0,Normal operation
ISZ-001,2026-09-08 23:10:00,2375.0,52.8,55.8,79.7,91.2,305.6,55.0,27.24,70.7,Normal,0,0,0,0,0,Normal operation
ISZ-001,2026-09-08 23:20:00,1005.0,52.6,74.9,45.9,79.6,333.4,66.1,27.05,106.6,Normal,0,0,0,0,0,Normal operation
ISZ-001,2026-09-08 23:30:00,992.0,45.1,73.5,10.4,91.7,287.5,61.5,26.95,33.9,Normal,0,0,0,0,0,Normal operation
ISZ-001,2026-09-08 23:40:00,1962.0,53.5,62.9,66.4,83.7,365.2,72.0,26.88,89.9,Normal,0,0,0,0,0,Normal operation
ISZ-001,2026-09-08 23:50:00,1792.0,43.3,30.5,46.4,90.7,312.8,68.3,27.03,95.4,Normal,0,0,0,0,0,Normal operation
ISZ-001,2026-09-09 00:00:00,1389.0,73.1,87.8,53.9,89.3,328.4,67.8,27.41,73.1,Normal,0,0,0,0,0,Normal operation
ISZ-001,2026-09-09 00:10:00,1186.0,39.9,37.6,19.9,90.9,340.5,76.2,27.19,84.6,Normal,0,0,0,0,0,Normal operation
ISZ-001,2026-09-09 00:20:00,1352.0,64.4,63.3,10.1,86.5,348.0,68.0,27.24,117.0,Normal,0,0,0,0,0,Normal operation
ISZ-001,2026-09-09 00:30:00,2140.0,76.4,60.6,54.1,92.0,319.6,64.3,26.9,117.3,Normal,0,0,0,0,0,Normal operation
ISZ-001,2026-09-09 00:40:00,1213.0,64.7,67.6,24.2,89.9,304.2,61.9,26.8,98.3,Normal,0,0,0,0,0,Normal operation
ISZ-001,2026-09-09 00:50:00,1804.0,65.0,57.2,61.3,89.1,340.5,54.9,26.74,161.6,Normal,0,0,0,0,0,Normal operation
ISZ-001,2026-09-09 01:00:00,800,46.6,55.7,47.3,85.5,315.0,63.1,28.23,112.6,Normal,0,0,0,0,0,Normal operation
ISZ-001,2026-09-09 01:10:00,2329.0,49.7,73.1,55.8,89.2,277.8,56.8,26.38,110.4,Normal,0,0,0,0,0,Normal operation
ISZ-001,2026-09-09 01:20:00,1543.0,84.7,50.6,69.9,80.9,346.1,68.8,26.64,87.2,Normal,0,0,0,0,0,Normal operation
ISZ-001,2026-09-09 01:30:00,1986.0,28.5,49.8,22.4,86.9,386.9,76.6,27.16,87.5,Normal,0,0,0,0,0,Normal operation
ISZ-001,2026-09-09 01:40:00,1578.0,75.7,52.9,37.8,88.4,330.1,63.2,27.33,135.0,Normal,0,0,0,0,0,Normal operation
ISZ-001,2026-09-09 01:50:00,1081.0,65.3,86.9,56.9,86.3,295.0,60.6,26.53,54.3,Normal,0,0,0,0,0,Normal operation
ISZ-002,2026-09-08 06:00:00,547.0,0.3,22.1,0.2,82.6,249.3,26.9,27.42,11.3,Normal,0,0,0,0,0,Normal operation
ISZ-002,2026-09-08 06:10:00,546.0,2.1,12.7,2.9,81.8,264.2,34.1,27.24,8,Normal,0,0,0,0,0,Normal operation
ISZ-002,2026-09-08 06:20:00,538.0,3.8,24.8,3.3,86.9,231.6,28.3,26.52,24.9,Normal,0,0,0,0,0,Normal operation
ISZ-002,2026-09-08 06:30:00,553.0,0,18.6,1.5,96.1,222.1,23.1,26.55,8,Normal,0,0,1,1,0,Normal operation
ISZ-002,2026-09-08 06:40:00,1374.0,77.5,90.3,69.0,87.6,308.6,75.7,26.79,98.2,Normal,0,0,0,0,0,Normal operation
ISZ-002,2026-09-08 06:50:00,2104.0,51.7,50.4,22.8,79.1,307.6,46.5,27.38,85.2,Normal,0,0,0,0,0,Normal operation
ISZ-002,2026-09-08 07:00:00,1405.0,42.2,72.4,58.7,85.9,318.9,59.8,27.93,99.5,Normal,0,0,0,0,0,Normal operation
ISZ-002,2026-09-08 07:10:00,1894.0,44.5,57.5,27.4,81.5,290.9,59.5,26.44,132.6,Normal,0,0,0,0,0,Normal operation
ISZ-002,2026-09-08 07:20:00,1660.0,55.5,71.7,76.1,84.9,318.2,67.7,26.27,90.1,Normal,0,0,0,0,0,Normal operation
ISZ-002,2026-09-08 07:30:00,1575.0,51.8,55.3,24.1,85.1,332.5,65.8,27.23,97.2,Normal,0,0,0,0,0,Normal operation
ISZ-002,2026-09-08 07:40:00,1509.0,65.9,77.1,17.9,81.7,362.4,69.6,27.48,94.1,Normal,0,0,0,0,0,Normal operation
ISZ-002,2026-09-08 07:50:00,1710.0,47.6,71.1,62.1,89.6,284.3,69.3,26.72,88.0,Normal,0,0,0,0,0,Normal operation
ISZ-002,2026-09-08 08:00:00,1736.0,51.5,56.0,55.7,79.8,337.8,75.2,27.05,68.2,Normal,0,0,0,0,0,Normal operation
ISZ-002,2026-09-08 08:10:00,1753.0,66.2,77.1,72.3,83.9,303.5,57.3,27.58,103.7,Normal,0,0,0,0,0,Normal operation
ISZ-002,2026-09-08 08:20:00,1852.0,50.8,69.6,43.1,84.9,341.0,66.9,27.6,69.6,Normal,0,0,0,0,0,Normal operation
ISZ-002,2026-09-08 08:30:00,1170.0,51.1,40.9,30.0,86.3,358.1,56.9,27.7,81.2,Normal,0,0,0,0,0,Normal operation
ISZ-002,2026-09-08 08:40:00,1301.0,50.7,57.8,63.9,85.4,284.8,60.9,26.27,66.4,Normal,0,0,0,0,0,Normal operation
ISZ-002,2026-09-08 08:50:00,1975.0,38.7,67.0,49.3,89.8,320.5,68.5,27.9,96.2,Normal,0,0,0,0,0,Normal operation
ISZ-002,2026-09-08 09:00:00,1317.0,75.4,43.7,60.0,86.8,300.8,70.4,26.82,97.4,Normal,0,0,0,0,0,Normal operation
ISZ-002,2026-09-08 09:10:00,1837.0,31.2,43.2,21.5,85.6,296.2,59.6,26.94,96.5,Normal,0,0,0,0,0,Normal operation
ISZ-002,2026-09-08 09:20:00,1981.0,58.6,68.5,26.2,82.2,343.8,75.6,26.67,95.3,Normal,0,0,0,0,0,Normal operation
ISZ-002,2026-09-08 09:30:00,2146.0,39.7,60.7,87.3,92.6,329.4,53.4,27.29,63.5,Normal,0,0,0,0,0,Normal operation
ISZ-002,2026-09-08 09:40:00,1065.0,61.0,52.8,44.7,87.3,293.3,58.1,27.25,71.7,Normal,0,0,0,0,0,Normal operation
ISZ-002,2026-09-08 09:50:00,1028.0,65.2,20,55.5,86.5,306.0,61.0,27.68,99.2,Normal,0,0,0,0,0,Normal operation
ISZ-002,2026-09-08 10:00:00,543.0,1.2,23.7,2.9,86.7,244.0,32.0,27.42,8,Normal,0,0,0,0,0,Normal operation
ISZ-002,2026-09-08 10:10:00,549.0,0,9.2,4.2,85.9,245.3,24.1,27.23,12.6,Normal,0,0,0,1,0,Normal operation
ISZ-002,2026-09-08 10:20:00,544.0,6.3,7.8,2.5,86.2,243.9,29.2,27.54,8.3,Normal,0,0,0,0,0,Normal operation
ISZ-002,2026-09-08 10:30:00,556.0,0,17.4,3.1,86.0,272.1,26.9,26.94,8,Normal,0,0,1,0,0,Normal operation
ISZ-002,2026-09-08 10:40:00,1392.0,95,21.7,39.3,83.4,300.5,54.4,27.66,84.8,Normal,0,0,0,0,0,Normal operation
ISZ-002,2026-09-08 10:50:00,1493.0,33.4,52.9,66.2,76.8,343.4,61.5,27.79,110.2,Normal,0,0,0,0,0,Normal operation
ISZ-002,2026-09-08 11:00:00,1473.0,47.7,62.8,70.0,89.7,292.7,77.5,27.25,121.1,Normal,0,0,0,0,0,Normal operation
ISZ-002,2026-09-08 11:10:00,1792.0,57.6,82.6,65.4,89.2,402.6,72.2,27.36,120.8,Normal,0,0,0,0,0,Normal operation
ISZ-002,2026-09-08 11:20:00,1640.0,52.7,55.4,77.4,88.1,318.7,65.2,26.93,95.5,Normal,0,0,0,0,0,Normal operation
ISZ-002,2026-09-08 11:30:00,1875.0,39.9,53.6,40.4,85.6,322.9,55.6,27.16,97.9,Normal,0,0,0,0,0,Normal operation
ISZ-002,2026-09-08 11:40:00,1677.0,90.0,70.7,58.2,82.8,282.1,66.3,27.08,109.8,Normal,0,0,0,0,0,Normal operation
ISZ-002,2026-09-08 11:50:00,2336.0,46.9,65.8,36.9,87.0,315.5,61.4,26.84,52.1,Normal,0,0,0,0,0,Normal operation
ISZ-002,2026-09-08 12:00:00,1790.0,54.8,62.3,59.7,83.9,328.5,70.1,26.55,132.0,Normal,0,0,0,0,0,Normal operation
ISZ-002,2026-09-08 12:10:00,1152.0,5,56.8,44.3,86.5,366.4,55.9,26.54,127.9,Normal,0,0,0,0,0,Normal operation
ISZ-002,2026-09-08 12:20:00,1561.0,43.4,71.1,13.5,83.7,345.8,75.4,27.82,73.2,Normal,0,0,0,0,0,Normal operation
ISZ-002,2026-09-08 12:30:00,2236.0,44.4,55.1,65.7,83.9,376.1,62.5,27.12,74.0,Normal,0,0,0,0,0,Normal operation
ISZ-002,2026-09-08 12:40:00,1685.0,52.5,48.5,44.7,85.0,312.5,53.5,27.82,118.3,Normal,0,0,0,0,0,Normal operation
ISZ-002,2026-09-08 12:50:00,2231.0,76.6,61.3,21.9,89.7,327.7,72.0,26.66,81.7,Normal,0,0,0,0,0,Normal operation
ISZ-002,2026-09-08 13:00:00,2013.0,32.0,48.6,84.9,87.9,319.5,68.8,27.39,70.8,Normal,0,0,0,0,0,Normal operation
ISZ-002,2026-09-08 13:10:00,1630.0,52.7,35.8,8,89.7,328.4,56.0,26.46,39.4,Normal,0,0,0,0,0,Normal operation
ISZ-002,2026-09-08 13:20:00,1314.0,49.4,72.1,38.4,88.0,330.7,58.2,27.17,76.8,Normal,0,0,0,0,0,Normal operation
ISZ-002,2026-09-08 13:30:00,1877.0,47.4,41.0,58.0,86.3,318.7,50.5,26.96,116.0,Normal,0,0,0,0,0,Normal operation
ISZ-002,2026-09-08 13:40:00,1475.0,54.4,51.7,44.0,87.0,317.3,62.1,28.07,89.7,Normal,0,0,0,0,0,Normal operation
ISZ-002,2026-09-08 13:50:00,1873.0,23.3,66.8,42.3,93.2,334.1,70.3,27.39,87.1,Normal,0,0,0,0,0,Normal operation
ISZ-002,2026-09-08 14:00:00,541.0,1.7,23.2,0,84.6,239.5,33.4,26.96,22.0,Normal,0,0,0,0,0,Normal operation
ISZ-002,2026-09-08 14:10:00,540.0,0,5.1,4.3,85.2,229.9,36.5,27.36,36.4,Normal,0,0,0,0,0,Normal operation
ISZ-002,2026-09-08 14:20:00,531.0,1.0,22.8,3.7,90.2,270.1,21.1,26.89,31.1,Normal,0,0,0,1,0,Normal operation
ISZ-002,2026-09-08 14:30:00,534.0,2.6,10.7,1.2,90.7,208.2,16.7,27.18,42.2,Normal,0,0,0,1,0,Normal operation
ISZ-002,2026-09-08 14:40:00,1260.0,60.0,55.6,85.3,87.3,335.3,57.5,27.13,126.6,Normal,0,0,0,0,0,Normal operation
ISZ-002,2026-09-08 14:50:00,962.0,55.0,41.2,28.9,87.1,343.2,59.8,27.21,103.9,Normal,0,0,0,0,0,Normal operation
ISZ-002,2026-09-08 15:00:00,1626.0,45.1,57.5,41.9,89.4,327.3,74.3,27.64,111.2,Normal,0,0,0,0,0,Normal operation
ISZ-002,2026-09-08 15:10:00,1074.0,61.0,65.0,8,88.4,298.7,67.4,26.44,120.8,Normal,0,0,0,0,0,Normal operation
ISZ-002,2026-09-08 15:20:00,1679.0,20.1,87.0,50.1,85.5,346.5,61.4,26.85,76.6,Normal,0,0,0,0,0,Normal operation
ISZ-002,2026-09-08 15:30:00,1324.0,53.4,47.6,56.2,86.1,357.5,58.1,26.82,98.5,Normal,0,0,0,0,0,Normal operation
ISZ-002,2026-09-08 15:40:00,1740.0,78.0,77.2,53.9,89.7,376.1,70.4,26.01,87.2,Normal,0,0,0,0,0,Normal operation
ISZ-002,2026-09-08 15:50:00,800,91.9,46.3,8,81.8,307.3,74.7,26.96,110.8,Normal,0,0,0,0,0,Normal operation
ISZ-002,2026-09-08 16:00:00,1595.0,71.2,59.6,55.0,91.3,346.2,53.2,27.05,106.7,Normal,0,0,0,0,0,Normal operation
ISZ-002,2026-09-08 16:10:00,1961.0,84.5,79.0,60.4,81.6,335.3,71.3,26.62,119.5,Normal,0,0,0,0,0,Normal operation
ISZ-002,2026-09-08 16:20:00,800,42.5,84.3,8,87.2,296.4,47.3,26.82,128.1,Normal,0,0,0,0,0,Normal operation
ISZ-002,2026-09-08 16:30:00,800,33.9,87.7,30.3,77.0,331.3,70.0,27.28,85.8,Normal,0,0,0,0,0,Normal operation
ISZ-002,2026-09-08 16:40:00,1795.0,34.4,70.9,87.1,93.8,337.5,66.9,27.8,83.6,Normal,0,0,0,0,0,Normal operation
ISZ-002,2026-09-08 16:50:00,1508.0,56.2,63.3,33.6,80.1,329.1,67.7,27.45,68.6,Normal,0,0,0,0,0,Normal operation
ISZ-002,2026-09-08 17:00:00,1405.0,72.5,71.3,45.2,87.6,283.8,68.1,28.01,87.0,Normal,0,0,0,0,0,Normal operation
ISZ-002,2026-09-08 17:10:00,1683.0,56.8,36.4,48.2,85.5,340.4,68.3,27.26,144.9,Normal,0,0,0,0,0,Normal operation
ISZ-002,2026-09-08 17:20:00,1098.0,33.3,78.5,50.2,80.0,340.2,83.1,27.29,69.6,Normal,0,0,0,0,0,Normal operation
ISZ-002,2026-09-08 17:30:00,1619.0,67.9,59.7,65.9,88.5,317.4,51.9,26.65,80.6,Normal,0,0,0,0,0,Normal operation
ISZ-002,2026-09-08 17:40:00,1045.0,40.3,38.1,46.1,92.4,324.2,61.2,26.56,95.9,Normal,0,0,0,0,0,Normal operation
ISZ-002,2026-09-08 17:50:00,1545.0,64.4,47.2,42.4,88.7,337.4,53.2,27.22,72.9,Normal,0,0,0,0,0,Normal operation
ISZ-002,2026-09-08 18:00:00,535.0,0,24.6,3.3,85.7,254.4,54.7,27.41,12.8,Normal,0,0,0,0,0,Normal operation
ISZ-002,2026-09-08 18:10:00,552.0,2.4,26.3,0,90.1,226.2,39.4,27.27,47.8,Normal,0,0,1,0,0,Normal operation
ISZ-002,2026-09-08 18:20:00,552.0,0,14.4,3.9,92.8,215.3,25.8,27.21,28.4,Normal,0,0,1,0,0,Normal operation
ISZ-002,2026-09-08 18:30:00,538.0,0,14.3,2.6,90.6,249.7,26.8,27.44,38.5,Normal,0,0,0,0,0,Normal operation
ISZ-002,2026-09-08 18:40:00,1156.0,53.5,28.2,29.3,84.3,320.9,69.4,26.98,82.6,Normal,0,0,0,0,0,Normal operation
ISZ-002,2026-09-08 18:50:00,1009.0,36.8,32.6,78.5,87.6,342.2,77.9,27.0,109.3,Normal,0,0,0,0,0,Normal operation
ISZ-002,2026-09-08 19:00:00,1808.0,51.3,47.4,37.2,91.1,350.7,65.9,27.84,61.8,Normal,0,0,0,0,0,Normal operation
ISZ-002,2026-09-08 19:10:00,1601.0,50.8,81.9,71.8,90.7,327.7,53.5,26.84,141.0,Normal,0,0,0,0,0,Normal operation
ISZ-002,2026-09-08 19:20:00,1276.0,41.8,50.2,37.1,89.2,380.1,63.8,26.34,99.8,Normal,0,0,0,0,0,Normal operation
ISZ-002,2026-09-08 19:30:00,800,23.2,40.8,54.2,85.3,308.8,54.4,26.05,65.1,Normal,0,0,0,0,0,Normal operation
ISZ-002,2026-09-08 19:40:00,1245.0,77.9,32.4,80.7,88.9,333.0,61.7,27.41,120.8,Normal,0,0,0,0,0,Normal operation
ISZ-002,2026-09-08 19:50:00,1308.0,27.5,62.8,49.4,90.2,420.9,68.5,27.14,92.0,Normal,0,0,0,0,0,Normal operation
ISZ-002,2026-09-08 20:00:00,2511.0,57.8,58.6,8,81.1,300.3,64.2,27.1,115.4,Normal,0,0,0,0,0,Normal operation
ISZ-002,2026-09-08 20:10:00,1305.0,40.9,33.9,33.1,89.2,314.8,63.4,26.8,87.2,Normal,0,0,0,0,0,Normal operation
ISZ-002,2026-09-08 20:20:00,1075.0,63.9,65.8,74.2,90.3,316.2,61.9,27.03,130.2,Normal,0,0,0,0,0,Normal operation
ISZ-002,2026-09-08 20:30:00,1603.0,62.4,39.4,30.8,87.5,307.8,75.4,27.14,77.1,Normal,0,0,0,0,0,Normal operation
ISZ-002,2026-09-08 20:40:00,1805.0,60.0,28.0,35.2,86.3,348.8,68.2,26.97,79.5,Normal,0,0,0,0,0,Normal operation
ISZ-002,2026-09-08 20:50:00,1591.0,49.9,63.4,28.2,77.3,322.8,53.5,27.02,85.8,Normal,0,0,0,0,0,Normal operation
ISZ-002,2026-09-08 21:00:00,1512.0,69.6,62.6,60.4,84.9,328.1,72.4,27.24,108.2,Normal,0,0,0,0,0,Normal operation
ISZ-002,2026-09-08 21:10:00,1304.0,51.3,81.0,42.4,87.0,390.6,50.2,27.41,80.2,Normal,0,0,0,0,0,Normal operation
ISZ-002,2026-09-08 21:20:00,1254.0,43.3,61.9,17.5,81.0,341.0,65.4,27.48,100.0,Normal,0,0,0,0,0,Normal operation
ISZ-002,2026-09-08 21:30:00,1905.0,76.9,65.3,23.7,87.4,277.7,70.3,27.42,107.9,Normal,0,0,0,0,0,Normal operation
ISZ-002,2026-09-08 21:40:00,1807.0,69.0,45.2,43.3,93.3,326.1,52.2,27.17,91.5,Normal,0,0,0,0,0,Normal operation
ISZ-002,2026-09-08 21:50:00,1481.0,59.0,52.1,47.3,94.0,315.2,73.9,27.74,58.6,Normal,0,0,0,0,0,Normal operation
ISZ-002,2026-09-08 22:00:00,555.0,0,15.4,1.1,84.6,300.2,44.7,27.12,24.7,Normal,0,0,1,0,0,Normal operation
ISZ-002,2026-09-08 22:10:00,544.0,0,28.5,3.6,88.8,241.0,39.2,27.02,20.4,Normal,0,0,0,0,0,Normal operation
ISZ-002,2026-09-08 22:20:00,537.0,5.7,27.6,1.1,91.8,254.2,38.9,26.58,25.8,Normal,0,0,0,0,0,Normal operation
ISZ-002,2026-09-08 22:30:00,543.0,0.6,22.8,3.2,83.4,272.9,32.9,27.5,43.2,Normal,0,0,0,0,0,Normal operation
ISZ-002,2026-09-08 22:40:00,1954.0,73.2,47.5,44.0,89.7,306.6,58.4,27.3,111.2,Normal,0,0,0,0,0,Normal operation
ISZ-002,2026-09-08 22:50:00,1938.0,34.2,30.5,48.0,90.6,344.6,56.8,27.5,78.3,Normal,0,0,0,0,0,Normal operation
ISZ-002,2026-09-08 23:00:00,1617.0,57.5,95,65.7,85.8,298.2,69.8,27.33,94.5,Normal,0,0,0,0,0,Normal operation
ISZ-002,2026-09-08 23:10:00,1752.0,33.2,66.6,29.9,92.2,339.4,63.2,26.46,118.0,Normal,0,0,0,0,0,Normal operation
ISZ-002,2026-09-08 23:20:00,1215.0,33.1,95,29.5,85.7,314.2,59.8,27.19,96.8,Normal,0,0,0,0,0,Normal operation
ISZ-002,2026-09-08 23:30:00,1458.0,51.3,52.4,45.7,85.5,298.6,72.3,26.64,69.9,Normal,0,0,0,0,0,Normal operation
ISZ-002,2026-09-08 23:40:00,1449.0,54.4,69.3,50.0,87.3,319.1,62.9,27.58,109.2,Normal,0,0,0,0,0,Normal operation
ISZ-002,2026-09-08 23:50:00,1001.0,73.3,95,18.9,90.5,287.7,67.2,27.16,66.3,Normal,0,0,0,0,0,Normal operation
ISZ-002,2026-09-09 00:00:00,1417.0,66.1,34.4,69.8,83.2,291.1,76.7,27.39,92.1,Normal,0,0,0,0,0,Normal operation
ISZ-002,2026-09-09 00:10:00,2013.0,62.4,65.6,31.7,83.2,304.7,58.6,26.37,127.9,Normal,0,0,0,0,0,Normal operation
ISZ-002,2026-09-09 00:20:00,1875.0,61.7,54.1,13.4,87.7,327.0,70.6,26.93,62.3,Normal,0,0,0,0,0,Normal operation
ISZ-002,2026-09-09 00:30:00,1777.0,44.4,39.2,21.9,85.1,352.8,66.3,27.17,101.3,Normal,0,0,0,0,0,Normal operation
ISZ-002,2026-09-09 00:40:00,1557.0,55.1,38.8,46.9,89.4,301.5,82.6,26.83,111.8,Normal,0,0,0,0,0,Normal operation
ISZ-002,2026-09-09 00:50:00,1742.0,38.1,29.1,45.3,91.2,255.3,55.8,26.86,67.3,Normal,0,0,0,0,0,Normal operation
ISZ-002,2026-09-09 01:00:00,2158.0,52.6,80.4,20.8,89.1,312.7,67.0,27.15,54.1,Normal,0,0,0,0,0,Normal operation
ISZ-002,2026-09-09 01:10:00,1623.0,44.4,47.2,14.2,80.6,297.8,64.9,28.35,89.5,Normal,0,0,0,0,0,Normal operation
ISZ-002,2026-09-09 01:20:00,1957.0,28.7,43.0,47.3,84.0,378.2,69.0,27.81,117.7,Normal,0,0,0,0,0,Normal operation
ISZ-002,2026-09-09 01:30:00,1936.0,59.4,66.8,45.6,83.9,344.0,71.8,27.57,78.3,Normal,0,0,0,0,0,Normal operation
ISZ-002,2026-09-09 01:40:00,800,57.0,60.5,42.8,80.9,313.5,66.6,26.9,151.8,Normal,0,0,0,0,0,Normal operation
ISZ-002,2026-09-09 01:50:00,1703.0,68.7,30.7,65.1,86.9,275.4,82.5,27.5,118.2,Normal,0,0,0,0,0,Normal operation
ISZ-003,2026-09-08 06:00:00,530.0,1.9,15.2,0.3,85.6,251.1,26.3,27.49,61.6,Normal,0,0,0,0,0,Normal operation
ISZ-003,2026-09-08 06:10:00,539.0,1.5,17.3,3.0,94.8,210.1,23.9,27.8,39.7,Normal,0,0,0,1,0,Normal operation
ISZ-003,2026-09-08 06:20:00,529.0,1.7,10.5,3.2,86.4,216.3,39.9,27.73,29.4,Normal,0,0,1,0,0,Normal operation
ISZ-003,2026-09-08 06:30:00,543.0,0,18.3,1.9,85.8,240.6,22.4,27.42,69.4,Normal,0,0,0,1,0,Normal operation
ISZ-003,2026-09-08 06:40:00,1208.0,27.7,28.4,49.0,83.1,353.0,69.8,27.54,44.6,Normal,0,0,0,0,0,Normal operation
ISZ-003,2026-09-08 06:50:00,1926.0,60.5,36.8,20.3,90.1,276.7,67.2,26.65,68.8,Normal,0,0,0,0,0,Normal operation
ISZ-003,2026-09-08 07:00:00,2137.0,49.5,60.2,52.6,87.1,348.2,61.9,28.06,90.4,Normal,0,0,0,0,0,Normal operation
ISZ-003,2026-09-08 07:10:00,1280.0,60.2,71.3,50.1,86.6,303.4,66.0,27.17,84.6,Normal,0,0,0,0,0,Normal operation
ISZ-003,2026-09-08 07:20:00,1998.0,26.4,71.1,13.7,85.2,318.5,65.4,27.46,120.7,Normal,0,0,0,0,0,Normal operation
ISZ-003,2026-09-08 07:30:00,1490.0,43.2,74.3,31.2,89.5,314.8,61.3,27.05,55.4,Normal,0,0,0,0,0,Normal operation
ISZ-003,2026-09-08 07:40:00,1464.0,42.3,53.5,70.2,86.7,327.4,64.9,27.74,115.7,Normal,0,0,0,0,0,Normal operation
ISZ-003,2026-09-08 07:50:00,879.0,24.5,69.5,44.3,91.0,298.4,59.5,27.41,88.5,Normal,0,0,0,0,0,Normal operation
ISZ-003,2026-09-08 08:00:00,1390.0,33.2,67.1,22.4,84.8,337.6,75.2,27.42,61.1,Normal,0,0,0,0,0,Normal operation
ISZ-003,2026-09-08 08:10:00,1388.0,31.1,57.2,41.5,92.0,348.5,71.8,27.94,100.6,Normal,0,0,0,0,0,Normal operation
ISZ-003,2026-09-08 08:20:00,1294.0,72.2,78.7,58.9,91.2,287.3,66.1,27.35,87.7,Normal,0,0,0,0,0,Normal operation
ISZ-003,2026-09-08 08:30:00,1471.0,50.7,48.8,8,86.1,351.8,60.3,26.55,87.3,Normal,0,0,0,0,0,Normal operation
ISZ-003,2026-09-08 08:40:00,1611.0,53.6,39.3,45.5,91.9,333.7,70.6,27.11,57.3,Normal,0,0,0,0,0,Normal operation
ISZ-003,2026-09-08 08:50:00,2353.0,32.7,47.4,66.0,94.1,309.4,62.3,26.74,139.5,Normal,0,0,0,0,0,Normal operation
ISZ-003,2026-09-08 09:00:00,1649.0,36.8,74.0,37.1,85.7,345.6,70.5,27.37,83.9,Normal,0,0,0,0,0,Normal operation
ISZ-003,2026-09-08 09:10:00,1982.0,53.7,67.9,43.3,86.8,333.5,60.5,27.39,67.5,Normal,0,0,0,0,0,Normal operation
ISZ-003,2026-09-08 09:20:00,1341.0,46.8,48.6,36.5,82.1,328.1,62.3,27.0,105.5,Normal,0,0,0,0,0,Normal operation
ISZ-003,2026-09-08 09:30:00,1392.0,56.8,52.2,38.8,93.5,344.4,57.2,26.55,72.6,Normal,0,0,0,0,0,Normal operation
ISZ-003,2026-09-08 09:40:00,1462.0,45.9,43.0,47.7,89.1,345.4,67.0,26.64,79.6,Normal,0,0,0,0,0,Normal operation
ISZ-003,2026-09-08 09:50:00,1121.0,35.7,51.3,51.5,89.7,282.8,54.8,27.38,120.1,Normal,0,0,0,0,0,Normal operation
ISZ-003,2026-09-08 10:00:00,546.0,0.2,14.1,3.2,91.1,254.0,29.3,27.0,75.3,Normal,0,0,0,0,0,Normal operation
ISZ-003,2026-09-08 10:10:00,535.0,0,27.1,1.6,81.5,267.7,35.8,27.2,9.1,Normal,0,0,0,0,0,Normal operation
ISZ-003,2026-09-08 10:20:00,539.0,0,28.0,2.5,88.6,218.3,48.7,27.11,16.2,Normal,0,0,0,0,0,Normal operation
ISZ-003,2026-09-08 10:30:00,532.0,0,11.1,2.5,80.0,257.7,39.0,26.13,20.1,Normal,0,0,0,0,0,Normal operation
ISZ-003,2026-09-08 10:40:00,1644.0,39.4,80.3,17.2,91.8,330.5,62.7,27.56,78.1,Normal,0,0,0,0,0,Normal operation
ISZ-003,2026-09-08 10:50:00,1635.0,27.5,52.5,39.5,89.0,317.7,57.4,26.96,85.6,Normal,0,0,0,0,0,Normal operation
ISZ-003,2026-09-08 11:00:00,1842.0,71.7,49.3,50.4,88.5,365.7,56.2,27.92,110.5,Normal,0,0,0,0,0,Normal operation
ISZ-003,2026-09-08 11:10:00,919.0,30.8,70.5,50.7,88.8,331.0,69.9,26.58,122.1,Normal,0,0,0,0,0,Normal operation
ISZ-003,2026-09-08 11:20:00,2149.0,84.6,74.3,49.9,81.6,360.7,51.9,27.39,110.1,Normal,0,0,0,0,0,Normal operation
ISZ-003,2026-09-08 11:30:00,1278.0,45.9,48.0,65.7,85.0,403.3,61.8,27.38,53.3,Normal,0,0,0,0,0,Normal operation
ISZ-003,2026-09-08 11:40:00,2058.0,35.4,58.5,38.8,83.7,306.4,69.4,27.63,88.4,Normal,0,0,0,0,0,Normal operation
ISZ-003,2026-09-08 11:50:00,1469.0,79.4,54.5,62.1,79.9,304.2,70.5,27.06,112.9,Normal,0,0,0,0,0,Normal operation
ISZ-003,2026-09-08 12:00:00,1237.0,57.3,75.6,57.1,90.4,374.0,68.5,27.3,112.6,Normal,0,0,0,0,0,Normal operation
ISZ-003,2026-09-08 12:10:00,1959.0,67.5,62.8,18.9,80.1,302.5,61.3,27.19,60.0,Normal,0,0,0,0,0,Normal operation
ISZ-003,2026-09-08 12:20:00,1419.0,78.6,68.6,34.0,94.0,295.1,67.6,27.86,112.8,Normal,0,0,0,0,0,Normal operation
ISZ-003,2026-09-08 12:30:00,1578.0,47.3,52.7,8,92.3,303.8,89.3,27.1,105.4,Normal,0,0,0,0,0,Normal operation
ISZ-003,2026-09-08 12:40:00,1491.0,57.9,62.8,54.9,84.3,317.0,71.6,26.47,100.0,Normal,0,0,0,0,0,Normal operation
ISZ-003,2026-09-08 12:50:00,1580.0,50.3,44.2,41.5,90.3,312.6,60.1,27.58,136.9,Normal,0,0,0,0,0,Normal operation
ISZ-003,2026-09-08 13:00:00,1566.0,77.9,62.4,42.1,91.4,309.1,64.5,26.38,103.7,Normal,0,0,0,0,0,Normal operation
ISZ-003,2026-09-08 13:10:00,2107.0,21.3,65.9,34.8,85.0,334.6,72.5,26.56,73.7,Normal,0,0,0,0,0,Normal operation
ISZ-003,2026-09-08 13:20:00,1325.0,95,64.1,16.8,89.7,260.9,48.1,27.76,97.1,Normal,0,0,0,0,0,Normal operation
ISZ-003,2026-09-08 13:30:00,1400.0,55.8,50.2,59.4,81.4,392.7,58.9,27.63,130.3,Normal,0,0,0,0,0,Normal operation
ISZ-003,2026-09-08 13:40:00,2195.0,43.0,86.5,26.4,86.7,324.5,64.7,27.55,67.9,Normal,0,0,0,0,0,Normal operation
ISZ-003,2026-09-08 13:50:00,1456.0,50.9,54.5,61.7,91.6,313.0,55.1,27.55,75.0,Normal,0,0,0,0,0,Normal operation
ISZ-003,2026-09-08 14:00:00,530.0,0.4,18.2,3.9,86.3,221.2,32.1,27.57,26.0,Normal,0,0,1,0,0,Normal operation
ISZ-003,2026-09-08 14:10:00,529.0,0.5,23.8,2.0,97.2,273.5,19.6,27.68,29.6,Normal,0,0,1,1,0,Normal operation
ISZ-003,2026-09-08 14:20:00,533.0,0,14.9,1.0,92.4,289.9,40.8,27.15,8,Normal,0,0,0,0,0,Normal operation
ISZ-003,2026-09-08 14:30:00,532.0,1.9,6.3,1.4,82.4,249.7,40.0,27.66,29.9,Normal,0,0,0,0,0,Normal operation
ISZ-003,2026-09-08 14:40:00,1503.0,80.2,60.9,38.6,90.9,339.0,65.7,27.35,89.1,Normal,0,0,0,0,0,Normal operation
ISZ-003,2026-09-08 14:50:00,2049.0,72.9,30.4,63.7,88.6,330.4,80.8,27.05,129.6,Normal,0,0,0,0,0,Normal operation
ISZ-003,2026-09-08 15:00:00,1798.0,32.5,65.6,25.3,89.8,350.9,65.5,27.45,67.9,Normal,0,0,0,0,0,Normal operation
ISZ-003,2026-09-08 15:10:00,893.0,36.6,31.8,44.9,85.7,307.6,61.9,27.24,61.6,Normal,0,0,0,0,0,Normal operation
ISZ-003,2026-09-08 15:20:00,1550.0,61.1,81.6,17.9,88.8,362.1,69.3,26.62,82.6,Normal,0,0,0,0,0,Normal operation
ISZ-003,2026-09-08 15:30:00,1760.0,50.5,61.7,70.5,95.4,296.7,63.8,26.62,122.8,Normal,0,0,0,0,0,Normal operation
ISZ-003,2026-09-08 15:40:00,1875.0,62.7,49.0,42.5,82.7,323.7,67.6,26.84,101.0,Normal,0,0,0,0,0,Normal operation
ISZ-003,2026-09-08 15:50:00,1626.0,42.8,57.3,19.6,85.0,324.3,64.7,27.44,111.7,Normal,0,0,0,0,0,Normal operation
ISZ-003,2026-09-08 16:00:00,1625.0,79.1,63.2,25.5,85.1,362.0,57.1,28.12,70.5,Normal,0,0,0,0,0,Normal operation
ISZ-003,2026-09-08 16:10:00,1448.0,42.7,67.6,56.9,88.3,287.3,63.9,26.65,111.6,Normal,0,0,0,0,0,Normal operation
ISZ-003,2026-09-08 16:20:00,1624.0,82.0,65.3,30.7,87.7,331.9,64.5,26.98,65.2,Normal,0,0,0,0,0,Normal operation
ISZ-003,2026-09-08 16:30:00,1619.0,78.9,20,48.6,84.4,266.6,58.7,27.33,89.5,Normal,0,0,0,0,0,Normal operation
ISZ-003,2026-09-08 16:40:00,1043.0,58.0,87.8,47.3,75.7,339.8,61.0,26.75,102.1,Normal,0,0,0,0,0,Normal operation
ISZ-003,2026-09-08 16:50:00,1735.0,62.9,51.7,45.7,87.6,333.1,68.0,26.82,131.8,Normal,0,0,0,0,0,Normal operation
ISZ-003,2026-09-08 17:00:00,1365.0,29.3,59.8,9.0,87.8,308.8,61.2,27.63,149.4,Normal,0,0,0,0,0,Normal operation
ISZ-003,2026-09-08 17:10:00,1479.0,43.0,57.7,76.9,96.6,389.4,62.4,27.25,90.2,Normal,0,0,0,0,0,Normal operation
ISZ-003,2026-09-08 17:20:00,1085.0,35.1,57.1,53.8,84.0,316.8,74.6,27.26,110.0,Normal,0,0,0,0,0,Normal operation
ISZ-003,2026-09-08 17:30:00,1991.0,54.6,64.0,56.7,94.4,344.7,62.4,27.12,136.7,Normal,0,0,0,0,0,Normal operation
ISZ-003,2026-09-08 17:40:00,1712.0,65.0,93.6,77.9,84.3,344.9,59.8,27.38,99.1,Normal,0,0,0,0,0,Normal operation
ISZ-003,2026-09-08 17:50:00,1187.0,54.2,71.1,70.0,84.8,298.2,64.5,27.83,80.2,Normal,0,0,0,0,0,Normal operation
ISZ-003,2026-09-08 18:00:00,545.0,0,12.1,0.1,90.1,224.0,32.6,26.39,8,Normal,0,0,0,0,0,Normal operation
ISZ-003,2026-09-08 18:10:00,552.0,1.8,22.4,2.9,88.9,189.7,33.6,27.71,25.8,Normal,0,0,1,0,0,Normal operation
ISZ-003,2026-09-08 18:20:00,541.0,4.5,25.0,4.6,86.0,258.8,29.6,27.5,18.1,Normal,0,0,0,0,0,Normal operation
ISZ-003,2026-09-08 18:30:00,560.0,0.3,26.5,2.3,85.7,231.9,34.7,27.05,24.2,Normal,0,0,1,0,0,Normal operation
ISZ-003,2026-09-08 18:40:00,1219.0,68.6,55.2,35.3,87.4,269.5,72.2,27.08,126.5,Normal,0,0,0,0,0,Normal operation
ISZ-003,2026-09-08 18:50:00,2598.0,35.3,63.1,39.6,85.1,323.8,65.2,26.18,90.5,Normal,0,0,0,0,0,Normal operation
ISZ-003,2026-09-08 19:00:00,1272.0,29.5,73.9,28.4,103.8,325.3,62.7,27.67,122.0,Normal,1,0,0,0,1,Cooling system abnormal / overheating tendency
ISZ-003,2026-09-08 19:10:00,945.0,65.2,40.1,40.8,104.4,407.1,62.4,27.4,89.4,Normal,1,0,0,0,1,Cooling system abnormal / overheating tendency
ISZ-003,2026-09-08 19:20:00,1290.0,70.8,71.6,37.5,100.3,394.6,57.5,27.73,81.8,Normal,1,0,0,0,1,Cooling system abnormal / overheating tendency
ISZ-003,2026-09-08 19:30:00,1781.0,47.4,56.7,35.2,103.7,339.3,66.1,27.23,102.6,Normal,1,0,0,0,1,Cooling system abnormal / overheating tendency
ISZ-003,2026-09-08 19:40:00,1945.0,91.1,65.4,66.1,98.6,349.0,75.2,26.47,75.1,Normal,1,0,0,0,0,Cooling system abnormal / overheating tendency
ISZ-003,2026-09-08 19:50:00,2243.0,42.9,27.2,61.5,98.8,308.5,66.5,27.75,47.0,Normal,1,0,0,0,0,Cooling system abnormal / overheating tendency
ISZ-003,2026-09-08 20:00:00,1683.0,57.2,56.4,58.1,102.0,329.9,53.8,27.14,135.6,Normal,1,0,0,0,1,Cooling system abnormal / overheating tendency
ISZ-003,2026-09-08 20:10:00,1791.0,45.0,44.8,8.4,98.3,340.3,67.2,27.55,96.2,Normal,1,0,0,0,0,Cooling system abnormal / overheating tendency
ISZ-003,2026-09-08 20:20:00,1881.0,64.7,60.1,35.5,97.7,370.2,68.3,26.35,132.5,Normal,1,0,0,0,0,Cooling system abnormal / overheating tendency
ISZ-003,2026-09-08 20:30:00,1882.0,29.8,44.5,26.7,106.1,324.0,78.3,27.21,95.8,Normal,1,0,0,0,1,Cooling system abnormal / overheating tendency
ISZ-003,2026-09-08 20:40:00,1686.0,68.4,63.1,8,102.6,307.4,76.0,27.39,130.3,Normal,1,0,0,0,1,Cooling system abnormal / overheating tendency
ISZ-003,2026-09-08 20:50:00,1423.0,32.3,70.6,31.1,96.4,341.6,58.4,26.82,99.3,Normal,1,0,0,0,0,Cooling system abnormal / overheating tendency
ISZ-003,2026-09-08 21:00:00,1170.0,5,66.4,46.4,100.0,289.1,48.7,27.98,89.3,Normal,1,0,0,0,1,Cooling system abnormal / overheating tendency
ISZ-003,2026-09-08 21:10:00,1780.0,38.3,61.4,33.8,102.8,301.1,64.1,27.39,92.7,Normal,1,0,0,0,1,Cooling system abnormal / overheating tendency
ISZ-003,2026-09-08 21:20:00,1064.0,49.7,20,40.6,96.5,348.1,72.9,26.85,72.7,Normal,1,0,0,0,0,Cooling system abnormal / overheating tendency
ISZ-003,2026-09-08 21:30:00,902.0,57.8,66.8,24.2,98.6,333.6,75.3,26.5,20.3,Normal,1,0,0,0,0,Cooling system abnormal / overheating tendency
ISZ-003,2026-09-08 21:40:00,2298.0,41.8,48.7,41.2,97.0,340.4,69.2,26.46,91.6,Normal,1,0,0,0,0,Cooling system abnormal / overheating tendency
ISZ-003,2026-09-08 21:50:00,1341.0,55.1,38.7,36.3,100.6,337.7,56.8,27.63,63.7,Normal,1,0,0,0,1,Cooling system abnormal / overheating tendency
ISZ-003,2026-09-08 22:00:00,526.0,0,26.5,0,95.6,234.2,31.0,27.34,39.7,Normal,1,0,1,0,0,Cooling system abnormal / overheating tendency
ISZ-003,2026-09-08 22:10:00,530.0,0,11.0,6.4,103.3,250.4,23.4,27.06,80.5,Normal,1,0,0,1,1,Cooling system abnormal / overheating tendency
ISZ-003,2026-09-08 22:20:00,534.0,2.3,16.1,1.1,103.8,237.5,42.6,26.95,45.5,Normal,1,0,0,0,1,Cooling system abnormal / overheating tendency
ISZ-003,2026-09-08 22:30:00,533.0,0,16.9,0,98.5,239.0,23.0,27.14,8,Normal,1,0,0,1,0,Cooling system abnormal / overheating tendency
ISZ-003,2026-09-08 22:40:00,1592.0,59.4,43.2,47.6,102.2,276.9,64.7,27.82,93.5,Normal,1,0,0,0,1,Cooling system abnormal / overheating tendency
ISZ-003,2026-09-08 22:50:00,2312.0,42.4,42.6,48.5,101.2,345.8,83.6,27.23,90.0,Normal,1,0,0,0,1,Cooling system abnormal / overheating tendency
ISZ-003,2026-09-08 23:00:00,1458.0,43.3,49.3,36.6,101.3,383.9,63.3,26.99,75.5,Normal,1,0,0,0,1,Cooling system abnormal / overheating tendency
ISZ-003,2026-09-08 23:10:00,1011.0,42.5,52.0,25.8,98.8,290.5,71.4,26.57,100.3,Normal,1,0,0,0,0,Cooling system abnormal / overheating tendency
ISZ-003,2026-09-08 23:20:00,1053.0,29.5,54.6,76.5,96.7,356.5,58.6,26.81,102.9,Normal,1,0,0,0,0,Cooling system abnormal / overheating tendency
ISZ-003,2026-09-08 23:30:00,1134.0,65.7,70.0,57.1,100.7,303.3,64.4,27.07,137.8,Normal,1,0,0,0,1,Cooling system abnormal / overheating tendency
ISZ-003,2026-09-08 23:40:00,1241.0,64.0,70.3,50.6,105.0,335.0,76.9,26.92,103.9,Normal,1,0,0,0,1,Cooling system abnormal / overheating tendency
ISZ-003,2026-09-08 23:50:00,1763.0,67.6,95,100,98.0,334.7,59.2,27.79,85.1,Normal,1,0,0,0,0,Cooling system abnormal / overheating tendency
ISZ-003,2026-09-09 00:00:00,1323.0,63.7,86.2,29.9,99.6,366.4,71.8,27.63,76.5,Normal,1,0,0,0,0,Cooling system abnormal / overheating tendency
ISZ-003,2026-09-09 00:10:00,1450.0,65.4,36.5,33.5,90.9,347.6,74.5,26.59,123.0,Normal,1,0,0,0,0,Cooling system abnormal / overheating tendency
ISZ-003,2026-09-09 00:20:00,1952.0,8.0,68.5,38.4,111.3,329.3,58.7,28.02,83.8,Normal,1,0,0,0,1,Cooling system abnormal / overheating tendency
ISZ-003,2026-09-09 00:30:00,1689.0,56.0,50.7,40.2,96.9,384.1,50.3,26.52,176.1,Normal,1,0,0,0,0,Cooling system abnormal / overheating tendency
ISZ-003,2026-09-09 00:40:00,1168.0,12.3,57.9,57.5,99.2,325.8,58.7,26.93,95.0,Normal,1,0,0,0,0,Cooling system abnormal / overheating tendency
ISZ-003,2026-09-09 00:50:00,1761.0,78.0,67.6,15.2,113.2,347.4,75.7,26.6,96.5,Normal,1,0,0,0,1,Cooling system abnormal / overheating tendency
ISZ-003,2026-09-09 01:00:00,1331.0,44.1,46.8,98.5,96.2,310.6,45.0,27.09,82.8,Normal,1,0,0,0,0,Cooling system abnormal / overheating tendency
ISZ-003,2026-09-09 01:10:00,1550.0,61.6,42.2,13.2,103.8,328.1,60.4,27.52,98.2,Normal,1,0,0,0,1,Cooling system abnormal / overheating tendency
ISZ-003,2026-09-09 01:20:00,1565.0,32.3,42.3,68.6,102.8,319.4,76.2,27.71,114.0,Normal,1,0,0,0,1,Cooling system abnormal / overheating tendency
ISZ-003,2026-09-09 01:30:00,1361.0,64.3,64.2,45.9,94.3,342.2,75.3,26.76,90.6,Normal,1,0,0,0,0,Cooling system abnormal / overheating tendency
ISZ-003,2026-09-09 01:40:00,2301.0,58.1,50.3,29.5,103.7,350.9,77.6,28.11,110.1,Normal,1,0,0,0,1,Cooling system abnormal / overheating tendency
ISZ-003,2026-09-09 01:50:00,1170.0,44.6,48.5,48.1,100.9,318.6,69.5,26.8,102.3,Normal,1,0,0,0,1,Cooling system abnormal / overheating tendency
ISZ-004,2026-09-08 06:00:00,527.0,1.8,26.6,0.7,89.6,294.6,41.6,26.55,8,Normal,0,0,1,0,0,Normal operation
ISZ-004,2026-09-08 06:10:00,547.0,1.0,15.9,4.7,79.0,227.0,33.3,27.27,35.2,Normal,0,0,0,0,0,Normal operation
ISZ-004,2026-09-08 06:20:00,533.0,0,18.1,0.3,87.7,267.1,31.9,27.33,8.8,Normal,0,0,0,0,0,Normal operation
ISZ-004,2026-09-08 06:30:00,541.0,1.6,19.1,1.8,91.6,211.4,19.9,26.61,47.9,Normal,0,0,0,1,0,Normal operation
ISZ-004,2026-09-08 06:40:00,1311.0,40.2,62.8,73.1,84.6,336.2,61.5,26.31,129.5,Normal,0,0,0,0,0,Normal operation
ISZ-004,2026-09-08 06:50:00,1350.0,41.4,52.3,38.3,86.7,283.9,73.0,27.16,98.8,Normal,0,0,0,0,0,Normal operation
ISZ-004,2026-09-08 07:00:00,1883.0,64.1,42.3,26.9,86.7,298.8,55.9,28.0,115.1,Normal,0,0,0,0,0,Normal operation
ISZ-004,2026-09-08 07:10:00,1128.0,48.4,53.2,50.0,86.2,314.3,62.6,27.11,114.4,Normal,0,0,0,0,0,Normal operation
ISZ-004,2026-09-08 07:20:00,1735.0,34.0,48.5,28.5,83.7,291.8,63.1,27.08,99.9,Normal,0,0,0,0,0,Normal operation
ISZ-004,2026-09-08 07:30:00,2426.0,65.1,50.6,20.0,77.7,315.4,76.4,27.69,92.0,Normal,0,0,0,0,0,Normal operation
ISZ-004,2026-09-08 07:40:00,1133.0,95,54.6,39.7,92.0,307.2,73.7,26.32,89.3,Normal,0,0,0,0,0,Normal operation
ISZ-004,2026-09-08 07:50:00,1408.0,83.8,51.2,91.1,86.4,316.8,83.5,27.06,80.1,Normal,0,0,0,0,0,Normal operation
ISZ-004,2026-09-08 08:00:00,1625.0,49.9,84.6,43.9,84.9,243.7,56.1,27.53,135.6,Normal,0,0,0,0,0,Normal operation
ISZ-004,2026-09-08 08:10:00,996.0,57.6,69.6,34.7,89.6,309.2,57.6,26.84,62.6,Normal,0,0,0,0,0,Normal operation
ISZ-004,2026-09-08 08:20:00,1603.0,66.1,43.6,50.9,86.7,346.0,71.1,27.55,105.0,Normal,0,0,0,0,0,Normal operation
ISZ-004,2026-09-08 08:30:00,1068.0,31.8,62.3,42.9,89.1,346.4,57.4,27.25,80.0,Normal,0,0,0,0,0,Normal operation
ISZ-004,2026-09-08 08:40:00,1550.0,57.0,46.1,39.8,85.6,378.6,73.3,27.94,57.3,Normal,0,0,0,0,0,Normal operation
ISZ-004,2026-09-08 08:50:00,1848.0,70.7,82.1,61.2,86.7,356.8,69.2,26.6,82.9,Normal,0,0,0,0,0,Normal operation
ISZ-004,2026-09-08 09:00:00,1656.0,57.3,50.3,46.6,87.2,322.3,84.0,27.75,117.0,Normal,0,0,0,0,0,Normal operation
ISZ-004,2026-09-08 09:10:00,1603.0,30.2,57.6,69.1,90.3,323.1,61.0,27.59,127.4,Normal,0,0,0,0,0,Normal operation
ISZ-004,2026-09-08 09:20:00,1468.0,52.2,40.0,31.5,88.2,321.3,72.2,27.3,108.3,Normal,0,0,0,0,0,Normal operation
ISZ-004,2026-09-08 09:30:00,1543.0,32.9,62.7,35.9,91.6,340.7,71.2,27.31,118.7,Normal,0,0,0,0,0,Normal operation
ISZ-004,2026-09-08 09:40:00,1496.0,29.1,27.2,39.0,86.1,381.9,60.9,27.24,76.0,Normal,0,0,0,0,0,Normal operation
ISZ-004,2026-09-08 09:50:00,1730.0,49.8,68.8,42.1,85.3,309.5,65.6,27.79,94.2,Normal,0,0,0,0,0,Normal operation
ISZ-004,2026-09-08 10:00:00,552.0,0.5,20.8,1.6,88.1,275.3,42.5,27.9,46.0,Normal,0,0,1,0,0,Normal operation
ISZ-004,2026-09-08 10:10:00,553.0,1.1,22.2,6.7,87.5,268.7,23.6,27.08,57.8,Normal,0,0,1,1,0,Normal operation
ISZ-004,2026-09-08 10:20:00,535.0,2.7,26.3,2.9,86.6,252.7,34.2,27.15,24.6,Normal,0,0,0,0,0,Normal operation
ISZ-004,2026-09-08 10:30:00,534.0,1.1,19.2,3.2,84.1,198.5,33.5,27.64,79.0,Normal,0,0,0,0,0,Normal operation
ISZ-004,2026-09-08 10:40:00,1723.0,39.1,54.1,59.8,77.3,345.1,60.3,27.38,91.4,Normal,0,0,0,0,0,Normal operation
ISZ-004,2026-09-08 10:50:00,1202.0,46.5,20,49.9,81.9,318.2,63.6,27.13,81.7,Normal,0,0,0,0,0,Normal operation
ISZ-004,2026-09-08 11:00:00,1741.0,65.2,20.4,46.0,81.6,304.0,63.7,27.48,75.7,Normal,0,0,0,0,0,Normal operation
ISZ-004,2026-09-08 11:10:00,1764.0,53.2,46.3,48.9,85.8,354.7,73.4,26.94,116.3,Normal,0,0,0,0,0,Normal operation
ISZ-004,2026-09-08 11:20:00,1737.0,63.6,57.8,48.0,91.8,338.9,49.4,27.19,155.4,Normal,0,0,0,0,0,Normal operation
ISZ-004,2026-09-08 11:30:00,2001.0,55.8,63.1,38.5,89.3,301.5,51.5,27.41,45.0,Normal,0,0,0,0,0,Normal operation
ISZ-004,2026-09-08 11:40:00,1440.0,48.0,48.5,100.0,94.0,333.6,62.0,27.19,82.8,Normal,0,0,0,0,0,Normal operation
ISZ-004,2026-09-08 11:50:00,1527.0,75.1,59.2,40.1,83.3,337.7,69.5,27.22,82.7,Normal,0,0,0,0,0,Normal operation
ISZ-004,2026-09-08 12:00:00,1531.0,83.6,64.4,36.1,92.5,331.4,59.6,27.14,77.0,Normal,0,0,0,0,0,Normal operation
ISZ-004,2026-09-08 12:10:00,864.0,37.7,47.7,61.6,83.4,332.7,81.4,27.92,82.6,Normal,0,0,0,0,0,Normal operation
ISZ-004,2026-09-08 12:20:00,1923.0,43.7,79.1,96.3,91.1,365.6,58.5,27.05,145.3,Normal,0,0,0,0,0,Normal operation
ISZ-004,2026-09-08 12:30:00,1600.0,75.7,48.6,45.2,86.7,293.9,72.4,26.9,72.0,Normal,0,0,0,0,0,Normal operation
ISZ-004,2026-09-08 12:40:00,1520.0,88.3,51.9,27.2,89.4,342.4,60.3,27.47,104.5,Normal,0,0,0,0,0,Normal operation
ISZ-004,2026-09-08 12:50:00,2197.0,34.7,83.8,20.7,91.2,237.2,60.8,27.07,82.5,Normal,0,0,0,0,0,Normal operation
ISZ-004,2026-09-08 13:00:00,1313.0,39.6,73.5,61.7,84.7,346.9,56.7,27.34,116.8,Normal,0,0,0,0,0,Normal operation
ISZ-004,2026-09-08 13:10:00,1208.0,56.3,74.9,40.4,86.6,354.1,75.9,27.03,57.8,Normal,0,0,0,0,0,Normal operation
ISZ-004,2026-09-08 13:20:00,1434.0,51.4,33.5,27.7,86.5,324.5,71.8,26.8,73.8,Normal,0,0,0,0,0,Normal operation
ISZ-004,2026-09-08 13:30:00,800,37.0,77.7,47.2,90.1,390.4,75.6,27.41,76.0,Normal,0,0,0,0,0,Normal operation
ISZ-004,2026-09-08 13:40:00,1425.0,70.5,57.5,30.4,84.5,347.1,62.6,26.51,81.9,Normal,0,0,0,0,0,Normal operation
ISZ-004,2026-09-08 13:50:00,1659.0,74.6,70.1,8,86.2,323.4,65.2,26.77,70.3,Normal,0,0,0,0,0,Normal operation
ISZ-004,2026-09-08 14:00:00,532.0,1.3,13.4,0.2,88.0,208.0,28.1,26.72,18.9,Normal,0,0,0,0,0,Normal operation
ISZ-004,2026-09-08 14:10:00,534.0,0.2,28.5,3.3,82.5,282.2,41.1,27.16,21.6,Normal,0,0,0,0,0,Normal operation
ISZ-004,2026-09-08 14:20:00,529.0,2.0,17.1,0,83.3,266.2,27.6,27.07,36.5,Normal,0,0,1,0,0,Normal operation
ISZ-004,2026-09-08 14:30:00,555.0,0.7,17.6,0.4,83.7,217.4,32.2,27.44,59.8,Normal,0,0,1,0,0,Normal operation
ISZ-004,2026-09-08 14:40:00,1743.0,36.2,68.0,43.4,87.3,330.8,66.4,26.98,116.5,Normal,0,0,0,0,0,Normal operation
ISZ-004,2026-09-08 14:50:00,1213.0,28.5,67.1,25.6,91.2,301.6,51.8,27.19,122.6,Normal,0,0,0,0,0,Normal operation
ISZ-004,2026-09-08 15:00:00,1630.0,38.5,31.4,8,91.9,302.3,71.8,27.79,120.1,Normal,0,0,0,0,0,Normal operation
ISZ-004,2026-09-08 15:10:00,1228.0,24.7,86.5,8,87.4,291.9,58.0,27.13,83.6,Normal,0,0,0,0,0,Normal operation
ISZ-004,2026-09-08 15:20:00,1847.0,54.5,50.8,16.6,89.8,314.8,57.7,26.39,99.0,Normal,0,0,0,0,0,Normal operation
ISZ-004,2026-09-08 15:30:00,2406.0,63.3,58.1,21.6,85.9,330.5,75.8,27.3,101.4,Normal,0,0,0,0,0,Normal operation
ISZ-004,2026-09-08 15:40:00,2089.0,35.1,75.4,99.8,85.2,347.5,68.3,27.35,61.3,Normal,0,0,0,0,0,Normal operation
ISZ-004,2026-09-08 15:50:00,850.0,54.8,53.2,36.1,89.0,284.3,67.2,27.32,110.3,Normal,0,0,0,0,0,Normal operation
ISZ-004,2026-09-08 16:00:00,1897.0,51.8,76.5,29.4,88.6,291.5,60.1,26.87,94.2,Normal,0,0,0,0,0,Normal operation
ISZ-004,2026-09-08 16:10:00,1695.0,61.4,52.0,36.7,88.6,333.0,60.5,26.98,118.0,Normal,0,0,0,0,0,Normal operation
ISZ-004,2026-09-08 16:20:00,984.0,74.6,86.8,37.4,90.1,337.6,61.3,27.46,98.3,Normal,0,0,0,0,0,Normal operation
ISZ-004,2026-09-08 16:30:00,1525.0,36.3,44.1,38.3,90.6,389.2,61.1,27.0,121.2,Normal,0,0,0,0,0,Normal operation
ISZ-004,2026-09-08 16:40:00,1491.0,30.2,62.5,29.9,89.2,315.6,73.4,27.5,70.6,Normal,0,0,0,0,0,Normal operation
ISZ-004,2026-09-08 16:50:00,1267.0,56.2,79.4,47.9,84.8,346.6,55.4,27.71,104.8,Normal,0,0,0,0,0,Normal operation
ISZ-004,2026-09-08 17:00:00,2341.0,64.8,82.2,27.4,86.2,335.3,52.4,27.22,132.3,Normal,0,0,0,0,0,Normal operation
ISZ-004,2026-09-08 17:10:00,1219.0,54.3,34.8,52.9,90.8,295.2,73.0,27.73,110.0,Normal,0,0,0,0,0,Normal operation
ISZ-004,2026-09-08 17:20:00,1587.0,53.1,59.6,23.4,85.3,336.8,76.6,27.03,93.9,Normal,0,0,0,0,0,Normal operation
ISZ-004,2026-09-08 17:30:00,1302.0,12.0,45.9,48.9,87.6,336.8,62.9,27.62,83.9,Normal,0,0,0,0,0,Normal operation
ISZ-004,2026-09-08 17:40:00,800,82.9,74.4,52.8,92.0,330.4,63.5,27.56,74.2,Normal,0,0,0,0,0,Normal operation
ISZ-004,2026-09-08 17:50:00,1636.0,66.9,64.6,62.9,88.2,325.3,60.9,27.72,156.7,Normal,0,0,0,0,0,Normal operation
ISZ-004,2026-09-08 18:00:00,549.0,3.4,17.2,4.6,82.7,268.6,27.2,27.53,15.3,Normal,0,0,0,0,0,Normal operation
ISZ-004,2026-09-08 18:10:00,557.0,3.3,22.5,2.0,86.2,249.0,41.3,27.35,28.7,Normal,0,0,1,0,0,Normal operation
ISZ-004,2026-09-08 18:20:00,556.0,2.1,21.2,0,92.5,261.4,42.4,27.37,50.0,Normal,0,0,1,0,0,Normal operation
ISZ-004,2026-09-08 18:30:00,549.0,1.7,27.9,5.0,84.8,253.8,23.5,26.88,8,Normal,0,0,0,1,0,Normal operation
ISZ-004,2026-09-08 18:40:00,1519.0,58.8,76.6,37.0,79.6,341.3,54.5,27.21,61.5,Normal,0,0,0,0,0,Normal operation
ISZ-004,2026-09-08 18:50:00,2600,37.4,50.3,26.2,87.0,332.2,59.8,27.27,86.8,Normal,0,0,0,0,0,Normal operation
ISZ-004,2026-09-08 19:00:00,857.0,64.2,49.2,45.0,84.4,348.7,58.5,27.28,107.9,Normal,0,0,0,0,0,Normal operation
ISZ-004,2026-09-08 19:10:00,1641.0,43.1,67.0,29.3,86.7,341.6,64.0,27.4,95.6,Normal,0,0,0,0,0,Normal operation
ISZ-004,2026-09-08 19:20:00,1892.0,52.4,76.4,26.2,85.7,303.8,64.0,27.9,105.9,Normal,0,0,0,0,0,Normal operation
ISZ-004,2026-09-08 19:30:00,1821.0,52.9,51.4,52.3,83.2,369.0,59.7,27.74,105.2,Normal,0,0,0,0,0,Normal operation
ISZ-004,2026-09-08 19:40:00,1706.0,67.2,68.7,27.3,89.6,356.6,66.8,27.23,71.6,Normal,0,0,0,0,0,Normal operation
ISZ-004,2026-09-08 19:50:00,1656.0,36.3,77.3,31.7,84.7,373.5,63.1,27.35,67.4,Normal,0,0,0,0,0,Normal operation
ISZ-004,2026-09-08 20:00:00,1382.0,55.6,49.1,47.8,92.7,328.3,68.0,27.34,58.6,Normal,0,0,0,0,0,Normal operation
ISZ-004,2026-09-08 20:10:00,1392.0,27.0,67.2,47.7,93.1,276.9,64.2,26.53,93.6,Normal,0,0,0,0,0,Normal operation
ISZ-004,2026-09-08 20:20:00,1821.0,51.6,81.7,75.8,85.6,309.5,62.1,27.16,91.7,Normal,0,0,0,0,0,Normal operation
ISZ-004,2026-09-08 20:30:00,821.0,35.9,71.9,67.4,93.8,329.7,74.3,27.84,87.6,Normal,0,0,0,0,0,Normal operation
ISZ-004,2026-09-08 20:40:00,1638.0,51.8,69.7,44.4,85.5,350.2,57.0,27.71,138.3,Normal,0,0,0,0,0,Normal operation
ISZ-004,2026-09-08 20:50:00,1306.0,52.1,56.8,33.5,85.3,305.1,65.0,27.92,121.0,Normal,0,0,0,0,0,Normal operation
ISZ-004,2026-09-08 21:00:00,1297.0,64.2,58.1,19.4,92.0,347.7,73.1,26.92,98.6,Normal,0,0,0,0,0,Normal operation
ISZ-004,2026-09-08 21:10:00,2469.0,39.8,50.0,55.4,88.4,333.4,66.4,27.89,84.7,Normal,0,0,0,0,0,Normal operation
ISZ-004,2026-09-08 21:20:00,1731.0,53.9,61.1,41.1,92.2,324.6,57.2,27.65,103.2,Normal,0,0,0,0,0,Normal operation
ISZ-004,2026-09-08 21:30:00,1484.0,64.6,78.8,24.6,80.9,359.8,72.0,27.51,81.4,Normal,0,0,0,0,0,Normal operation
ISZ-004,2026-09-08 21:40:00,1480.0,41.2,79.3,63.5,89.9,371.2,70.5,26.93,110.8,Normal,0,0,0,0,0,Normal operation
ISZ-004,2026-09-08 21:50:00,1558.0,47.5,72.1,31.6,82.8,287.3,63.4,27.38,110.3,Normal,0,0,0,0,0,Normal operation
ISZ-004,2026-09-08 22:00:00,517.0,2.8,22.8,3.2,95.7,261.5,21.8,27.94,41.1,Normal,0,0,1,1,0,Normal operation
ISZ-004,2026-09-08 22:10:00,543.0,0.5,12.5,6.3,91.1,255.5,39.2,27.36,34.3,Normal,0,0,0,0,0,Normal operation
ISZ-004,2026-09-08 22:20:00,534.0,1.4,20.5,3.1,89.7,254.9,28.6,27.81,39.5,Normal,0,0,0,0,0,Normal operation
ISZ-004,2026-09-08 22:30:00,533.0,0.5,20.5,3.8,83.6,270.4,36.6,27.76,82.7,Normal,0,0,0,0,0,Normal operation
ISZ-004,2026-09-08 22:40:00,800,33.0,67.7,47.0,86.6,339.4,55.8,27.32,103.1,Normal,0,0,0,0,0,Normal operation
ISZ-004,2026-09-08 22:50:00,2173.0,38.2,62.9,37.3,85.0,352.0,64.1,27.3,119.6,Normal,0,0,0,0,0,Normal operation
ISZ-004,2026-09-08 23:00:00,1320.0,60.7,49.1,52.1,88.3,350.8,72.3,26.88,140.6,Normal,0,0,0,0,0,Normal operation
ISZ-004,2026-09-08 23:10:00,1700.0,62.2,81.1,34.4,85.6,344.0,74.4,27.0,57.7,Normal,0,0,0,0,0,Normal operation
ISZ-004,2026-09-08 23:20:00,1744.0,41.7,55.3,24.3,85.7,288.4,75.4,26.61,98.0,Normal,0,0,0,0,0,Normal operation
ISZ-004,2026-09-08 23:30:00,2003.0,52.1,63.1,58.7,91.1,310.0,58.9,27.37,78.5,Normal,0,0,0,0,0,Normal operation
ISZ-004,2026-09-08 23:40:00,1524.0,75.8,20,48.8,82.9,382.9,59.7,26.68,87.9,Normal,0,0,0,0,0,Normal operation
ISZ-004,2026-09-08 23:50:00,1213.0,51.9,59.1,63.8,83.6,318.6,71.9,26.92,128.4,Normal,0,0,0,0,0,Normal operation
ISZ-004,2026-09-09 00:00:00,1665.0,46.1,93.4,36.2,92.2,364.4,60.1,26.67,117.3,Normal,0,0,0,0,0,Normal operation
ISZ-004,2026-09-09 00:10:00,1738.0,29.1,58.8,52.2,77.0,315.0,68.8,27.41,52.3,Normal,0,0,0,0,0,Normal operation
ISZ-004,2026-09-09 00:20:00,1655.0,34.7,76.1,35.1,86.4,322.4,67.5,27.94,111.8,Normal,0,0,0,0,0,Normal operation
ISZ-004,2026-09-09 00:30:00,1422.0,40.4,62.0,37.2,97.5,305.8,57.5,26.89,111.3,Normal,0,0,0,0,0,Normal operation
ISZ-004,2026-09-09 00:40:00,1669.0,51.7,40.5,61.2,91.3,392.9,68.1,27.92,114.6,Normal,0,0,0,0,0,Normal operation
ISZ-004,2026-09-09 00:50:00,2046.0,41.2,61.8,21.7,90.9,328.4,51.1,27.63,106.9,Normal,0,0,0,0,0,Normal operation
ISZ-004,2026-09-09 01:00:00,1557.0,33.9,24.6,40.7,82.2,351.4,68.5,27.22,91.2,Normal,0,0,0,0,0,Normal operation
ISZ-004,2026-09-09 01:10:00,1539.0,41.0,57.8,48.7,88.4,340.9,55.9,27.48,59.0,Normal,0,0,0,0,0,Normal operation
ISZ-004,2026-09-09 01:20:00,1543.0,54.8,61.2,42.7,92.3,379.8,62.3,27.33,129.8,Normal,0,0,0,0,0,Normal operation
ISZ-004,2026-09-09 01:30:00,1595.0,66.4,63.3,38.9,76.8,333.1,77.3,28.19,90.8,Normal,0,0,0,0,0,Normal operation
ISZ-004,2026-09-09 01:40:00,1699.0,50.1,53.6,51.3,83.6,350.6,64.8,27.71,96.9,Normal,0,0,0,0,0,Normal operation
ISZ-004,2026-09-09 01:50:00,1647.0,43.9,83.8,41.4,91.8,349.4,69.0,27.35,166.9,Normal,0,0,0,0,0,Normal operation
ISZ-005,2026-09-08 06:00:00,548.0,2.9,11.8,2.5,89.6,245.0,23.6,26.62,8,Normal,0,0,0,1,0,Normal operation
ISZ-005,2026-09-08 06:10:00,546.0,0,5,7.3,86.2,241.5,38.1,27.19,14.4,Normal,0,0,0,0,0,Normal operation
ISZ-005,2026-09-08 06:20:00,541.0,2.2,11.6,3.6,88.8,259.9,33.5,26.88,17.3,Normal,0,0,0,0,0,Normal operation
ISZ-005,2026-09-08 06:30:00,534.0,2.3,13.3,4.8,85.1,252.4,29.1,27.49,20.9,Normal,0,0,0,0,0,Normal operation
ISZ-005,2026-09-08 06:40:00,1078.0,57.9,89.9,26.2,91.5,362.1,63.4,26.7,69.9,Normal,0,0,0,0,0,Normal operation
ISZ-005,2026-09-08 06:50:00,2218.0,7.9,41.7,38.4,81.9,326.7,58.5,27.2,158.2,Normal,0,0,0,0,0,Normal operation
ISZ-005,2026-09-08 07:00:00,1751.0,36.2,46.6,26.0,87.5,325.5,50.9,27.6,108.4,Normal,0,0,0,0,0,Normal operation
ISZ-005,2026-09-08 07:10:00,2213.0,44.4,38.3,42.8,90.0,328.0,69.2,26.81,84.5,Normal,0,0,0,0,0,Normal operation
ISZ-005,2026-09-08 07:20:00,1382.0,69.8,64.4,42.2,86.3,355.0,62.3,27.41,106.7,Normal,0,0,0,0,0,Normal operation
ISZ-005,2026-09-08 07:30:00,1192.0,64.2,95,53.7,84.1,331.4,67.7,27.26,98.3,Normal,0,0,0,0,0,Normal operation
ISZ-005,2026-09-08 07:40:00,1467.0,34.5,68.6,56.9,88.6,326.2,65.0,27.2,79.9,Normal,0,0,0,0,0,Normal operation
ISZ-005,2026-09-08 07:50:00,1763.0,61.5,95,47.0,88.3,339.8,52.3,27.19,73.7,Normal,0,0,0,0,0,Normal operation
ISZ-005,2026-09-08 08:00:00,1852.0,15.0,87.1,44.1,81.3,341.5,55.6,28.14,108.2,Normal,0,0,0,0,0,Normal operation
ISZ-005,2026-09-08 08:10:00,1480.0,64.0,63.0,45.6,89.0,340.5,70.1,27.85,106.3,Normal,0,0,0,0,0,Normal operation
ISZ-005,2026-09-08 08:20:00,1442.0,81.5,49.2,27.6,85.0,311.4,55.6,27.25,60.6,Normal,0,0,0,0,0,Normal operation
ISZ-005,2026-09-08 08:30:00,1331.0,54.6,46.9,22.0,88.0,353.8,66.1,27.36,84.0,Normal,0,0,0,0,0,Normal operation
ISZ-005,2026-09-08 08:40:00,1733.0,68.2,65.6,55.4,86.9,331.4,64.1,27.08,132.6,Normal,0,0,0,0,0,Normal operation
ISZ-005,2026-09-08 08:50:00,1286.0,51.7,33.8,59.4,80.9,378.2,60.8,27.28,131.8,Normal,0,0,0,0,0,Normal operation
ISZ-005,2026-09-08 09:00:00,1487.0,24.5,54.1,21.9,88.0,324.4,60.5,26.72,81.2,Normal,0,0,0,0,0,Normal operation
ISZ-005,2026-09-08 09:10:00,1740.0,56.8,50.4,52.6,84.2,304.1,60.4,26.92,119.1,Normal,0,0,0,0,0,Normal operation
ISZ-005,2026-09-08 09:20:00,800,45.8,71.0,29.2,82.3,379.5,70.5,26.83,105.5,Normal,0,0,0,0,0,Normal operation
ISZ-005,2026-09-08 09:30:00,1649.0,84.1,29.7,34.4,82.7,286.3,68.5,27.63,74.3,Normal,0,0,0,0,0,Normal operation
ISZ-005,2026-09-08 09:40:00,1831.0,41.0,44.8,53.7,89.5,407.6,68.2,27.82,113.4,Normal,0,0,0,0,0,Normal operation
ISZ-005,2026-09-08 09:50:00,800,36.3,28.4,92.7,85.6,326.4,84.0,27.26,93.7,Normal,0,0,0,0,0,Normal operation
ISZ-005,2026-09-08 10:00:00,541.0,0,14.7,5.7,88.2,240.6,39.8,27.37,71.5,Normal,0,0,0,0,0,Normal operation
ISZ-005,2026-09-08 10:10:00,542.0,1.6,19.7,0.8,84.3,282.6,48.5,27.67,33.0,Normal,0,0,0,0,0,Normal operation
ISZ-005,2026-09-08 10:20:00,554.0,2.1,21.0,2.8,91.0,240.0,24.8,26.65,25.1,Normal,0,0,1,1,0,Normal operation
ISZ-005,2026-09-08 10:30:00,540.0,0,16.5,1.3,83.7,224.6,20.4,26.66,10.6,Normal,0,0,0,1,0,Normal operation
ISZ-005,2026-09-08 10:40:00,2378.0,44.1,52.2,40.4,84.8,376.3,52.4,27.83,75.0,Normal,0,0,0,0,0,Normal operation
ISZ-005,2026-09-08 10:50:00,1813.0,22.1,48.8,18.8,87.4,332.9,57.9,27.77,98.7,Normal,0,0,0,0,0,Normal operation
ISZ-005,2026-09-08 11:00:00,1105.0,62.8,93.9,59.3,84.3,366.9,78.1,27.04,64.4,Normal,0,0,0,0,0,Normal operation
ISZ-005,2026-09-08 11:10:00,1203.0,79.4,64.9,72.9,88.3,352.4,53.2,27.99,113.9,Normal,0,0,0,0,0,Normal operation
ISZ-005,2026-09-08 11:20:00,811.0,42.4,50.3,41.3,83.7,333.4,67.9,27.44,47.6,Normal,0,0,0,0,0,Normal operation
ISZ-005,2026-09-08 11:30:00,1323.0,36.3,51.0,43.9,88.2,388.2,61.4,27.76,74.6,Normal,0,0,0,0,0,Normal operation
ISZ-005,2026-09-08 11:40:00,1449.0,28.4,25.2,36.4,86.6,328.4,69.1,26.67,111.9,Normal,0,0,0,0,0,Normal operation
ISZ-005,2026-09-08 11:50:00,1860.0,52.9,60.3,32.8,92.4,335.8,55.3,27.77,138.4,Normal,0,0,0,0,0,Normal operation
ISZ-005,2026-09-08 12:00:00,1980.0,62.9,83.9,24.4,77.7,300.4,66.5,27.58,91.7,Normal,0,0,0,0,0,Normal operation
ISZ-005,2026-09-08 12:10:00,1872.0,60.7,67.7,55.9,83.7,349.2,63.1,26.85,84.2,Normal,0,0,0,0,0,Normal operation
ISZ-005,2026-09-08 12:20:00,1876.0,44.6,78.7,55.8,90.6,321.4,57.7,27.35,98.4,Normal,0,0,0,0,0,Normal operation
ISZ-005,2026-09-08 12:30:00,1708.0,65.3,63.5,48.9,90.5,343.0,72.4,27.3,122.5,Normal,0,0,0,0,0,Normal operation
ISZ-005,2026-09-08 12:40:00,1450.0,58.4,85.8,42.7,86.3,369.4,52.2,27.77,88.2,Normal,0,0,0,0,0,Normal operation
ISZ-005,2026-09-08 12:50:00,1911.0,76.2,53.7,28.0,86.3,302.2,70.6,27.68,66.5,Normal,0,0,0,0,0,Normal operation
ISZ-005,2026-09-08 13:00:00,2048.0,63.5,33.5,11.0,81.0,288.8,57.1,27.01,75.2,Normal,0,0,0,0,0,Normal operation
ISZ-005,2026-09-08 13:10:00,1686.0,46.9,28.4,16.9,86.8,325.6,65.4,26.52,97.9,Normal,0,0,0,0,0,Normal operation
ISZ-005,2026-09-08 13:20:00,1339.0,42.5,80.6,8,89.3,341.9,65.6,26.43,87.6,Normal,0,0,0,0,0,Normal operation
ISZ-005,2026-09-08 13:30:00,1285.0,44.2,61.0,26.5,94.3,301.6,75.1,27.52,98.4,Normal,0,0,0,0,0,Normal operation
ISZ-005,2026-09-08 13:40:00,984.0,63.8,64.2,41.3,86.0,353.0,66.1,27.0,117.8,Normal,0,0,0,0,0,Normal operation
ISZ-005,2026-09-08 13:50:00,1963.0,40.9,64.1,93.5,88.1,346.9,59.2,27.51,126.0,Normal,0,0,0,0,0,Normal operation
ISZ-005,2026-09-08 14:00:00,541.0,2.0,9.9,3.1,87.1,266.3,17.8,26.77,8,Normal,0,0,0,1,0,Normal operation
ISZ-005,2026-09-08 14:10:00,539.0,0,23.8,2.8,86.5,253.8,33.5,27.55,77.5,Normal,0,0,0,0,0,Normal operation
ISZ-005,2026-09-08 14:20:00,550.0,0,13.8,3.0,87.9,260.5,29.0,27.04,51.9,Normal,0,0,1,0,0,Normal operation
ISZ-005,2026-09-08 14:30:00,544.0,2.3,22.4,0,83.9,226.0,38.0,27.52,52.1,Normal,0,0,0,0,0,Normal operation
ISZ-005,2026-09-08 14:40:00,2340.0,32.6,41.7,62.3,93.4,367.1,64.3,27.35,164.2,Normal,0,0,0,0,0,Normal operation
ISZ-005,2026-09-08 14:50:00,1656.0,48.5,70.1,36.8,89.4,304.7,69.5,26.98,86.4,Normal,0,0,0,0,0,Normal operation
ISZ-005,2026-09-08 15:00:00,1006.0,51.4,83.4,49.8,87.0,357.5,72.5,27.36,83.0,Normal,0,0,0,0,0,Normal operation
ISZ-005,2026-09-08 15:10:00,1463.0,59.0,52.1,44.3,80.9,320.0,64.9,26.82,90.9,Normal,0,0,0,0,0,Normal operation
ISZ-005,2026-09-08 15:20:00,1802.0,60.7,46.3,27.5,85.4,313.8,61.7,27.51,101.4,Normal,0,0,0,0,0,Normal operation
ISZ-005,2026-09-08 15:30:00,1432.0,70.7,51.7,43.5,86.6,294.7,73.3,27.37,100.0,Normal,0,0,0,0,0,Normal operation
ISZ-005,2026-09-08 15:40:00,896.0,39.4,32.6,57.3,91.2,402.5,80.1,27.47,90.3,Normal,0,0,0,0,0,Normal operation
ISZ-005,2026-09-08 15:50:00,1873.0,65.4,55.9,34.6,81.3,312.5,50.9,27.43,89.8,Normal,0,0,0,0,0,Normal operation
ISZ-005,2026-09-08 16:00:00,1694.0,32.3,29.2,8,84.6,363.3,71.9,27.13,97.8,Normal,0,0,0,0,0,Normal operation
ISZ-005,2026-09-08 16:10:00,1631.0,55.4,60.1,73.2,86.7,301.3,61.1,26.46,67.4,Normal,0,0,0,0,0,Normal operation
ISZ-005,2026-09-08 16:20:00,1562.0,31.9,56.3,34.5,94.2,310.6,60.3,27.08,97.3,Normal,0,0,0,0,0,Normal operation
ISZ-005,2026-09-08 16:30:00,1181.0,48.5,63.9,62.7,90.2,305.2,64.4,27.29,76.2,Normal,0,0,0,0,0,Normal operation
ISZ-005,2026-09-08 16:40:00,1478.0,62.3,45.3,72.7,88.0,368.7,72.5,27.23,148.1,Normal,0,0,0,0,0,Normal operation
ISZ-005,2026-09-08 16:50:00,1402.0,67.1,48.0,36.4,90.0,358.1,63.5,27.35,65.0,Normal,0,0,0,0,0,Normal operation
ISZ-005,2026-09-08 17:00:00,1691.0,51.2,30.6,25.5,86.8,321.5,66.3,27.86,100.4,Normal,0,0,0,0,0,Normal operation
ISZ-005,2026-09-08 17:10:00,1595.0,74.2,57.0,30.0,85.2,326.1,55.7,27.01,117.5,Normal,0,0,0,0,0,Normal operation
ISZ-005,2026-09-08 17:20:00,1809.0,43.8,60.6,55.4,94.4,313.6,57.5,27.17,66.8,Normal,0,0,0,0,0,Normal operation
ISZ-005,2026-09-08 17:30:00,1736.0,63.0,37.7,49.0,83.9,316.6,67.4,27.08,130.3,Normal,0,0,0,0,0,Normal operation
ISZ-005,2026-09-08 17:40:00,1483.0,27.7,58.8,29.5,85.3,341.0,62.0,27.34,121.8,Normal,0,0,0,0,0,Normal operation
ISZ-005,2026-09-08 17:50:00,1149.0,59.1,53.0,56.1,81.9,341.4,61.7,27.4,112.7,Normal,0,0,0,0,0,Normal operation
ISZ-005,2026-09-08 18:00:00,557.0,0.5,16.5,1.9,82.3,239.4,46.1,27.41,61.6,Normal,0,0,1,0,0,Normal operation
ISZ-005,2026-09-08 18:10:00,535.0,0,21.9,3.2,90.5,251.9,44.6,27.89,8,Normal,0,0,0,0,0,Normal operation
ISZ-005,2026-09-08 18:20:00,536.0,1.1,13.1,0.5,87.4,180.4,26.2,27.31,8,Normal,0,0,0,0,0,Normal operation
ISZ-005,2026-09-08 18:30:00,546.0,2.8,23.2,2.0,88.6,206.1,33.4,27.93,24.8,Normal,0,0,0,0,0,Normal operation
ISZ-005,2026-09-08 18:40:00,1309.0,50.3,67.8,40.7,87.4,353.3,64.6,27.92,116.9,Normal,0,0,0,0,0,Normal operation
ISZ-005,2026-09-08 18:50:00,1753.0,66.1,31.9,77.5,92.2,359.1,63.6,26.88,118.0,Normal,0,0,0,0,0,Normal operation
ISZ-005,2026-09-08 19:00:00,1748.0,47.3,49.9,71.2,88.5,356.8,69.5,27.89,75.9,Normal,0,0,0,0,0,Normal operation
ISZ-005,2026-09-08 19:10:00,1543.0,66.8,47.7,44.8,84.5,345.5,50.0,27.27,108.9,Normal,0,0,0,0,0,Normal operation
ISZ-005,2026-09-08 19:20:00,1114.0,56.7,30.7,57.4,89.8,274.8,62.5,26.99,159.3,Normal,0,0,0,0,0,Normal operation
ISZ-005,2026-09-08 19:30:00,1718.0,70.2,72.0,76.9,90.2,339.8,81.5,26.57,34.4,Normal,0,0,0,0,0,Normal operation
ISZ-005,2026-09-08 19:40:00,1987.0,64.7,45.4,38.6,82.8,401.6,59.0,26.78,102.0,Normal,0,0,0,0,0,Normal operation
ISZ-005,2026-09-08 19:50:00,1628.0,62.1,70.0,73.4,87.4,283.0,53.2,28.55,77.1,Normal,0,0,0,0,0,Normal operation
ISZ-005,2026-09-08 20:00:00,2143.0,62.2,86.4,20.1,84.0,338.1,58.3,26.86,87.2,Normal,0,0,0,0,0,Normal operation
ISZ-005,2026-09-08 20:10:00,1360.0,77.0,78.3,48.3,85.0,417.2,54.8,26.89,118.1,Normal,0,0,0,0,0,Normal operation
ISZ-005,2026-09-08 20:20:00,2390.0,58.4,87.2,54.1,81.3,338.4,64.2,27.91,89.3,Normal,0,0,0,0,0,Normal operation
ISZ-005,2026-09-08 20:30:00,1374.0,71.1,20,43.1,86.6,320.8,80.2,27.67,166.1,Normal,0,0,0,0,0,Normal operation
ISZ-005,2026-09-08 20:40:00,1553.0,48.1,62.8,51.6,96.1,299.2,69.3,27.39,128.5,Normal,0,0,0,0,0,Normal operation
ISZ-005,2026-09-08 20:50:00,1543.0,50.0,83.0,29.9,88.3,314.4,43.8,27.15,81.4,Normal,0,0,0,0,0,Normal operation
ISZ-005,2026-09-08 21:00:00,1817.0,51.5,65.6,69.8,88.7,334.6,60.7,26.74,111.7,Normal,0,0,0,0,0,Normal operation
ISZ-005,2026-09-08 21:10:00,2563.0,53.4,69.0,31.8,84.4,311.7,58.2,27.06,135.8,Normal,0,0,0,0,0,Normal operation
ISZ-005,2026-09-08 21:20:00,2113.0,32.2,54.0,34.0,90.2,329.8,69.9,27.18,58.7,Normal,0,0,0,0,0,Normal operation
ISZ-005,2026-09-08 21:30:00,1510.0,29.1,72.7,54.2,86.9,313.8,68.6,28.25,118.0,Normal,0,0,0,0,0,Normal operation
ISZ-005,2026-09-08 21:40:00,1581.0,84.5,53.5,63.3,86.8,384.2,71.1,27.94,113.5,Normal,0,0,0,0,0,Normal operation
ISZ-005,2026-09-08 21:50:00,2223.0,65.4,51.6,46.7,83.6,324.2,65.0,26.92,53.4,Normal,0,0,0,0,0,Normal operation
ISZ-005,2026-09-08 22:00:00,538.0,5.9,23.8,0.2,84.0,299.4,41.3,27.32,117.9,Normal,0,0,0,0,0,Normal operation
ISZ-005,2026-09-08 22:10:00,537.0,4.1,12.8,3.7,82.1,262.3,34.3,27.54,67.9,Normal,0,0,0,0,0,Normal operation
ISZ-005,2026-09-08 22:20:00,529.0,1.4,17.9,3.3,84.7,226.7,33.9,27.01,53.5,Normal,0,0,1,0,0,Normal operation
ISZ-005,2026-09-08 22:30:00,524.0,2.6,25.1,2.6,85.4,242.8,35.2,27.47,47.9,Normal,0,0,1,0,0,Normal operation
ISZ-005,2026-09-08 22:40:00,2027.0,47.1,55.2,67.2,87.6,321.5,68.4,27.58,97.1,Normal,0,0,0,0,0,Normal operation
ISZ-005,2026-09-08 22:50:00,1109.0,56.0,47.7,12.0,88.1,325.5,59.0,26.94,103.9,Normal,0,0,0,0,0,Normal operation
ISZ-005,2026-09-08 23:00:00,2146.0,23.7,65.9,49.1,85.5,327.4,69.3,27.62,120.3,Normal,0,0,0,0,0,Normal operation
ISZ-005,2026-09-08 23:10:00,955.0,62.8,37.8,21.8,86.9,341.4,74.9,27.58,61.7,Normal,0,0,0,0,0,Normal operation
ISZ-005,2026-09-08 23:20:00,1346.0,63.4,80.8,53.9,88.0,328.3,71.6,27.22,120.3,Normal,0,0,0,0,0,Normal operation
ISZ-005,2026-09-08 23:30:00,800,58.1,33.4,32.7,87.9,343.9,70.5,26.72,106.1,Normal,0,0,0,0,0,Normal operation
ISZ-005,2026-09-08 23:40:00,909.0,69.5,58.3,8,91.5,353.6,72.6,26.88,72.2,Normal,0,0,0,0,0,Normal operation
ISZ-005,2026-09-08 23:50:00,1469.0,55.2,55.5,35.1,83.2,294.3,57.7,27.7,92.9,Normal,0,0,0,0,0,Normal operation
ISZ-005,2026-09-09 00:00:00,1646.0,55.2,80.0,67.1,92.4,277.8,69.0,26.82,98.4,Normal,0,0,0,0,0,Normal operation
ISZ-005,2026-09-09 00:10:00,2166.0,76.8,55.9,52.2,85.7,331.4,63.5,27.28,132.7,Normal,0,0,0,0,0,Normal operation
ISZ-005,2026-09-09 00:20:00,1362.0,54.7,57.7,61.0,90.3,342.6,70.9,27.41,86.1,Normal,0,0,0,0,0,Normal operation
ISZ-005,2026-09-09 00:30:00,1743.0,61.2,42.9,28.5,88.9,278.8,65.2,27.06,92.0,Normal,0,0,0,0,0,Normal operation
ISZ-005,2026-09-09 00:40:00,1571.0,45.4,26.6,26.3,91.3,316.3,66.0,27.27,102.7,Normal,0,0,0,0,0,Normal operation
ISZ-005,2026-09-09 00:50:00,1510.0,44.9,37.0,61.9,89.6,351.7,59.6,27.59,104.0,Normal,0,0,0,0,0,Normal operation
ISZ-005,2026-09-09 01:00:00,853.0,63.9,55.2,13.1,93.5,308.9,67.4,27.13,87.6,Normal,0,0,0,0,0,Normal operation
ISZ-005,2026-09-09 01:10:00,1523.0,95,55.4,48.4,88.9,318.8,63.7,27.29,123.3,Normal,0,0,0,0,0,Normal operation
ISZ-005,2026-09-09 01:20:00,2048.0,76.1,40.9,49.0,92.3,358.3,65.7,28.1,86.7,Normal,0,0,0,0,0,Normal operation
ISZ-005,2026-09-09 01:30:00,2146.0,30.3,80.2,46.8,91.7,369.3,58.4,27.31,96.2,Normal,0,0,0,0,0,Normal operation
ISZ-005,2026-09-09 01:40:00,1872.0,44.5,36.2,48.1,93.9,309.3,48.0,26.9,78.8,Normal,0,0,0,0,0,Normal operation
ISZ-005,2026-09-09 01:50:00,1125.0,63.2,74.9,15.0,91.9,336.2,64.9,26.61,102.5,Normal,0,0,0,0,0,Normal operation
ISZ-006,2026-09-08 06:00:00,530.0,1.5,20.3,3.5,84.3,195.5,41.1,27.4,37.0,Normal,0,0,0,0,0,Normal operation
ISZ-006,2026-09-08 06:10:00,543.0,1.9,23.2,0.8,83.9,236.4,31.0,27.1,15.3,Normal,0,0,0,0,0,Normal operation
ISZ-006,2026-09-08 06:20:00,537.0,0.5,21.8,0.5,84.8,261.6,23.2,26.85,33.4,Normal,0,0,0,1,0,Normal operation
ISZ-006,2026-09-08 06:30:00,539.0,3.2,14.3,4.9,93.4,224.6,28.1,28.19,8,Normal,0,0,0,0,0,Normal operation
ISZ-006,2026-09-08 06:40:00,1545.0,52.6,28.8,27.9,87.6,320.3,62.3,26.95,116.1,Normal,0,0,0,0,0,Normal operation
ISZ-006,2026-09-08 06:50:00,1661.0,81.8,60.4,27.9,82.3,409.4,59.6,26.67,91.6,Normal,0,0,0,0,0,Normal operation
ISZ-006,2026-09-08 07:00:00,1629.0,53.3,34.8,47.1,84.3,344.1,68.0,27.02,92.6,Normal,0,0,0,0,0,Normal operation
ISZ-006,2026-09-08 07:10:00,1639.0,45.3,54.2,14.2,86.8,295.1,62.2,27.8,90.4,Normal,0,0,0,0,0,Normal operation
ISZ-006,2026-09-08 07:20:00,1536.0,39.6,43.7,15.3,97.3,377.6,56.5,27.54,126.7,Normal,0,0,0,0,0,Normal operation
ISZ-006,2026-09-08 07:30:00,2600,73.8,85.9,11.0,85.1,299.2,63.1,27.64,112.9,Normal,0,0,0,0,0,Normal operation
ISZ-006,2026-09-08 07:40:00,1665.0,56.7,41.8,47.0,84.0,372.2,47.0,26.71,47.2,Normal,0,0,0,0,0,Normal operation
ISZ-006,2026-09-08 07:50:00,1922.0,66.0,31.4,48.1,86.4,353.3,64.9,27.33,69.2,Normal,0,0,0,0,0,Normal operation
ISZ-006,2026-09-08 08:00:00,1634.0,51.2,61.4,36.4,84.0,330.8,46.7,27.05,99.4,Normal,0,0,0,0,0,Normal operation
ISZ-006,2026-09-08 08:10:00,1512.0,72.6,43.1,53.3,86.5,379.2,56.2,27.52,60.3,Normal,0,0,0,0,0,Normal operation
ISZ-006,2026-09-08 08:20:00,800,44.7,78.6,42.5,87.5,364.8,70.0,27.3,107.3,Normal,0,0,0,0,0,Normal operation
ISZ-006,2026-09-08 08:30:00,1232.0,45.0,20,31.0,88.1,332.9,62.2,26.89,107.2,Normal,0,0,0,0,0,Normal operation
ISZ-006,2026-09-08 08:40:00,1079.0,28.6,68.9,43.3,90.2,285.2,67.5,26.43,87.3,Normal,0,0,0,0,0,Normal operation
ISZ-006,2026-09-08 08:50:00,1482.0,56.6,84.1,34.6,96.8,328.0,64.4,27.18,138.0,Normal,0,0,0,0,0,Normal operation
ISZ-006,2026-09-08 09:00:00,1566.0,72.3,69.1,44.7,90.2,333.7,71.1,26.71,102.8,Normal,0,0,0,0,0,Normal operation
ISZ-006,2026-09-08 09:10:00,2189.0,47.1,86.2,57.7,92.2,303.1,59.1,27.19,125.2,Normal,0,0,0,0,0,Normal operation
ISZ-006,2026-09-08 09:20:00,1743.0,38.6,32.9,22.9,90.3,335.6,57.8,26.92,123.0,Normal,0,0,0,0,0,Normal operation
ISZ-006,2026-09-08 09:30:00,1938.0,43.3,75.7,42.8,94.8,298.5,70.7,28.06,91.1,Normal,0,0,0,0,0,Normal operation
ISZ-006,2026-09-08 09:40:00,1555.0,32.1,66.9,33.2,94.2,326.1,67.4,26.94,86.3,Normal,0,0,0,0,0,Normal operation
ISZ-006,2026-09-08 09:50:00,1656.0,78.7,64.9,67.9,84.9,346.8,55.9,26.89,87.0,Normal,0,0,0,0,0,Normal operation
ISZ-006,2026-09-08 10:00:00,546.0,3.5,18.0,2.0,89.7,298.7,31.8,27.63,12.9,Normal,0,0,0,0,0,Normal operation
ISZ-006,2026-09-08 10:10:00,520.0,2.6,16.9,3.1,81.6,263.5,30.6,27.48,38.6,Normal,0,0,1,0,0,Normal operation
ISZ-006,2026-09-08 10:20:00,550.0,1.5,17.4,4.1,87.3,295.1,39.5,26.73,70.8,Normal,0,0,1,0,0,Normal operation
ISZ-006,2026-09-08 10:30:00,534.0,4.0,6.7,4.4,89.0,243.5,39.7,27.21,34.7,Normal,0,0,0,0,0,Normal operation
ISZ-006,2026-09-08 10:40:00,1372.0,91.4,66.1,31.1,90.0,349.9,54.2,27.35,118.9,Normal,0,0,0,0,0,Normal operation
ISZ-006,2026-09-08 10:50:00,1900.0,45.7,45.1,53.8,93.0,313.9,70.0,28.1,77.0,Normal,0,0,0,0,0,Normal operation
ISZ-006,2026-09-08 11:00:00,1782.0,85.2,82.4,58.0,85.5,320.9,64.3,27.44,78.6,Normal,0,0,0,0,0,Normal operation
ISZ-006,2026-09-08 11:10:00,2023.0,75.6,44.1,26.5,86.1,313.0,76.1,27.67,68.5,Normal,0,0,0,0,0,Normal operation
ISZ-006,2026-09-08 11:20:00,1470.0,55.1,69.2,24.3,87.5,294.8,68.8,26.99,78.2,Normal,0,0,0,0,0,Normal operation
ISZ-006,2026-09-08 11:30:00,1176.0,68.7,83.1,45.5,85.4,332.6,76.5,26.85,70.6,Normal,0,0,0,0,0,Normal operation
ISZ-006,2026-09-08 11:40:00,1766.0,66.5,82.0,25.7,85.2,314.5,72.5,26.47,83.8,Normal,0,0,0,0,0,Normal operation
ISZ-006,2026-09-08 11:50:00,1070.0,22.9,64.7,59.0,87.8,315.8,71.8,27.26,152.6,Normal,0,0,0,0,0,Normal operation
ISZ-006,2026-09-08 12:00:00,1413.0,54.4,23.5,52.2,93.4,344.3,60.4,27.05,39.7,Normal,0,0,0,0,0,Normal operation
ISZ-006,2026-09-08 12:10:00,1480.0,72.3,61.0,31.4,90.2,315.7,64.8,26.47,86.7,Normal,0,0,0,0,0,Normal operation
ISZ-006,2026-09-08 12:20:00,1294.0,93.3,32.6,52.5,86.4,312.9,63.5,27.35,105.5,Normal,0,0,0,0,0,Normal operation
ISZ-006,2026-09-08 12:30:00,2159.0,33.2,73.1,61.4,87.6,295.5,57.4,26.42,111.8,Normal,0,0,0,0,0,Normal operation
ISZ-006,2026-09-08 12:40:00,940.0,78.1,29.2,33.3,89.1,334.9,61.2,27.17,116.4,Normal,0,0,0,0,0,Normal operation
ISZ-006,2026-09-08 12:50:00,1205.0,41.0,40.7,8,88.2,313.5,64.2,27.59,84.4,Normal,0,0,0,0,0,Normal operation
ISZ-006,2026-09-08 13:00:00,1890.0,45.8,40.2,73.5,90.6,329.2,58.8,27.42,91.6,Normal,0,0,0,0,0,Normal operation
ISZ-006,2026-09-08 13:10:00,1233.0,68.6,39.4,42.8,78.8,319.6,68.7,27.26,109.6,Normal,0,0,0,0,0,Normal operation
ISZ-006,2026-09-08 13:20:00,1319.0,95,48.1,34.2,87.2,345.6,64.1,27.05,130.5,Normal,0,0,0,0,0,Normal operation
ISZ-006,2026-09-08 13:30:00,1478.0,35.9,36.3,53.2,94.8,309.8,79.0,27.34,104.6,Normal,0,0,0,0,0,Normal operation
ISZ-006,2026-09-08 13:40:00,1124.0,95,30.0,63.6,92.0,346.6,65.4,27.25,69.5,Normal,0,0,0,0,0,Normal operation
ISZ-006,2026-09-08 13:50:00,1711.0,46.5,65.3,25.3,88.8,280.3,66.3,27.06,99.8,Normal,0,0,0,0,0,Normal operation
ISZ-006,2026-09-08 14:00:00,541.0,2.7,25.9,3.8,87.3,234.6,26.0,26.8,8,Normal,0,0,0,0,0,Normal operation
ISZ-006,2026-09-08 14:10:00,547.0,3.4,19.1,2.5,91.8,204.0,28.0,27.84,45.5,Normal,0,0,0,0,0,Normal operation
ISZ-006,2026-09-08 14:20:00,536.0,2.5,23.2,0.8,84.8,247.4,24.0,27.13,31.5,Normal,0,0,0,1,0,Normal operation
ISZ-006,2026-09-08 14:30:00,545.0,0,16.8,2.4,86.6,258.2,31.7,27.1,59.9,Normal,0,0,0,0,0,Normal operation
ISZ-006,2026-09-08 14:40:00,1397.0,75.8,55.9,71.2,86.3,361.4,46.4,26.8,29.5,Normal,0,0,0,0,0,Normal operation
ISZ-006,2026-09-08 14:50:00,1810.0,37.5,48.7,43.8,87.3,331.9,72.6,27.59,107.2,Normal,0,0,0,0,0,Normal operation
ISZ-006,2026-09-08 15:00:00,1287.0,36.0,61.5,64.0,82.6,315.1,63.4,27.84,107.1,Normal,0,0,0,0,0,Normal operation
ISZ-006,2026-09-08 15:10:00,1908.0,15.9,27.6,72.6,74.4,330.6,78.8,26.81,89.8,Normal,0,0,0,0,0,Normal operation
ISZ-006,2026-09-08 15:20:00,1682.0,56.0,74.0,44.0,83.2,333.4,73.1,27.22,86.4,Normal,0,0,0,0,0,Normal operation
ISZ-006,2026-09-08 15:30:00,1631.0,45.5,44.2,29.9,90.5,347.2,67.2,26.68,92.6,Normal,0,0,0,0,0,Normal operation
ISZ-006,2026-09-08 15:40:00,1578.0,39.4,78.9,22.3,84.6,309.6,71.6,27.61,53.4,Normal,0,0,0,0,0,Normal operation
ISZ-006,2026-09-08 15:50:00,1270.0,45.5,50.3,51.6,87.8,360.8,64.5,27.69,87.8,Normal,0,0,0,0,0,Normal operation
ISZ-006,2026-09-08 16:00:00,1797.0,69.8,76.9,49.3,90.5,349.5,51.4,26.88,85.5,Normal,0,0,0,0,0,Normal operation
ISZ-006,2026-09-08 16:10:00,2050.0,53.7,49.1,28.7,88.4,341.6,66.1,26.97,57.5,Normal,0,0,0,0,0,Normal operation
ISZ-006,2026-09-08 16:20:00,1865.0,44.1,58.2,39.0,90.3,331.3,68.2,27.92,96.5,Normal,0,0,0,0,0,Normal operation
ISZ-006,2026-09-08 16:30:00,1948.0,71.1,37.3,35.9,87.3,312.2,74.0,27.28,106.8,Normal,0,0,0,0,0,Normal operation
ISZ-006,2026-09-08 16:40:00,1806.0,52.7,68.1,96.8,93.2,291.9,78.8,26.93,103.2,Normal,0,0,0,0,0,Normal operation
ISZ-006,2026-09-08 16:50:00,1482.0,63.6,56.1,8,88.0,335.7,65.1,27.36,99.6,Normal,0,0,0,0,0,Normal operation
ISZ-006,2026-09-08 17:00:00,1765.0,72.7,24.0,68.7,80.6,368.9,76.7,27.37,76.4,Normal,0,0,0,0,0,Normal operation
ISZ-006,2026-09-08 17:10:00,1038.0,34.1,62.0,51.2,83.1,333.1,58.7,27.41,99.8,Normal,0,0,0,0,0,Normal operation
ISZ-006,2026-09-08 17:20:00,1034.0,91.4,43.0,54.1,89.3,343.5,67.6,27.53,72.4,Normal,0,0,0,0,0,Normal operation
ISZ-006,2026-09-08 17:30:00,1023.0,30.3,50.9,39.9,87.9,397.6,69.5,27.46,37.0,Normal,0,0,0,0,0,Normal operation
ISZ-006,2026-09-08 17:40:00,1483.0,28.4,54.5,49.2,80.2,348.7,71.2,27.55,102.5,Normal,0,0,0,0,0,Normal operation
ISZ-006,2026-09-08 17:50:00,1170.0,46.5,69.9,27.4,81.9,309.1,81.8,27.19,72.9,Normal,0,0,0,0,0,Normal operation
ISZ-006,2026-09-08 18:00:00,548.0,5.7,35,0.9,90.6,247.9,39.4,27.82,81.4,Normal,0,0,0,0,0,Normal operation
ISZ-006,2026-09-08 18:10:00,522.0,1.3,11.0,0,93.9,231.6,22.8,26.65,8,Normal,0,0,1,1,0,Normal operation
ISZ-006,2026-09-08 18:20:00,540.0,3.1,20.3,4.3,86.0,271.6,4.1,28.06,8,Normal,0,0,0,1,0,Normal operation
ISZ-006,2026-09-08 18:30:00,542.0,3.0,32.1,3.5,84.8,277.6,42.9,26.57,57.0,Normal,0,0,0,0,0,Normal operation
ISZ-006,2026-09-08 18:40:00,1716.0,26.8,57.3,57.4,90.3,338.5,63.9,26.84,45.6,Normal,0,0,0,0,0,Normal operation
ISZ-006,2026-09-08 18:50:00,1689.0,42.0,43.6,19.4,86.1,333.9,73.4,27.95,116.6,Normal,0,0,0,0,0,Normal operation
ISZ-006,2026-09-08 19:00:00,1838.0,66.1,54.4,48.8,85.8,144.5,47.8,26.43,94.3,Normal,1,1,0,0,0,Low oil pressure
ISZ-006,2026-09-08 19:10:00,1607.0,63.1,76.2,59.0,85.7,147.2,69.3,27.46,94.2,Normal,1,1,0,0,0,Low oil pressure
ISZ-006,2026-09-08 19:20:00,1821.0,66.1,57.1,41.5,87.8,148.9,62.7,26.19,57.0,Normal,1,1,0,0,0,Low oil pressure
ISZ-006,2026-09-08 19:30:00,2002.0,62.4,50.4,36.2,83.4,133.6,64.2,27.01,97.5,Normal,1,1,0,0,0,Low oil pressure
ISZ-006,2026-09-08 19:40:00,1522.0,55.2,23.4,21.3,84.8,170.9,53.0,26.87,79.0,Normal,1,1,0,0,0,Low oil pressure
ISZ-006,2026-09-08 19:50:00,2117.0,53.4,49.8,64.7,89.7,165.3,71.4,27.49,106.4,Normal,1,1,0,0,0,Low oil pressure
ISZ-006,2026-09-08 20:00:00,1771.0,53.7,25.0,33.0,89.1,163.3,67.3,27.69,114.1,Normal,1,1,0,0,0,Low oil pressure
ISZ-006,2026-09-08 20:10:00,838.0,40.9,57.5,42.6,82.3,156.1,69.4,27.71,132.7,Normal,1,0,0,0,0,Low oil pressure
ISZ-006,2026-09-08 20:20:00,800,10.1,54.0,54.1,83.3,165.2,65.8,27.33,129.2,Normal,1,0,0,0,0,Low oil pressure
ISZ-006,2026-09-08 20:30:00,2183.0,50.8,68.5,38.4,91.1,204.1,61.8,26.89,129.2,Normal,1,1,0,0,0,Low oil pressure
ISZ-006,2026-09-08 20:40:00,919.0,51.0,46.7,39.7,89.6,154.0,56.6,27.29,93.3,Normal,1,0,0,0,0,Low oil pressure
ISZ-006,2026-09-08 20:50:00,1616.0,50.9,55.9,66.7,83.3,184.4,61.6,27.55,112.5,Normal,1,1,0,0,0,Low oil pressure
ISZ-006,2026-09-08 21:00:00,1693.0,92.1,87.3,58.1,84.8,189.7,67.3,27.67,105.9,Normal,1,1,0,0,0,Low oil pressure
ISZ-006,2026-09-08 21:10:00,800,72.6,63.8,66.0,87.4,187.6,49.0,27.55,100.0,Normal,1,0,0,0,0,Low oil pressure
ISZ-006,2026-09-08 21:20:00,1431.0,27.6,79.4,50.4,85.5,161.1,90.3,27.09,65.8,Normal,1,1,0,0,0,Low oil pressure
ISZ-006,2026-09-08 21:30:00,1133.0,34.8,38.5,46.0,85.7,169.8,59.7,27.34,151.7,Normal,1,0,0,0,0,Low oil pressure
ISZ-006,2026-09-08 21:40:00,1197.0,43.8,65.3,20.7,86.7,170.9,70.3,27.91,114.7,Normal,1,0,0,0,0,Low oil pressure
ISZ-006,2026-09-08 21:50:00,1689.0,57.3,50.6,49.2,81.2,187.2,62.5,26.39,56.7,Normal,1,1,0,0,0,Low oil pressure
ISZ-006,2026-09-08 22:00:00,555.0,4.0,12.8,3.7,91.4,176.7,14.1,26.49,14.2,Normal,1,0,1,1,0,Low oil pressure
ISZ-006,2026-09-08 22:10:00,547.0,3.6,19.1,2.9,82.6,157.1,36.1,27.57,8,Normal,1,0,0,0,0,Low oil pressure
ISZ-006,2026-09-08 22:20:00,534.0,0,21.3,2.6,93.8,138.1,20.0,27.39,32.0,Normal,1,0,0,1,0,Low oil pressure
ISZ-006,2026-09-08 22:30:00,555.0,2.7,14.7,4.1,91.9,137.8,22.6,27.35,8,Normal,1,0,1,1,0,Low oil pressure
ISZ-006,2026-09-08 22:40:00,2179.0,53.6,37.8,40.9,94.5,164.8,69.0,27.78,117.1,Normal,1,1,0,0,0,Low oil pressure
ISZ-006,2026-09-08 22:50:00,1446.0,57.2,48.9,53.5,85.3,171.5,56.5,26.77,90.5,Normal,1,1,0,0,0,Low oil pressure
ISZ-006,2026-09-08 23:00:00,1898.0,38.1,20,26.9,90.7,163.7,61.8,26.41,100.2,Normal,1,1,0,0,0,Low oil pressure
ISZ-006,2026-09-08 23:10:00,1723.0,23.3,54.6,33.6,84.4,165.5,65.8,26.98,121.8,Normal,1,1,0,0,0,Low oil pressure
ISZ-006,2026-09-08 23:20:00,2024.0,60.7,38.9,48.1,86.5,201.1,56.2,26.87,106.2,Normal,1,1,0,0,0,Low oil pressure
ISZ-006,2026-09-08 23:30:00,1489.0,50.8,73.0,62.7,87.0,195.7,61.7,27.04,85.7,Normal,1,1,0,0,0,Low oil pressure
ISZ-006,2026-09-08 23:40:00,1579.0,47.6,51.3,57.5,88.5,179.2,65.7,27.41,89.5,Normal,1,1,0,0,0,Low oil pressure
ISZ-006,2026-09-08 23:50:00,800,50.4,67.9,39.7,86.9,167.1,62.9,27.03,94.5,Normal,1,0,0,0,0,Low oil pressure
ISZ-006,2026-09-09 00:00:00,2021.0,58.0,51.8,44.7,80.9,181.9,54.9,27.2,80.2,Normal,1,1,0,0,0,Low oil pressure
ISZ-006,2026-09-09 00:10:00,1554.0,66.8,88.6,34.3,91.9,180.1,65.6,27.97,142.6,Normal,1,1,0,0,0,Low oil pressure
ISZ-006,2026-09-09 00:20:00,2003.0,47.8,65.8,37.0,91.5,144.7,68.7,26.72,47.1,Normal,1,1,0,0,0,Low oil pressure
ISZ-006,2026-09-09 00:30:00,1500.0,95,73.8,40.1,84.2,172.4,53.0,27.6,81.2,Normal,1,1,0,0,0,Low oil pressure
ISZ-006,2026-09-09 00:40:00,1158.0,38.8,28.6,35.0,90.9,168.0,70.3,27.74,119.8,Normal,1,0,0,0,0,Low oil pressure
ISZ-006,2026-09-09 00:50:00,1783.0,37.0,25.0,42.9,84.3,139.4,69.2,26.98,111.3,Normal,1,1,0,0,0,Low oil pressure
ISZ-006,2026-09-09 01:00:00,1097.0,59.3,69.8,53.0,84.7,177.8,57.0,26.97,99.1,Normal,1,0,0,0,0,Low oil pressure
ISZ-006,2026-09-09 01:10:00,2012.0,28.8,59.6,64.6,87.3,197.3,58.4,27.12,102.4,Normal,1,1,0,0,0,Low oil pressure
ISZ-006,2026-09-09 01:20:00,1193.0,52.3,79.9,63.3,91.6,171.2,69.1,26.69,111.3,Normal,1,0,0,0,0,Low oil pressure
ISZ-006,2026-09-09 01:30:00,1523.0,39.8,91.5,18.0,87.1,196.6,62.3,26.22,79.6,Normal,1,1,0,0,0,Low oil pressure
ISZ-006,2026-09-09 01:40:00,1567.0,55.2,44.0,35.7,78.1,202.5,48.8,26.77,91.5,Normal,1,1,0,0,0,Low oil pressure
ISZ-006,2026-09-09 01:50:00,1553.0,66.3,54.2,48.8,93.9,164.1,50.9,26.72,70.5,Normal,1,1,0,0,0,Low oil pressure
ISZ-007,2026-09-08 06:00:00,543.0,4.1,20.5,1.5,80.6,207.9,27.5,26.91,26.5,Normal,0,0,0,0,0,Normal operation
ISZ-007,2026-09-08 06:10:00,535.0,0,24.0,1.5,85.7,228.2,37.6,27.31,12.9,Normal,0,0,0,0,0,Normal operation
ISZ-007,2026-09-08 06:20:00,554.0,0,26.3,0.1,86.1,249.9,22.2,27.32,25.8,Normal,0,0,1,1,0,Normal operation
ISZ-007,2026-09-08 06:30:00,526.0,0,15.5,2.1,90.8,286.6,31.1,26.45,67.2,Normal,0,0,1,0,0,Normal operation
ISZ-007,2026-09-08 06:40:00,1453.0,88.9,72.1,38.1,87.2,334.5,53.5,27.33,81.5,Normal,0,0,0,0,0,Normal operation
ISZ-007,2026-09-08 06:50:00,838.0,27.3,67.8,23.3,84.7,287.3,68.1,27.53,76.7,Normal,0,0,0,0,0,Normal operation
ISZ-007,2026-09-08 07:00:00,1208.0,55.6,67.3,22.6,81.4,359.7,68.9,27.2,41.9,Normal,0,0,0,0,0,Normal operation
ISZ-007,2026-09-08 07:10:00,1337.0,61.6,39.2,27.0,86.6,328.6,68.1,27.65,83.0,Normal,0,0,0,0,0,Normal operation
ISZ-007,2026-09-08 07:20:00,1209.0,41.1,51.6,56.6,84.3,311.2,54.0,27.15,55.2,Normal,0,0,0,0,0,Normal operation
ISZ-007,2026-09-08 07:30:00,2002.0,49.8,45.9,26.8,86.3,342.7,53.9,27.82,107.1,Normal,0,0,0,0,0,Normal operation
ISZ-007,2026-09-08 07:40:00,1251.0,29.6,62.0,51.8,83.7,292.3,63.7,27.16,62.1,Normal,0,0,0,0,0,Normal operation
ISZ-007,2026-09-08 07:50:00,1142.0,65.4,82.4,8,82.0,337.2,58.1,27.31,128.0,Normal,0,0,0,0,0,Normal operation
ISZ-007,2026-09-08 08:00:00,1985.0,5,54.7,50.3,88.9,322.2,48.0,26.65,69.9,Normal,0,0,0,0,0,Normal operation
ISZ-007,2026-09-08 08:10:00,1223.0,47.4,48.6,8,79.3,366.8,64.3,27.38,70.4,Normal,0,0,0,0,0,Normal operation
ISZ-007,2026-09-08 08:20:00,1952.0,52.2,74.8,36.2,93.5,301.1,61.4,26.91,99.6,Normal,0,0,0,0,0,Normal operation
ISZ-007,2026-09-08 08:30:00,1487.0,59.1,70.7,41.4,87.5,306.7,67.0,27.13,119.1,Normal,0,0,0,0,0,Normal operation
ISZ-007,2026-09-08 08:40:00,1584.0,74.1,22.7,86.5,91.8,343.8,64.8,26.9,124.6,Normal,0,0,0,0,0,Normal operation
ISZ-007,2026-09-08 08:50:00,1932.0,41.1,85.8,46.5,85.7,360.3,59.8,27.5,108.2,Normal,0,0,0,0,0,Normal operation
ISZ-007,2026-09-08 09:00:00,2240.0,52.1,43.3,46.2,85.2,329.7,71.7,26.12,97.0,Normal,0,0,0,0,0,Normal operation
ISZ-007,2026-09-08 09:10:00,800,62.1,55.0,42.6,84.3,305.8,56.8,27.48,96.4,Normal,0,0,0,0,0,Normal operation
ISZ-007,2026-09-08 09:20:00,1516.0,43.0,61.8,45.7,88.9,329.9,68.0,26.91,113.4,Normal,0,0,0,0,0,Normal operation
ISZ-007,2026-09-08 09:30:00,1503.0,68.8,55.4,74.3,87.2,324.3,67.0,27.51,103.1,Normal,0,0,0,0,0,Normal operation
ISZ-007,2026-09-08 09:40:00,1408.0,75.7,53.2,51.7,88.5,318.6,61.7,27.44,81.6,Normal,0,0,0,0,0,Normal operation
ISZ-007,2026-09-08 09:50:00,1655.0,33.3,45.0,30.8,88.9,353.5,74.1,27.67,106.6,Normal,0,0,0,0,0,Normal operation
ISZ-007,2026-09-08 10:00:00,539.0,1.5,17.4,0,89.2,240.6,27.7,26.33,27.7,Normal,0,0,0,0,0,Normal operation
ISZ-007,2026-09-08 10:10:00,520.0,1.4,18.1,1.3,87.8,261.1,33.6,26.56,28.1,Normal,0,0,1,0,0,Normal operation
ISZ-007,2026-09-08 10:20:00,529.0,0.7,21.0,2.3,87.8,180.3,44.5,27.26,27.6,Normal,0,0,1,0,0,Normal operation
ISZ-007,2026-09-08 10:30:00,535.0,0,25.3,2.9,86.3,308.1,31.4,27.63,39.9,Normal,0,0,0,0,0,Normal operation
ISZ-007,2026-09-08 10:40:00,1802.0,50.4,32.1,26.2,84.5,324.8,65.0,26.72,101.1,Normal,0,0,0,0,0,Normal operation
ISZ-007,2026-09-08 10:50:00,1738.0,45.9,30.9,41.8,90.1,361.8,67.9,27.05,72.2,Normal,0,0,0,0,0,Normal operation
ISZ-007,2026-09-08 11:00:00,2118.0,80.7,64.5,97.9,89.4,339.4,57.5,26.88,38.7,Normal,0,0,0,0,0,Normal operation
ISZ-007,2026-09-08 11:10:00,1239.0,44.7,70.5,48.6,83.8,309.7,57.6,27.03,112.6,Normal,0,0,0,0,0,Normal operation
ISZ-007,2026-09-08 11:20:00,1324.0,26.3,20,25.4,91.1,316.0,68.1,27.43,68.8,Normal,0,0,0,0,0,Normal operation
ISZ-007,2026-09-08 11:30:00,1517.0,39.4,51.8,49.1,86.6,306.6,62.9,27.2,39.6,Normal,0,0,0,0,0,Normal operation
ISZ-007,2026-09-08 11:40:00,1161.0,32.6,54.0,71.7,83.5,357.9,65.6,27.16,93.2,Normal,0,0,0,0,0,Normal operation
ISZ-007,2026-09-08 11:50:00,1289.0,67.7,58.7,51.7,87.3,355.8,68.2,26.5,97.2,Normal,0,0,0,0,0,Normal operation
ISZ-007,2026-09-08 12:00:00,1357.0,46.2,72.6,68.5,88.8,248.8,74.6,26.54,68.3,Normal,0,0,0,0,0,Normal operation
ISZ-007,2026-09-08 12:10:00,1025.0,76.6,80.7,100,89.1,309.8,69.9,26.77,110.4,Normal,0,0,0,0,0,Normal operation
ISZ-007,2026-09-08 12:20:00,1557.0,32.3,74.6,50.4,90.9,366.4,60.4,27.94,62.6,Normal,0,0,0,0,0,Normal operation
ISZ-007,2026-09-08 12:30:00,1125.0,50.2,78.1,71.7,87.3,318.7,70.8,27.81,108.6,Normal,0,0,0,0,0,Normal operation
ISZ-007,2026-09-08 12:40:00,1854.0,60.6,62.9,54.3,88.9,284.5,58.8,27.78,125.3,Normal,0,0,0,0,0,Normal operation
ISZ-007,2026-09-08 12:50:00,1653.0,48.6,58.5,79.2,91.2,324.6,76.3,27.14,95.4,Normal,0,0,0,0,0,Normal operation
ISZ-007,2026-09-08 13:00:00,1552.0,73.1,59.3,8,88.3,348.8,57.9,26.93,105.6,Normal,0,0,0,0,0,Normal operation
ISZ-007,2026-09-08 13:10:00,856.0,5.6,93.8,45.8,92.8,320.6,69.8,27.5,104.4,Normal,0,0,0,0,0,Normal operation
ISZ-007,2026-09-08 13:20:00,1606.0,45.5,65.3,73.2,81.4,320.8,63.9,27.72,100.8,Normal,0,0,0,0,0,Normal operation
ISZ-007,2026-09-08 13:30:00,1878.0,45.5,46.8,38.3,83.7,334.4,57.7,27.29,124.0,Normal,0,0,0,0,0,Normal operation
ISZ-007,2026-09-08 13:40:00,1306.0,71.2,32.6,40.3,88.8,303.4,81.1,26.77,112.3,Normal,0,0,0,0,0,Normal operation
ISZ-007,2026-09-08 13:50:00,1890.0,78.3,70.6,43.5,83.4,358.2,63.7,27.31,94.3,Normal,0,0,0,0,0,Normal operation
ISZ-007,2026-09-08 14:00:00,546.0,0.0,17.5,0,80.0,254.8,27.1,27.44,23.2,Normal,0,0,0,0,0,Normal operation
ISZ-007,2026-09-08 14:10:00,532.0,3.4,28.3,4.9,90.6,241.3,28.8,26.78,37.8,Normal,0,0,0,0,0,Normal operation
ISZ-007,2026-09-08 14:20:00,536.0,0,17.3,2.9,79.5,190.2,30.1,27.99,46.7,Normal,0,0,0,0,0,Normal operation
ISZ-007,2026-09-08 14:30:00,545.0,0.4,24.5,3.4,83.0,285.1,39.2,27.4,47.7,Normal,0,0,0,0,0,Normal operation
ISZ-007,2026-09-08 14:40:00,1807.0,80.5,77.6,65.1,83.4,346.0,71.8,27.18,72.5,Normal,0,0,0,0,0,Normal operation
ISZ-007,2026-09-08 14:50:00,800,28.6,68.8,40.4,90.8,361.0,59.0,27.06,124.9,Normal,0,0,0,0,0,Normal operation
ISZ-007,2026-09-08 15:00:00,1545.0,36.4,72.4,65.4,90.2,352.2,72.0,26.64,94.0,Normal,0,0,0,0,0,Normal operation
ISZ-007,2026-09-08 15:10:00,1910.0,38.2,91.1,46.2,85.4,315.1,56.9,26.93,60.7,Normal,0,0,0,0,0,Normal operation
ISZ-007,2026-09-08 15:20:00,1908.0,57.8,76.3,20.1,92.4,294.3,59.8,26.47,82.7,Normal,0,0,0,0,0,Normal operation
ISZ-007,2026-09-08 15:30:00,1359.0,36.3,62.5,23.3,83.7,320.9,65.2,27.4,89.8,Normal,0,0,0,0,0,Normal operation
ISZ-007,2026-09-08 15:40:00,1589.0,23.9,58.0,53.3,82.7,302.4,67.1,26.85,67.2,Normal,0,0,0,0,0,Normal operation
ISZ-007,2026-09-08 15:50:00,1384.0,71.8,65.2,20.4,84.2,339.6,63.9,27.28,74.1,Normal,0,0,0,0,0,Normal operation
ISZ-007,2026-09-08 16:00:00,1590.0,42.7,28.2,78.7,80.3,327.4,66.1,27.2,39.5,Normal,0,0,0,0,0,Normal operation
ISZ-007,2026-09-08 16:10:00,1537.0,80.2,56.3,40.4,91.2,335.2,68.2,26.9,79.1,Normal,0,0,0,0,0,Normal operation
ISZ-007,2026-09-08 16:20:00,1378.0,58.9,47.4,73.3,87.0,299.0,62.0,27.29,161.1,Normal,0,0,0,0,0,Normal operation
ISZ-007,2026-09-08 16:30:00,2042.0,33.1,70.4,28.8,87.7,361.6,58.6,26.53,90.9,Normal,0,0,0,0,0,Normal operation
ISZ-007,2026-09-08 16:40:00,1866.0,56.7,41.1,39.2,91.2,321.6,63.9,26.86,101.6,Normal,0,0,0,0,0,Normal operation
ISZ-007,2026-09-08 16:50:00,1669.0,62.1,81.1,51.7,85.8,289.1,71.7,27.62,95.7,Normal,0,0,0,0,0,Normal operation
ISZ-007,2026-09-08 17:00:00,949.0,74.3,95,35.8,88.6,326.3,62.0,27.08,97.3,Normal,0,0,0,0,0,Normal operation
ISZ-007,2026-09-08 17:10:00,1479.0,47.7,49.8,62.2,85.1,307.0,56.8,28.09,55.3,Normal,0,0,0,0,0,Normal operation
ISZ-007,2026-09-08 17:20:00,1565.0,56.4,66.9,8.1,84.1,314.6,77.0,27.43,99.3,Normal,0,0,0,0,0,Normal operation
ISZ-007,2026-09-08 17:30:00,1396.0,43.6,68.8,56.6,90.6,329.2,67.8,27.65,147.1,Normal,0,0,0,0,0,Normal operation
ISZ-007,2026-09-08 17:40:00,1425.0,52.7,76.2,65.2,86.8,296.4,70.7,27.24,119.4,Normal,0,0,0,0,0,Normal operation
ISZ-007,2026-09-08 17:50:00,1316.0,50.7,56.6,68.2,85.9,341.4,66.4,26.38,65.5,Normal,0,0,0,0,0,Normal operation
ISZ-007,2026-09-08 18:00:00,527.0,0,15.1,2.2,85.7,249.3,24.1,26.66,15.4,Normal,0,0,1,1,0,Normal operation
ISZ-007,2026-09-08 18:10:00,540.0,4.2,18.5,2.7,83.5,236.8,30.5,26.63,46.2,Normal,0,0,0,0,0,Normal operation
ISZ-007,2026-09-08 18:20:00,546.0,1.8,16.2,3.2,88.7,245.6,32.5,27.0,43.4,Normal,0,0,0,0,0,Normal operation
ISZ-007,2026-09-08 18:30:00,527.0,0,14.4,3.6,86.5,222.8,43.8,27.3,8,Normal,0,0,1,0,0,Normal operation
ISZ-007,2026-09-08 18:40:00,1551.0,42.3,44.9,43.7,89.7,335.1,68.5,27.63,114.9,Normal,0,0,0,0,0,Normal operation
ISZ-007,2026-09-08 18:50:00,1189.0,45.1,66.8,41.9,92.2,328.2,65.8,27.29,47.8,Normal,0,0,0,0,0,Normal operation
ISZ-007,2026-09-08 19:00:00,1531.0,37.6,53.3,60.5,92.9,298.0,60.9,27.14,101.7,Normal,0,0,0,0,0,Normal operation
ISZ-007,2026-09-08 19:10:00,1536.0,70.0,20,37.5,94.8,324.9,65.5,26.39,61.7,Normal,0,0,0,0,0,Normal operation
ISZ-007,2026-09-08 19:20:00,1717.0,68.7,54.9,53.0,92.9,312.9,73.0,27.09,43.2,Normal,0,0,0,0,0,Normal operation
ISZ-007,2026-09-08 19:30:00,1375.0,49.1,71.2,50.3,89.7,363.3,65.4,27.2,107.1,Normal,0,0,0,0,0,Normal operation
ISZ-007,2026-09-08 19:40:00,1421.0,65.0,60.6,57.2,88.5,318.4,58.4,26.47,73.0,Normal,0,0,0,0,0,Normal operation
ISZ-007,2026-09-08 19:50:00,1197.0,80.3,72.9,67.0,95.7,372.3,65.2,26.84,66.0,Normal,0,0,0,0,0,Normal operation
ISZ-007,2026-09-08 20:00:00,1816.0,33.7,58.9,30.5,82.4,286.3,48.8,26.66,113.4,Normal,0,0,0,0,0,Normal operation
ISZ-007,2026-09-08 20:10:00,2078.0,58.3,49.0,63.8,91.0,385.6,55.9,27.49,125.0,Normal,0,0,0,0,0,Normal operation
ISZ-007,2026-09-08 20:20:00,1191.0,46.0,27.0,34.5,78.4,365.8,71.5,27.05,74.9,Normal,0,0,0,0,0,Normal operation
ISZ-007,2026-09-08 20:30:00,1662.0,62.8,43.5,59.7,89.1,358.0,74.8,27.39,38.5,Normal,0,0,0,0,0,Normal operation
ISZ-007,2026-09-08 20:40:00,2020.0,61.2,52.2,38.3,87.7,286.2,61.1,27.77,74.7,Normal,0,0,0,0,0,Normal operation
ISZ-007,2026-09-08 20:50:00,1523.0,82.1,76.7,47.5,81.1,341.0,60.9,27.57,84.1,Normal,0,0,0,0,0,Normal operation
ISZ-007,2026-09-08 21:00:00,1280.0,38.2,65.0,53.8,83.5,297.1,71.2,26.74,108.7,Normal,0,0,0,0,0,Normal operation
ISZ-007,2026-09-08 21:10:00,1107.0,39.2,45.3,57.3,87.5,296.9,51.0,27.69,97.6,Normal,0,0,0,0,0,Normal operation
ISZ-007,2026-09-08 21:20:00,1163.0,62.3,67.1,63.1,79.1,291.0,69.7,27.9,76.9,Normal,0,0,0,0,0,Normal operation
ISZ-007,2026-09-08 21:30:00,1367.0,46.4,52.8,43.2,85.5,320.3,56.1,27.09,92.9,Normal,0,0,0,0,0,Normal operation
ISZ-007,2026-09-08 21:40:00,1501.0,58.2,75.9,72.0,86.9,307.4,82.6,27.44,62.8,Normal,0,0,0,0,0,Normal operation
ISZ-007,2026-09-08 21:50:00,1003.0,26.6,48.1,72.9,88.4,303.6,73.6,27.14,134.7,Normal,0,0,0,0,0,Normal operation
ISZ-007,2026-09-08 22:00:00,553.0,0,17.5,4.1,86.3,237.6,30.2,27.37,23.4,Normal,0,0,1,0,0,Normal operation
ISZ-007,2026-09-08 22:10:00,545.0,0,19.9,2.0,86.7,202.7,23.0,27.47,42.4,Normal,0,0,0,1,0,Normal operation
ISZ-007,2026-09-08 22:20:00,528.0,3.3,22.5,3.6,83.2,280.4,30.5,27.5,30.4,Normal,0,0,1,0,0,Normal operation
ISZ-007,2026-09-08 22:30:00,547.0,0.8,10.9,1.5,90.5,211.8,20.5,27.23,75.0,Normal,0,0,0,1,0,Normal operation
ISZ-007,2026-09-08 22:40:00,1404.0,28.3,73.2,18.5,88.3,335.0,63.6,27.08,135.6,Normal,0,0,0,0,0,Normal operation
ISZ-007,2026-09-08 22:50:00,2115.0,33.9,64.0,8,81.8,328.4,79.5,27.09,96.9,Normal,0,0,0,0,0,Normal operation
ISZ-007,2026-09-08 23:00:00,1382.0,58.9,70.2,19.2,91.9,363.3,73.4,27.43,120.1,Normal,0,0,0,0,0,Normal operation
ISZ-007,2026-09-08 23:10:00,1575.0,58.9,46.8,37.7,85.9,306.0,68.2,27.6,113.7,Normal,0,0,0,0,0,Normal operation
ISZ-007,2026-09-08 23:20:00,1911.0,75.1,48.1,37.2,85.5,373.2,72.8,27.24,109.8,Normal,0,0,0,0,0,Normal operation
ISZ-007,2026-09-08 23:30:00,1822.0,42.0,45.0,17.0,93.4,325.9,71.3,26.47,34.2,Normal,0,0,0,0,0,Normal operation
ISZ-007,2026-09-08 23:40:00,1897.0,59.7,61.5,56.9,87.7,340.9,63.7,27.75,79.5,Normal,0,0,0,0,0,Normal operation
ISZ-007,2026-09-08 23:50:00,1498.0,55.6,52.5,40.8,82.9,309.1,71.9,26.91,91.6,Normal,0,0,0,0,0,Normal operation
ISZ-007,2026-09-09 00:00:00,1698.0,60.0,82.2,51.2,82.8,289.0,71.8,26.62,110.5,Normal,0,0,0,0,0,Normal operation
ISZ-007,2026-09-09 00:10:00,2105.0,50.2,59.2,53.0,79.3,363.6,69.1,27.31,114.3,Normal,0,0,0,0,0,Normal operation
ISZ-007,2026-09-09 00:20:00,877.0,19.8,48.6,29.6,84.7,335.2,63.7,26.89,105.6,Normal,0,0,0,0,0,Normal operation
ISZ-007,2026-09-09 00:30:00,1145.0,22.0,89.6,95.4,91.4,321.3,51.9,26.54,72.4,Normal,0,0,0,0,0,Normal operation
ISZ-007,2026-09-09 00:40:00,1911.0,48.6,20,59.0,94.3,323.8,65.6,26.59,95.4,Normal,0,0,0,0,0,Normal operation
ISZ-007,2026-09-09 00:50:00,1084.0,26.1,47.3,33.3,82.9,329.3,68.9,27.35,48.7,Normal,0,0,0,0,0,Normal operation
ISZ-007,2026-09-09 01:00:00,1653.0,33.2,63.1,49.3,88.5,327.4,74.6,26.79,116.5,Normal,0,0,0,0,0,Normal operation
ISZ-007,2026-09-09 01:10:00,1332.0,48.5,59.4,38.5,89.4,318.6,72.7,26.99,90.5,Normal,0,0,0,0,0,Normal operation
ISZ-007,2026-09-09 01:20:00,1133.0,68.8,90.9,11.1,82.4,309.5,61.9,27.9,67.5,Normal,0,0,0,0,0,Normal operation
ISZ-007,2026-09-09 01:30:00,1461.0,34.0,44.7,55.0,88.5,331.9,60.5,27.64,106.9,Normal,0,0,0,0,0,Normal operation
ISZ-007,2026-09-09 01:40:00,1778.0,64.5,88.8,46.7,86.0,351.7,64.9,27.7,113.7,Normal,0,0,0,0,0,Normal operation
ISZ-007,2026-09-09 01:50:00,1946.0,52.2,76.1,68.1,81.3,309.0,67.4,26.89,73.5,Normal,0,0,0,0,0,Normal operation
ISZ-008,2026-09-08 06:00:00,546.0,0.8,18.7,4.5,85.0,227.3,41.2,27.49,43.9,Normal,0,0,0,0,0,Normal operation
ISZ-008,2026-09-08 06:10:00,562.0,1.0,21.1,0,84.3,292.5,35.7,27.26,32.0,Normal,0,0,1,0,0,Normal operation
ISZ-008,2026-09-08 06:20:00,550.0,1.6,18.4,3.1,83.8,250.9,22.8,27.38,8,Normal,0,0,1,1,0,Normal operation
ISZ-008,2026-09-08 06:30:00,529.0,0,25.7,3.1,91.3,275.3,25.0,26.68,42.3,Normal,0,0,1,0,0,Normal operation
ISZ-008,2026-09-08 06:40:00,890.0,61.9,61.6,34.4,85.2,315.1,63.7,26.83,126.5,Normal,0,0,0,0,0,Normal operation
ISZ-008,2026-09-08 06:50:00,1600.0,38.8,41.2,75.6,86.5,332.7,55.9,26.73,88.4,Normal,0,0,0,0,0,Normal operation
ISZ-008,2026-09-08 07:00:00,1814.0,38.3,34.1,67.9,84.8,351.9,58.3,27.43,105.4,Normal,0,0,0,0,0,Normal operation
ISZ-008,2026-09-08 07:10:00,1680.0,25.4,76.1,64.5,92.2,357.2,64.3,27.78,105.5,Normal,0,0,0,0,0,Normal operation
ISZ-008,2026-09-08 07:20:00,1919.0,11.5,57.7,55.9,85.4,323.4,59.8,27.17,141.8,Normal,0,0,0,0,0,Normal operation
ISZ-008,2026-09-08 07:30:00,1865.0,62.9,33.8,42.4,80.6,325.5,64.4,27.96,100.1,Normal,0,0,0,0,0,Normal operation
ISZ-008,2026-09-08 07:40:00,1177.0,41.6,59.5,48.5,84.5,351.8,60.5,27.2,64.3,Normal,0,0,0,0,0,Normal operation
ISZ-008,2026-09-08 07:50:00,1914.0,52.0,39.1,25.9,80.7,327.0,87.0,26.92,122.2,Normal,0,0,0,0,0,Normal operation
ISZ-008,2026-09-08 08:00:00,1570.0,54.4,78.6,37.5,87.2,324.2,72.3,27.61,97.6,Normal,0,0,0,0,0,Normal operation
ISZ-008,2026-09-08 08:10:00,1660.0,11.8,72.8,16.9,89.9,327.2,61.5,27.22,86.7,Normal,0,0,0,0,0,Normal operation
ISZ-008,2026-09-08 08:20:00,1120.0,47.2,53.1,47.5,81.3,353.8,73.6,27.05,96.9,Normal,0,0,0,0,0,Normal operation
ISZ-008,2026-09-08 08:30:00,931.0,69.8,43.5,35.1,80.4,339.4,62.7,26.7,107.5,Normal,0,0,0,0,0,Normal operation
ISZ-008,2026-09-08 08:40:00,1812.0,78.4,49.9,62.2,89.1,332.9,63.6,26.74,103.3,Normal,0,0,0,0,0,Normal operation
ISZ-008,2026-09-08 08:50:00,1844.0,67.9,79.5,47.6,87.3,329.1,60.0,27.65,90.0,Normal,0,0,0,0,0,Normal operation
ISZ-008,2026-09-08 09:00:00,2295.0,60.0,52.6,70.3,93.4,317.9,50.5,27.38,77.0,Normal,0,0,0,0,0,Normal operation
ISZ-008,2026-09-08 09:10:00,1894.0,95,89.9,78.7,83.3,326.2,71.4,27.11,70.1,Normal,0,0,0,0,0,Normal operation
ISZ-008,2026-09-08 09:20:00,800,55.9,52.3,45.4,83.4,344.6,61.9,27.15,72.7,Normal,0,0,0,0,0,Normal operation
ISZ-008,2026-09-08 09:30:00,1623.0,88.8,48.8,64.6,96.1,336.8,63.9,26.77,88.1,Normal,0,0,0,0,0,Normal operation
ISZ-008,2026-09-08 09:40:00,1292.0,51.1,49.5,14.2,88.9,326.9,76.8,26.88,86.1,Normal,0,0,0,0,0,Normal operation
ISZ-008,2026-09-08 09:50:00,1540.0,63.5,84.4,49.8,86.3,329.2,61.5,27.14,159.5,Normal,0,0,0,0,0,Normal operation
ISZ-008,2026-09-08 10:00:00,535.0,1.7,18.2,2.4,80.0,233.2,19.5,27.01,8,Normal,0,0,0,1,0,Normal operation
ISZ-008,2026-09-08 10:10:00,553.0,1.9,20.2,0.5,86.8,243.5,28.3,27.59,56.1,Normal,0,0,1,0,0,Normal operation
ISZ-008,2026-09-08 10:20:00,541.0,0,5,2.7,85.4,234.1,33.9,26.82,8,Normal,0,0,0,0,0,Normal operation
ISZ-008,2026-09-08 10:30:00,541.0,1.1,9.5,0.6,88.1,289.4,33.2,28.08,10.3,Normal,0,0,0,0,0,Normal operation
ISZ-008,2026-09-08 10:40:00,1572.0,68.2,20,44.3,86.4,298.9,75.3,27.0,62.5,Normal,0,0,0,0,0,Normal operation
ISZ-008,2026-09-08 10:50:00,1477.0,45.5,46.8,8.1,90.3,303.3,54.1,27.14,88.7,Normal,0,0,0,0,0,Normal operation
ISZ-008,2026-09-08 11:00:00,1802.0,35.2,70.0,25.0,92.4,310.8,62.7,27.42,120.7,Normal,0,0,0,0,0,Normal operation
ISZ-008,2026-09-08 11:10:00,1740.0,60.4,49.4,8,90.1,294.2,67.1,27.56,106.6,Normal,0,0,0,0,0,Normal operation
ISZ-008,2026-09-08 11:20:00,1725.0,40.7,64.1,53.5,92.8,325.5,85.7,26.07,108.3,Normal,0,0,0,0,0,Normal operation
ISZ-008,2026-09-08 11:30:00,1617.0,27.8,45.0,8,87.8,324.9,64.6,27.44,89.1,Normal,0,0,0,0,0,Normal operation
ISZ-008,2026-09-08 11:40:00,1453.0,40.5,93.7,58.1,86.3,335.6,70.8,27.46,129.1,Normal,0,0,0,0,0,Normal operation
ISZ-008,2026-09-08 11:50:00,1860.0,68.3,84.1,29.0,90.1,346.0,68.5,26.6,90.8,Normal,0,0,0,0,0,Normal operation
ISZ-008,2026-09-08 12:00:00,1896.0,40.7,72.0,38.3,87.7,317.2,65.1,27.44,120.9,Normal,0,0,0,0,0,Normal operation
ISZ-008,2026-09-08 12:10:00,1410.0,45.8,36.4,56.0,91.5,355.0,80.9,27.09,104.4,Normal,0,0,0,0,0,Normal operation
ISZ-008,2026-09-08 12:20:00,946.0,55.4,81.4,59.9,93.0,319.6,73.2,27.83,81.4,Normal,0,0,0,0,0,Normal operation
ISZ-008,2026-09-08 12:30:00,1238.0,53.0,73.3,48.4,85.5,352.2,56.7,26.94,158.6,Normal,0,0,0,0,0,Normal operation
ISZ-008,2026-09-08 12:40:00,1857.0,32.1,78.0,14.1,90.1,287.8,61.6,26.8,161.3,Normal,0,0,0,0,0,Normal operation
ISZ-008,2026-09-08 12:50:00,1162.0,22.6,63.0,58.4,91.8,298.8,77.6,27.02,112.2,Normal,0,0,0,0,0,Normal operation
ISZ-008,2026-09-08 13:00:00,1517.0,60.3,64.9,54.8,83.2,324.6,83.3,26.37,63.8,Normal,0,0,0,0,0,Normal operation
ISZ-008,2026-09-08 13:10:00,1547.0,88.0,50.8,67.5,85.9,335.2,60.7,26.97,98.6,Normal,0,0,0,0,0,Normal operation
ISZ-008,2026-09-08 13:20:00,1960.0,41.4,44.2,14.0,85.8,332.0,71.4,27.34,99.7,Normal,0,0,0,0,0,Normal operation
ISZ-008,2026-09-08 13:30:00,1016.0,35.2,44.1,22.9,96.6,272.3,79.9,27.36,70.5,Normal,0,0,0,0,0,Normal operation
ISZ-008,2026-09-08 13:40:00,1316.0,59.8,42.0,38.8,90.8,327.4,70.5,27.28,105.5,Normal,0,0,0,0,0,Normal operation
ISZ-008,2026-09-08 13:50:00,1584.0,41.0,88.9,77.4,92.7,342.4,66.3,27.04,96.6,Normal,0,0,0,0,0,Normal operation
ISZ-008,2026-09-08 14:00:00,526.0,0,16.4,2.4,89.3,247.0,26.2,27.61,32.8,Normal,0,0,1,0,0,Normal operation
ISZ-008,2026-09-08 14:10:00,559.0,0.7,7.0,0.5,91.2,285.2,37.0,26.58,55.1,Normal,0,0,1,0,0,Normal operation
ISZ-008,2026-09-08 14:20:00,541.0,2.5,22.4,0,88.5,220.1,34.5,27.16,40.5,Normal,0,0,0,0,0,Normal operation
ISZ-008,2026-09-08 14:30:00,553.0,0,15.9,0,85.8,283.1,41.1,27.24,8,Normal,0,0,1,0,0,Normal operation
ISZ-008,2026-09-08 14:40:00,1013.0,25.6,20,24.3,90.0,281.4,65.2,26.64,133.9,Normal,0,0,0,0,0,Normal operation
ISZ-008,2026-09-08 14:50:00,1283.0,72.5,36.1,76.9,83.5,335.1,53.0,27.26,133.3,Normal,0,0,0,0,0,Normal operation
ISZ-008,2026-09-08 15:00:00,1434.0,34.1,30.1,32.6,88.6,290.7,65.8,27.39,82.8,Normal,0,0,0,0,0,Normal operation
ISZ-008,2026-09-08 15:10:00,1855.0,16.7,63.2,47.7,92.0,345.6,55.0,27.56,126.9,Normal,0,0,0,0,0,Normal operation
ISZ-008,2026-09-08 15:20:00,1274.0,46.1,62.4,46.7,77.1,320.8,63.9,27.45,103.1,Normal,0,0,0,0,0,Normal operation
ISZ-008,2026-09-08 15:30:00,1837.0,57.7,51.1,39.6,81.1,356.6,77.9,27.49,120.6,Normal,0,0,0,0,0,Normal operation
ISZ-008,2026-09-08 15:40:00,1151.0,40.3,47.9,72.7,91.3,317.7,77.1,27.56,61.7,Normal,0,0,0,0,0,Normal operation
ISZ-008,2026-09-08 15:50:00,2119.0,44.9,57.2,65.0,85.4,349.1,83.0,26.41,155.5,Normal,0,0,0,0,0,Normal operation
ISZ-008,2026-09-08 16:00:00,1358.0,30.3,40.5,41.9,86.5,327.5,50.7,27.91,84.8,Normal,0,0,0,0,0,Normal operation
ISZ-008,2026-09-08 16:10:00,1810.0,26.7,59.2,16.3,82.4,341.6,58.5,26.97,124.6,Normal,0,0,0,0,0,Normal operation
ISZ-008,2026-09-08 16:20:00,1436.0,65.1,61.7,15.9,87.4,325.0,68.8,26.96,128.7,Normal,0,0,0,0,0,Normal operation
ISZ-008,2026-09-08 16:30:00,1230.0,49.3,47.1,43.1,80.5,343.3,66.6,27.4,58.3,Normal,0,0,0,0,0,Normal operation
ISZ-008,2026-09-08 16:40:00,1383.0,48.2,51.3,54.5,90.3,329.2,63.2,27.48,117.5,Normal,0,0,0,0,0,Normal operation
ISZ-008,2026-09-08 16:50:00,1462.0,78.2,43.4,44.6,83.6,357.3,62.8,26.77,61.9,Normal,0,0,0,0,0,Normal operation
ISZ-008,2026-09-08 17:00:00,1667.0,47.1,59.4,45.2,83.0,336.5,59.6,26.96,95.4,Normal,0,0,0,0,0,Normal operation
ISZ-008,2026-09-08 17:10:00,1418.0,28.2,61.5,36.3,88.1,332.2,61.6,26.98,92.4,Normal,0,0,0,0,0,Normal operation
ISZ-008,2026-09-08 17:20:00,2162.0,43.5,37.7,35.7,80.7,356.7,50.8,26.77,96.8,Normal,0,0,0,0,0,Normal operation
ISZ-008,2026-09-08 17:30:00,1701.0,61.6,36.7,35.5,86.6,322.0,71.7,27.59,99.5,Normal,0,0,0,0,0,Normal operation
ISZ-008,2026-09-08 17:40:00,2107.0,57.6,58.3,72.2,90.6,325.6,58.6,27.35,95.1,Normal,0,0,0,0,0,Normal operation
ISZ-008,2026-09-08 17:50:00,1828.0,42.8,44.5,38.0,77.5,366.5,73.3,26.48,117.4,Normal,0,0,0,0,0,Normal operation
ISZ-008,2026-09-08 18:00:00,550.0,3.9,27.0,2.1,90.4,288.8,19.1,26.84,36.6,Normal,0,0,1,1,0,Normal operation
ISZ-008,2026-09-08 18:10:00,551.0,1.5,15.9,0.6,96.0,219.2,32.8,27.29,9.5,Normal,0,0,1,0,0,Normal operation
ISZ-008,2026-09-08 18:20:00,543.0,2.5,19.6,0,81.7,244.0,30.9,27.77,13.1,Normal,0,0,0,0,0,Normal operation
ISZ-008,2026-09-08 18:30:00,540.0,1.5,20.9,3.2,84.5,220.3,37.8,27.49,33.3,Normal,0,0,0,0,0,Normal operation
ISZ-008,2026-09-08 18:40:00,1795.0,31.1,33.8,44.1,85.5,322.5,65.0,27.93,115.5,Normal,0,0,0,0,0,Normal operation
ISZ-008,2026-09-08 18:50:00,1944.0,35.7,60.4,24.9,89.0,330.4,64.9,27.17,90.8,Normal,0,0,0,0,0,Normal operation
ISZ-008,2026-09-08 19:00:00,2314.0,77.0,60.9,46.5,87.3,345.9,64.3,27.36,98.4,Normal,0,0,0,0,0,Normal operation
ISZ-008,2026-09-08 19:10:00,2358.0,59.2,73.0,29.2,80.8,300.9,56.0,27.34,90.1,Normal,0,0,0,0,0,Normal operation
ISZ-008,2026-09-08 19:20:00,998.0,68.4,59.1,80.0,90.5,353.2,54.7,27.51,110.9,Normal,0,0,0,0,0,Normal operation
ISZ-008,2026-09-08 19:30:00,1214.0,43.5,50.9,67.8,84.6,342.0,69.1,26.63,136.4,Normal,0,0,0,0,0,Normal operation
ISZ-008,2026-09-08 19:40:00,1426.0,47.1,76.0,41.4,85.4,366.6,68.6,26.6,46.7,Normal,0,0,0,0,0,Normal operation
ISZ-008,2026-09-08 19:50:00,1732.0,67.8,60.9,24.7,84.8,324.5,58.4,27.41,59.3,Normal,0,0,0,0,0,Normal operation
ISZ-008,2026-09-08 20:00:00,1386.0,55.4,79.2,50.3,83.2,322.9,69.5,27.45,129.2,Normal,0,0,0,0,0,Normal operation
ISZ-008,2026-09-08 20:10:00,972.0,58.9,60.5,69.7,88.3,302.0,55.7,26.4,78.8,Normal,0,0,0,0,0,Normal operation
ISZ-008,2026-09-08 20:20:00,1574.0,34.0,79.3,64.7,86.4,341.4,70.2,26.87,122.9,Normal,0,0,0,0,0,Normal operation
ISZ-008,2026-09-08 20:30:00,1857.0,79.5,69.6,22.2,86.2,335.5,67.7,27.45,102.8,Normal,0,0,0,0,0,Normal operation
ISZ-008,2026-09-08 20:40:00,1613.0,58.9,53.6,86.1,87.1,289.3,82.9,27.24,66.1,Normal,0,0,0,0,0,Normal operation
ISZ-008,2026-09-08 20:50:00,1768.0,48.5,31.1,60.5,82.1,350.9,69.0,27.47,128.7,Normal,0,0,0,0,0,Normal operation
ISZ-008,2026-09-08 21:00:00,1122.0,37.1,70.5,59.2,91.8,282.3,72.6,27.22,99.8,Normal,0,0,0,0,0,Normal operation
ISZ-008,2026-09-08 21:10:00,1194.0,31.7,39.3,49.9,81.1,300.4,62.1,26.78,85.9,Normal,0,0,0,0,0,Normal operation
ISZ-008,2026-09-08 21:20:00,1231.0,52.6,53.2,49.1,91.4,364.4,56.2,27.68,67.6,Normal,0,0,0,0,0,Normal operation
ISZ-008,2026-09-08 21:30:00,1744.0,68.2,64.0,56.9,86.8,327.0,61.6,27.76,124.0,Normal,0,0,0,0,0,Normal operation
ISZ-008,2026-09-08 21:40:00,1567.0,83.1,76.4,21.0,90.1,298.5,78.3,27.21,87.8,Normal,0,0,0,0,0,Normal operation
ISZ-008,2026-09-08 21:50:00,1762.0,16.9,53.4,58.6,80.2,352.7,73.2,27.31,94.2,Normal,0,0,0,0,0,Normal operation
ISZ-008,2026-09-08 22:00:00,534.0,0,5,5.5,84.7,231.3,31.0,27.91,16.4,Normal,0,0,0,0,0,Normal operation
ISZ-008,2026-09-08 22:10:00,538.0,1.7,27.5,2.0,82.7,244.2,47.8,27.64,27.6,Normal,0,0,0,0,0,Normal operation
ISZ-008,2026-09-08 22:20:00,534.0,1.8,20.1,1.8,89.2,334.2,24.6,27.13,39.6,Normal,0,0,0,1,0,Normal operation
ISZ-008,2026-09-08 22:30:00,549.0,2.1,18.1,1.8,84.3,234.7,27.1,27.32,32.5,Normal,0,0,0,0,0,Normal operation
ISZ-008,2026-09-08 22:40:00,1408.0,43.8,46.1,43.1,82.2,336.4,51.5,26.81,82.2,Normal,0,0,0,0,0,Normal operation
ISZ-008,2026-09-08 22:50:00,1759.0,43.9,56.6,8,89.1,367.3,54.1,27.04,112.1,Normal,0,0,0,0,0,Normal operation
ISZ-008,2026-09-08 23:00:00,1075.0,71.0,64.2,24.0,90.6,348.0,62.2,27.76,89.4,Normal,0,0,0,0,0,Normal operation
ISZ-008,2026-09-08 23:10:00,1298.0,56.9,47.3,30.6,92.6,311.0,70.1,27.93,100.2,Normal,0,0,0,0,0,Normal operation
ISZ-008,2026-09-08 23:20:00,1066.0,44.4,55.1,41.9,88.3,353.7,70.5,26.9,42.4,Normal,0,0,0,0,0,Normal operation
ISZ-008,2026-09-08 23:30:00,1885.0,67.1,85.1,36.9,87.5,339.2,61.3,26.72,84.3,Normal,0,0,0,0,0,Normal operation
ISZ-008,2026-09-08 23:40:00,1677.0,20.7,95,26.0,82.9,314.0,62.8,27.08,86.0,Normal,0,0,0,0,0,Normal operation
ISZ-008,2026-09-08 23:50:00,903.0,64.6,71.1,28.0,83.3,364.4,58.5,26.96,70.1,Normal,0,0,0,0,0,Normal operation
ISZ-008,2026-09-09 00:00:00,1804.0,79.1,93.3,34.5,85.6,353.6,61.2,26.51,138.4,Normal,0,0,0,0,0,Normal operation
ISZ-008,2026-09-09 00:10:00,1890.0,13.2,53.5,8,94.4,324.4,64.8,26.41,83.5,Normal,0,0,0,0,0,Normal operation
ISZ-008,2026-09-09 00:20:00,2069.0,19.0,56.5,62.5,87.9,338.5,73.6,26.95,65.1,Normal,0,0,0,0,0,Normal operation
ISZ-008,2026-09-09 00:30:00,1360.0,46.0,83.9,47.4,91.5,368.3,51.8,27.7,42.1,Normal,0,0,0,0,0,Normal operation
ISZ-008,2026-09-09 00:40:00,1915.0,72.1,57.8,57.7,85.0,312.7,56.5,26.49,78.2,Normal,0,0,0,0,0,Normal operation
ISZ-008,2026-09-09 00:50:00,1123.0,49.9,41.2,62.0,88.0,329.8,67.5,27.17,87.2,Normal,0,0,0,0,0,Normal operation
ISZ-008,2026-09-09 01:00:00,1637.0,57.7,48.1,73.2,75.5,320.2,76.5,27.22,91.4,Normal,0,0,0,0,0,Normal operation
ISZ-008,2026-09-09 01:10:00,1704.0,60.2,72.9,69.8,92.6,371.3,67.5,27.42,75.1,Normal,0,0,0,0,0,Normal operation
ISZ-008,2026-09-09 01:20:00,1407.0,61.7,59.6,51.0,82.9,355.7,57.7,27.33,70.0,Normal,0,0,0,0,0,Normal operation
ISZ-008,2026-09-09 01:30:00,1633.0,34.3,68.7,22.4,86.4,365.5,60.2,27.09,115.1,Normal,0,0,0,0,0,Normal operation
ISZ-008,2026-09-09 01:40:00,1211.0,65.9,91.1,42.9,92.1,329.5,57.1,27.0,60.8,Normal,0,0,0,0,0,Normal operation
ISZ-008,2026-09-09 01:50:00,1522.0,49.4,48.1,43.8,91.8,357.8,68.9,27.66,131.2,Normal,0,0,0,0,0,Normal operation
ISZ-009,2026-09-08 06:00:00,533.0,2.0,23.0,2.3,85.1,288.5,14.6,27.19,67.2,Normal,0,0,0,1,0,Normal operation
ISZ-009,2026-09-08 06:10:00,553.0,3.5,17.6,1.7,87.4,290.9,49.3,27.76,46.8,Normal,0,0,1,0,0,Normal operation
ISZ-009,2026-09-08 06:20:00,539.0,2.1,18.1,0,88.1,173.1,30.4,26.85,38.0,Normal,0,0,0,0,0,Normal operation
ISZ-009,2026-09-08 06:30:00,542.0,1.2,14.1,1.8,88.1,248.3,48.5,27.61,47.4,Normal,0,0,0,0,0,Normal operation
ISZ-009,2026-09-08 06:40:00,1731.0,40.7,71.9,35.6,89.2,284.2,70.4,26.95,104.6,Normal,0,0,0,0,0,Normal operation
ISZ-009,2026-09-08 06:50:00,1597.0,68.5,92.2,33.8,87.2,285.6,66.0,27.46,119.8,Normal,0,0,0,0,0,Normal operation
ISZ-009,2026-09-08 07:00:00,1614.0,41.3,22.9,68.4,91.4,324.7,79.0,27.31,80.2,Normal,0,0,0,0,0,Normal operation
ISZ-009,2026-09-08 07:10:00,1085.0,31.6,70.9,52.3,93.2,307.9,60.5,27.15,122.5,Normal,0,0,0,0,0,Normal operation
ISZ-009,2026-09-08 07:20:00,1336.0,72.9,73.4,24.7,83.2,364.1,61.4,27.73,109.7,Normal,0,0,0,0,0,Normal operation
ISZ-009,2026-09-08 07:30:00,1757.0,21.7,52.7,44.9,98.1,351.9,58.2,28.42,89.6,Normal,0,0,0,0,0,Normal operation
ISZ-009,2026-09-08 07:40:00,1500.0,51.3,43.9,57.5,85.7,348.2,77.7,27.21,49.0,Normal,0,0,0,0,0,Normal operation
ISZ-009,2026-09-08 07:50:00,1679.0,49.2,69.4,72.6,92.3,341.4,62.6,26.89,83.6,Normal,0,0,0,0,0,Normal operation
ISZ-009,2026-09-08 08:00:00,1624.0,64.0,84.5,34.3,80.0,325.9,83.0,27.36,58.9,Normal,0,0,0,0,0,Normal operation
ISZ-009,2026-09-08 08:10:00,1229.0,48.2,74.5,28.1,91.5,303.4,74.6,27.46,87.1,Normal,0,0,0,0,0,Normal operation
ISZ-009,2026-09-08 08:20:00,1936.0,44.3,77.8,28.3,91.4,333.3,60.8,26.99,94.7,Normal,0,0,0,0,0,Normal operation
ISZ-009,2026-09-08 08:30:00,909.0,58.3,70.1,53.9,87.0,353.8,57.7,27.07,65.5,Normal,0,0,0,0,0,Normal operation
ISZ-009,2026-09-08 08:40:00,1553.0,84.3,48.4,27.4,88.2,385.6,57.5,27.02,95.8,Normal,0,0,0,0,0,Normal operation
ISZ-009,2026-09-08 08:50:00,1604.0,42.6,60.4,50.2,86.1,294.6,80.7,26.42,75.1,Normal,0,0,0,0,0,Normal operation
ISZ-009,2026-09-08 09:00:00,1342.0,53.0,87.4,23.9,86.1,309.6,73.7,27.02,125.8,Normal,0,0,0,0,0,Normal operation
ISZ-009,2026-09-08 09:10:00,1804.0,43.3,37.4,11.2,86.5,363.7,65.5,26.42,101.4,Normal,0,0,0,0,0,Normal operation
ISZ-009,2026-09-08 09:20:00,841.0,67.0,78.2,69.8,80.4,395.4,58.4,27.11,109.2,Normal,0,0,0,0,0,Normal operation
ISZ-009,2026-09-08 09:30:00,969.0,36.0,59.7,42.3,81.4,349.4,58.5,27.79,82.6,Normal,0,0,0,0,0,Normal operation
ISZ-009,2026-09-08 09:40:00,1567.0,41.1,20,49.3,80.9,347.7,69.2,27.45,72.7,Normal,0,0,0,0,0,Normal operation
ISZ-009,2026-09-08 09:50:00,1695.0,78.3,67.2,52.3,84.7,315.6,79.7,27.27,70.4,Normal,0,0,0,0,0,Normal operation
ISZ-009,2026-09-08 10:00:00,527.0,1.5,18.7,3.9,88.0,289.3,25.9,27.82,34.1,Normal,0,0,1,0,0,Normal operation
ISZ-009,2026-09-08 10:10:00,532.0,0,26.7,4.3,85.0,232.7,36.6,26.83,39.8,Normal,0,0,0,0,0,Normal operation
ISZ-009,2026-09-08 10:20:00,527.0,2.2,20.0,3.3,84.5,296.2,30.5,26.83,19.3,Normal,0,0,1,0,0,Normal operation
ISZ-009,2026-09-08 10:30:00,546.0,2.6,27.1,2.7,94.3,225.9,26.3,27.86,24.3,Normal,0,0,0,0,0,Normal operation
ISZ-009,2026-09-08 10:40:00,1510.0,30.0,22.3,57.1,92.9,296.3,64.8,27.8,138.8,Normal,0,0,0,0,0,Normal operation
ISZ-009,2026-09-08 10:50:00,1572.0,50.1,72.9,12.1,89.9,351.5,61.8,27.48,113.5,Normal,0,0,0,0,0,Normal operation
ISZ-009,2026-09-08 11:00:00,1697.0,77.3,78.8,38.4,87.9,323.5,67.6,26.65,75.4,Normal,0,0,0,0,0,Normal operation
ISZ-009,2026-09-08 11:10:00,1475.0,71.7,77.0,39.0,82.7,315.6,66.4,26.77,132.6,Normal,0,0,0,0,0,Normal operation
ISZ-009,2026-09-08 11:20:00,2200.0,47.6,63.3,13.6,87.5,332.1,63.2,26.94,128.8,Normal,0,0,0,0,0,Normal operation
ISZ-009,2026-09-08 11:30:00,2206.0,85.7,60.1,22.8,92.6,300.4,67.4,27.1,104.3,Normal,0,0,0,0,0,Normal operation
ISZ-009,2026-09-08 11:40:00,802.0,52.8,64.7,36.5,81.9,358.8,64.3,27.11,101.3,Normal,0,0,0,0,0,Normal operation
ISZ-009,2026-09-08 11:50:00,1837.0,70.0,63.2,62.0,86.5,273.6,65.8,27.09,92.1,Normal,0,0,0,0,0,Normal operation
ISZ-009,2026-09-08 12:00:00,1276.0,63.3,31.5,56.7,81.2,355.7,57.9,26.53,78.0,Normal,0,0,0,0,0,Normal operation
ISZ-009,2026-09-08 12:10:00,1529.0,29.0,77.8,51.2,85.0,347.7,61.9,26.39,132.2,Normal,0,0,0,0,0,Normal operation
ISZ-009,2026-09-08 12:20:00,2057.0,82.6,58.7,23.2,85.3,310.5,67.4,27.89,101.1,Normal,0,0,0,0,0,Normal operation
ISZ-009,2026-09-08 12:30:00,1670.0,47.4,87.6,60.1,89.3,339.8,58.9,26.9,112.4,Normal,0,0,0,0,0,Normal operation
ISZ-009,2026-09-08 12:40:00,1639.0,59.7,59.0,62.3,79.3,367.2,57.8,26.69,102.8,Normal,0,0,0,0,0,Normal operation
ISZ-009,2026-09-08 12:50:00,1651.0,50.0,30.8,16.2,76.9,349.9,65.3,27.11,115.7,Normal,0,0,0,0,0,Normal operation
ISZ-009,2026-09-08 13:00:00,1718.0,57.6,81.5,48.9,88.2,283.2,73.5,27.7,100.8,Normal,0,0,0,0,0,Normal operation
ISZ-009,2026-09-08 13:10:00,2007.0,74.7,88.7,72.3,87.9,352.4,66.8,27.44,115.2,Normal,0,0,0,0,0,Normal operation
ISZ-009,2026-09-08 13:20:00,1246.0,46.4,29.4,48.9,86.9,341.5,67.4,27.87,107.3,Normal,0,0,0,0,0,Normal operation
ISZ-009,2026-09-08 13:30:00,936.0,39.5,64.4,18.1,89.5,322.2,71.6,27.29,80.6,Normal,0,0,0,0,0,Normal operation
ISZ-009,2026-09-08 13:40:00,1525.0,46.6,22.5,51.9,85.9,326.7,60.7,27.75,111.3,Normal,0,0,0,0,0,Normal operation
ISZ-009,2026-09-08 13:50:00,2360.0,28.1,88.3,20.8,82.9,355.4,58.8,27.49,113.9,Normal,0,0,0,0,0,Normal operation
ISZ-009,2026-09-08 14:00:00,533.0,0,22.6,3.4,82.9,186.7,43.8,27.52,55.6,Normal,0,0,0,0,0,Normal operation
ISZ-009,2026-09-08 14:10:00,533.0,0.5,16.5,0,85.5,249.3,29.9,27.12,8,Normal,0,0,0,0,0,Normal operation
ISZ-009,2026-09-08 14:20:00,542.0,0,14.6,1.8,92.9,253.0,23.2,27.32,42.6,Normal,0,0,0,1,0,Normal operation
ISZ-009,2026-09-08 14:30:00,519.0,0,23.5,3.1,87.9,241.8,31.0,27.19,14.7,Normal,0,0,1,0,0,Normal operation
ISZ-009,2026-09-08 14:40:00,1551.0,74.5,95,72.1,88.4,297.9,75.9,27.09,98.9,Normal,0,0,0,0,0,Normal operation
ISZ-009,2026-09-08 14:50:00,1144.0,31.8,40.6,20.7,87.2,366.4,65.8,27.22,55.9,Normal,0,0,0,0,0,Normal operation
ISZ-009,2026-09-08 15:00:00,1259.0,51.0,61.3,36.3,86.1,343.3,54.0,27.91,90.7,Normal,0,0,0,0,0,Normal operation
ISZ-009,2026-09-08 15:10:00,1748.0,42.1,54.1,59.6,86.0,317.1,66.8,27.18,94.5,Normal,0,0,0,0,0,Normal operation
ISZ-009,2026-09-08 15:20:00,2075.0,20.2,53.6,36.5,88.4,313.9,67.5,26.49,86.8,Normal,0,0,0,0,0,Normal operation
ISZ-009,2026-09-08 15:30:00,800,45.9,44.1,52.0,93.6,283.7,48.0,27.57,84.3,Normal,0,0,0,0,0,Normal operation
ISZ-009,2026-09-08 15:40:00,1775.0,86.9,62.9,64.2,88.1,364.6,64.6,26.99,83.7,Normal,0,0,0,0,0,Normal operation
ISZ-009,2026-09-08 15:50:00,1560.0,19.8,86.2,56.7,87.1,364.8,58.0,26.58,106.1,Normal,0,0,0,0,0,Normal operation
ISZ-009,2026-09-08 16:00:00,1782.0,49.3,72.4,42.8,85.5,295.3,53.8,27.49,138.4,Normal,0,0,0,0,0,Normal operation
ISZ-009,2026-09-08 16:10:00,2151.0,63.2,20,8,88.0,311.7,57.2,26.9,44.9,Normal,0,0,0,0,0,Normal operation
ISZ-009,2026-09-08 16:20:00,1454.0,64.6,79.4,51.7,86.7,301.2,62.2,27.44,98.3,Normal,0,0,0,0,0,Normal operation
ISZ-009,2026-09-08 16:30:00,2006.0,76.5,75.0,69.0,87.9,351.4,61.2,27.03,122.1,Normal,0,0,0,0,0,Normal operation
ISZ-009,2026-09-08 16:40:00,2384.0,48.5,50.0,30.5,88.3,312.8,75.4,26.59,139.4,Normal,0,0,0,0,0,Normal operation
ISZ-009,2026-09-08 16:50:00,1237.0,39.6,45.6,35.6,81.1,291.7,59.5,27.65,127.1,Normal,0,0,0,0,0,Normal operation
ISZ-009,2026-09-08 17:00:00,1464.0,39.8,68.4,99.4,87.2,264.1,60.5,26.68,71.4,Normal,0,0,0,0,0,Normal operation
ISZ-009,2026-09-08 17:10:00,1951.0,42.6,49.7,57.4,83.1,338.3,52.6,27.07,116.1,Normal,0,0,0,0,0,Normal operation
ISZ-009,2026-09-08 17:20:00,958.0,41.7,72.5,55.3,86.0,319.7,73.4,27.35,61.3,Normal,0,0,0,0,0,Normal operation
ISZ-009,2026-09-08 17:30:00,1594.0,67.2,39.2,61.1,86.0,330.5,62.0,27.85,133.7,Normal,0,0,0,0,0,Normal operation
ISZ-009,2026-09-08 17:40:00,1279.0,71.7,79.5,56.1,84.1,298.4,72.8,26.16,140.5,Normal,0,0,0,0,0,Normal operation
ISZ-009,2026-09-08 17:50:00,1705.0,55.4,57.2,53.5,88.5,344.7,79.2,27.5,72.2,Normal,0,0,0,0,0,Normal operation
ISZ-009,2026-09-08 18:00:00,548.0,2.5,18.5,0,94.0,298.1,17.6,27.27,8,Normal,0,0,0,1,0,Normal operation
ISZ-009,2026-09-08 18:10:00,534.0,0.6,10.1,3.8,86.8,241.4,20.9,26.96,25.9,Normal,0,0,0,1,0,Normal operation
ISZ-009,2026-09-08 18:20:00,563.0,0,21.4,2.4,85.8,215.7,39.9,27.83,43.5,Normal,0,0,1,0,0,Normal operation
ISZ-009,2026-09-08 18:30:00,522.0,0,21.4,5.0,84.0,230.3,13.6,27.41,69.5,Normal,0,0,1,1,0,Normal operation
ISZ-009,2026-09-08 18:40:00,2152.0,55.6,45.7,29.7,81.7,352.2,71.4,27.33,66.5,Normal,0,0,0,0,0,Normal operation
ISZ-009,2026-09-08 18:50:00,1473.0,72.4,57.9,25.7,84.3,354.8,72.6,27.04,68.3,Normal,0,0,0,0,0,Normal operation
ISZ-009,2026-09-08 19:00:00,1622.0,32.6,47.5,49.9,82.6,347.9,66.6,23.48,115.8,Undercharge,1,0,0,0,0,Charging system undercharge
ISZ-009,2026-09-08 19:10:00,2322.0,24.7,60.5,13.8,88.6,321.2,58.1,21.75,56.4,Undercharge,1,0,0,0,0,Charging system undercharge
ISZ-009,2026-09-08 19:20:00,2043.0,57.1,93.0,47.4,88.0,320.4,59.1,21.91,60.2,Undercharge,1,0,0,0,0,Charging system undercharge
ISZ-009,2026-09-08 19:30:00,1783.0,29.7,62.8,48.3,86.2,336.8,73.4,21.64,82.0,Undercharge,1,0,0,0,0,Charging system undercharge
ISZ-009,2026-09-08 19:40:00,1531.0,43.6,60.2,39.3,84.1,271.9,68.5,21.75,132.9,Undercharge,1,0,0,0,0,Charging system undercharge
ISZ-009,2026-09-08 19:50:00,813.0,64.4,37.4,8,85.6,315.7,62.7,22.3,84.0,Undercharge,1,0,0,0,0,Charging system undercharge
ISZ-009,2026-09-08 20:00:00,1480.0,40.1,64.9,56.0,91.6,348.5,65.1,22.79,107.3,Undercharge,1,0,0,0,0,Charging system undercharge
ISZ-009,2026-09-08 20:10:00,1733.0,57.5,49.6,69.2,78.8,308.5,57.0,23.14,74.9,Undercharge,1,0,0,0,0,Charging system undercharge
ISZ-009,2026-09-08 20:20:00,1661.0,68.0,65.5,50.2,87.9,334.8,59.0,20.56,98.4,Undercharge,1,0,0,0,0,Charging system undercharge
ISZ-009,2026-09-08 20:30:00,1328.0,58.4,48.8,54.1,83.9,348.9,62.6,20.54,87.0,Undercharge,1,0,0,0,0,Charging system undercharge
ISZ-009,2026-09-08 20:40:00,2182.0,34.2,70.8,53.1,90.0,319.6,75.0,21.12,83.2,Undercharge,1,0,0,0,0,Charging system undercharge
ISZ-009,2026-09-08 20:50:00,1504.0,50.5,48.4,43.4,83.1,344.1,55.9,23.06,74.9,Undercharge,1,0,0,0,0,Charging system undercharge
ISZ-009,2026-09-08 21:00:00,1842.0,76.7,70.5,40.6,93.1,242.5,65.8,20.63,86.4,Undercharge,1,0,0,0,0,Charging system undercharge
ISZ-009,2026-09-08 21:10:00,1616.0,67.5,28.3,40.0,88.7,336.6,70.6,21.97,115.3,Undercharge,1,0,0,0,0,Charging system undercharge
ISZ-009,2026-09-08 21:20:00,1713.0,19.9,78.4,17.4,85.3,337.8,69.6,22.91,106.3,Undercharge,1,0,0,0,0,Charging system undercharge
ISZ-009,2026-09-08 21:30:00,2600,75.3,57.3,59.3,86.7,347.7,68.1,22.54,74.6,Undercharge,1,0,0,0,0,Charging system undercharge
ISZ-009,2026-09-08 21:40:00,1448.0,42.0,51.4,40.3,93.2,299.0,66.6,21.64,98.8,Undercharge,1,0,0,0,0,Charging system undercharge
ISZ-009,2026-09-08 21:50:00,2022.0,44.7,28.0,69.6,88.0,322.4,77.0,22.2,89.2,Undercharge,1,0,0,0,0,Charging system undercharge
ISZ-009,2026-09-08 22:00:00,526.0,0,12.6,6.5,83.6,196.8,19.8,22.86,32.3,Undercharge,1,0,1,1,0,Charging system undercharge
ISZ-009,2026-09-08 22:10:00,559.0,3.4,15.2,3.5,74.1,227.2,21.1,23.5,59.0,Undercharge,1,0,1,1,0,Charging system undercharge
ISZ-009,2026-09-08 22:20:00,530.0,3.5,14.4,0.1,91.2,262.4,36.3,22.01,67.6,Undercharge,1,0,1,0,0,Charging system undercharge
ISZ-009,2026-09-08 22:30:00,546.0,3.3,28.5,3.1,91.2,262.7,37.5,22.48,25.8,Undercharge,1,0,0,0,0,Charging system undercharge
ISZ-009,2026-09-08 22:40:00,1500.0,55.9,91.4,8,93.1,348.6,59.2,21.72,50.3,Undercharge,1,0,0,0,0,Charging system undercharge
ISZ-009,2026-09-08 22:50:00,1425.0,52.1,73.5,20.7,81.0,379.8,67.9,21.69,103.9,Undercharge,1,0,0,0,0,Charging system undercharge
ISZ-009,2026-09-08 23:00:00,1085.0,44.8,37.4,75.9,94.4,346.5,73.7,23.32,83.6,Undercharge,1,0,0,0,0,Charging system undercharge
ISZ-009,2026-09-08 23:10:00,1069.0,58.7,55.6,22.5,84.6,300.6,58.3,22.09,47.0,Undercharge,1,0,0,0,0,Charging system undercharge
ISZ-009,2026-09-08 23:20:00,1112.0,65.6,35.5,81.3,81.0,330.5,80.1,23.18,78.2,Undercharge,1,0,0,0,0,Charging system undercharge
ISZ-009,2026-09-08 23:30:00,1430.0,65.1,53.3,68.1,90.1,314.7,65.3,20.96,115.2,Undercharge,1,0,0,0,0,Charging system undercharge
ISZ-009,2026-09-08 23:40:00,1695.0,95,48.8,22.8,90.1,309.9,58.8,22.3,89.9,Undercharge,1,0,0,0,0,Charging system undercharge
ISZ-009,2026-09-08 23:50:00,1726.0,62.1,76.0,20.1,83.6,340.6,57.2,21.17,114.1,Undercharge,1,0,0,0,0,Charging system undercharge
ISZ-009,2026-09-09 00:00:00,2127.0,58.5,49.8,8,91.1,335.2,66.8,21.13,48.6,Undercharge,1,0,0,0,0,Charging system undercharge
ISZ-009,2026-09-09 00:10:00,1375.0,48.3,55.1,58.4,82.1,304.0,35.9,21.57,87.6,Undercharge,1,0,0,0,0,Charging system undercharge
ISZ-009,2026-09-09 00:20:00,1589.0,43.3,70.0,70.0,81.4,349.9,72.7,21.77,115.9,Undercharge,1,0,0,0,0,Charging system undercharge
ISZ-009,2026-09-09 00:30:00,1945.0,55.8,64.7,19.4,81.0,322.3,62.2,21.21,124.0,Undercharge,1,0,0,0,0,Charging system undercharge
ISZ-009,2026-09-09 00:40:00,1303.0,62.7,49.6,67.3,89.2,315.5,46.8,20.6,126.1,Undercharge,1,0,0,0,0,Charging system undercharge
ISZ-009,2026-09-09 00:50:00,1946.0,55.2,42.5,76.8,91.9,331.0,79.8,22.59,93.1,Undercharge,1,0,0,0,0,Charging system undercharge
ISZ-009,2026-09-09 01:00:00,1451.0,65.4,61.1,38.7,83.9,307.6,70.2,22.11,78.5,Undercharge,1,0,0,0,0,Charging system undercharge
ISZ-009,2026-09-09 01:10:00,1476.0,55.9,69.9,50.1,84.0,344.2,63.0,21.67,107.6,Undercharge,1,0,0,0,0,Charging system undercharge
ISZ-009,2026-09-09 01:20:00,1419.0,80.2,72.9,100,93.3,331.9,62.2,23.05,79.1,Undercharge,1,0,0,0,0,Charging system undercharge
ISZ-009,2026-09-09 01:30:00,2259.0,57.4,65.9,42.0,87.5,341.1,73.7,21.78,87.9,Undercharge,1,0,0,0,0,Charging system undercharge
ISZ-009,2026-09-09 01:40:00,1376.0,5,65.7,52.6,92.2,320.5,61.9,20.85,98.4,Undercharge,1,0,0,0,0,Charging system undercharge
ISZ-009,2026-09-09 01:50:00,1947.0,41.5,55.6,52.0,84.0,322.7,73.1,20.96,92.1,Undercharge,1,0,0,0,0,Charging system undercharge
ISZ-010,2026-09-08 06:00:00,536.0,0,18.2,0,87.1,233.6,37.1,26.72,20.8,Normal,0,0,0,0,0,Normal operation
ISZ-010,2026-09-08 06:10:00,535.0,0,12.4,2.7,88.7,294.6,39.5,27.77,21.6,Normal,0,0,0,0,0,Normal operation
ISZ-010,2026-09-08 06:20:00,541.0,0.1,25.6,5.2,85.8,230.0,24.1,27.19,9.4,Normal,0,0,0,1,0,Normal operation
ISZ-010,2026-09-08 06:30:00,539.0,0.9,23.0,4.9,82.3,237.6,37.7,26.52,15.0,Normal,0,0,0,0,0,Normal operation
ISZ-010,2026-09-08 06:40:00,1296.0,30.8,60.1,73.5,83.3,319.5,58.0,26.91,90.6,Normal,0,0,0,0,0,Normal operation
ISZ-010,2026-09-08 06:50:00,1905.0,52.7,69.4,47.7,90.3,328.2,60.3,27.56,122.5,Normal,0,0,0,0,0,Normal operation
ISZ-010,2026-09-08 07:00:00,2048.0,53.6,49.2,40.6,89.7,342.1,62.1,27.34,100.2,Normal,0,0,0,0,0,Normal operation
ISZ-010,2026-09-08 07:10:00,1728.0,55.1,80.2,66.7,81.7,355.2,62.7,26.65,135.5,Normal,0,0,0,0,0,Normal operation
ISZ-010,2026-09-08 07:20:00,2226.0,73.2,52.3,34.6,91.4,340.8,61.8,28.0,75.1,Normal,0,0,0,0,0,Normal operation
ISZ-010,2026-09-08 07:30:00,1064.0,54.4,62.2,33.7,84.8,361.7,55.7,26.63,107.4,Normal,0,0,0,0,0,Normal operation
ISZ-010,2026-09-08 07:40:00,1570.0,53.4,61.4,48.0,87.2,285.4,72.0,27.05,116.5,Normal,0,0,0,0,0,Normal operation
ISZ-010,2026-09-08 07:50:00,1313.0,41.4,20,44.8,86.3,312.7,67.1,27.16,45.5,Normal,0,0,0,0,0,Normal operation
ISZ-010,2026-09-08 08:00:00,1533.0,46.6,71.3,39.0,89.2,373.3,66.4,27.96,67.2,Normal,0,0,0,0,0,Normal operation
ISZ-010,2026-09-08 08:10:00,1098.0,67.4,42.0,50.4,86.5,320.7,62.8,27.27,114.5,Normal,0,0,0,0,0,Normal operation
ISZ-010,2026-09-08 08:20:00,1514.0,53.4,71.9,8,80.5,301.7,64.3,26.67,101.2,Normal,0,0,0,0,0,Normal operation
ISZ-010,2026-09-08 08:30:00,1346.0,72.2,59.2,48.0,82.7,312.6,49.6,27.52,145.9,Normal,0,0,0,0,0,Normal operation
ISZ-010,2026-09-08 08:40:00,1487.0,62.4,28.4,16.0,84.3,377.4,63.8,26.72,97.2,Normal,0,0,0,0,0,Normal operation
ISZ-010,2026-09-08 08:50:00,1940.0,63.0,49.5,27.2,92.9,380.9,73.2,26.43,110.8,Normal,0,0,0,0,0,Normal operation
ISZ-010,2026-09-08 09:00:00,1159.0,84.4,89.0,42.6,84.4,330.6,64.8,27.57,90.7,Normal,0,0,0,0,0,Normal operation
ISZ-010,2026-09-08 09:10:00,1449.0,45.6,71.5,42.4,83.1,295.4,63.9,26.88,95.9,Normal,0,0,0,0,0,Normal operation
ISZ-010,2026-09-08 09:20:00,1642.0,71.0,79.7,38.4,85.4,329.9,70.5,26.52,82.1,Normal,0,0,0,0,0,Normal operation
ISZ-010,2026-09-08 09:30:00,1587.0,60.8,45.5,68.1,85.2,353.4,71.6,27.51,86.2,Normal,0,0,0,0,0,Normal operation
ISZ-010,2026-09-08 09:40:00,1088.0,54.8,52.8,29.8,87.5,272.3,59.3,27.13,104.9,Normal,0,0,0,0,0,Normal operation
ISZ-010,2026-09-08 09:50:00,1773.0,56.2,58.4,52.9,88.8,295.9,54.4,27.26,70.0,Normal,0,0,0,0,0,Normal operation
ISZ-010,2026-09-08 10:00:00,547.0,0.5,8.5,2.7,92.7,243.8,30.3,27.41,36.7,Normal,0,0,0,0,0,Normal operation
ISZ-010,2026-09-08 10:10:00,555.0,1.5,11.6,2.5,91.3,276.1,48.2,27.39,11.6,Normal,0,0,1,0,0,Normal operation
ISZ-010,2026-09-08 10:20:00,540.0,3.4,23.4,3.9,83.5,225.4,27.6,27.16,32.3,Normal,0,0,0,0,0,Normal operation
ISZ-010,2026-09-08 10:30:00,527.0,0,11.3,5.1,89.1,249.5,32.8,27.35,43.4,Normal,0,0,1,0,0,Normal operation
ISZ-010,2026-09-08 10:40:00,1616.0,28.4,48.4,60.6,92.0,366.0,60.9,27.1,42.6,Normal,0,0,0,0,0,Normal operation
ISZ-010,2026-09-08 10:50:00,1139.0,52.1,73.9,8,92.4,344.8,53.5,27.9,91.0,Normal,0,0,0,0,0,Normal operation
ISZ-010,2026-09-08 11:00:00,2415.0,62.0,35.9,33.3,85.4,293.9,60.7,27.13,52.0,Normal,0,0,0,0,0,Normal operation
ISZ-010,2026-09-08 11:10:00,1278.0,33.0,80.0,18.1,88.0,341.6,69.3,26.78,33.4,Normal,0,0,0,0,0,Normal operation
ISZ-010,2026-09-08 11:20:00,1544.0,37.8,61.2,51.9,84.6,325.0,69.3,27.36,66.0,Normal,0,0,0,0,0,Normal operation
ISZ-010,2026-09-08 11:30:00,1586.0,49.4,83.7,60.1,89.0,359.0,65.8,27.91,59.8,Normal,0,0,0,0,0,Normal operation
ISZ-010,2026-09-08 11:40:00,1347.0,68.9,54.3,14.4,87.8,319.9,58.7,27.27,69.3,Normal,0,0,0,0,0,Normal operation
ISZ-010,2026-09-08 11:50:00,1144.0,43.4,56.4,17.3,83.0,371.2,64.1,27.05,97.8,Normal,0,0,0,0,0,Normal operation
ISZ-010,2026-09-08 12:00:00,2144.0,70.7,50.7,60.1,81.6,318.6,62.9,27.68,90.0,Normal,0,0,0,0,0,Normal operation
ISZ-010,2026-09-08 12:10:00,1467.0,65.4,74.5,35.4,85.2,390.0,75.2,27.4,117.3,Normal,0,0,0,0,0,Normal operation
ISZ-010,2026-09-08 12:20:00,1102.0,54.5,49.6,69.9,81.1,263.0,52.7,26.78,94.3,Normal,0,0,0,0,0,Normal operation
ISZ-010,2026-09-08 12:30:00,1494.0,39.5,21.4,17.8,84.6,338.5,70.8,26.53,85.7,Normal,0,0,0,0,0,Normal operation
ISZ-010,2026-09-08 12:40:00,1072.0,35.3,41.1,18.8,93.4,301.4,55.7,27.11,82.0,Normal,0,0,0,0,0,Normal operation
ISZ-010,2026-09-08 12:50:00,1812.0,45.0,56.6,58.0,87.7,306.7,54.8,27.07,70.1,Normal,0,0,0,0,0,Normal operation
ISZ-010,2026-09-08 13:00:00,1870.0,69.4,47.1,73.9,89.0,342.6,63.7,27.35,70.6,Normal,0,0,0,0,0,Normal operation
ISZ-010,2026-09-08 13:10:00,1779.0,85.2,42.0,38.2,96.5,339.6,98.5,26.38,71.9,Normal,0,0,0,0,0,Normal operation
ISZ-010,2026-09-08 13:20:00,1079.0,48.4,52.3,41.0,84.3,327.3,60.2,26.66,24.1,Normal,0,0,0,0,0,Normal operation
ISZ-010,2026-09-08 13:30:00,1887.0,63.1,64.3,68.9,86.8,347.5,63.9,27.47,118.4,Normal,0,0,0,0,0,Normal operation
ISZ-010,2026-09-08 13:40:00,1361.0,55.5,63.6,36.0,82.6,345.6,63.9,27.4,101.6,Normal,0,0,0,0,0,Normal operation
ISZ-010,2026-09-08 13:50:00,1534.0,39.5,32.5,8,85.9,351.9,72.5,27.57,103.2,Normal,0,0,0,0,0,Normal operation
ISZ-010,2026-09-08 14:00:00,544.0,0,15.8,4.2,87.5,268.5,26.8,26.88,27.7,Normal,0,0,0,0,0,Normal operation
ISZ-010,2026-09-08 14:10:00,565.0,2.1,19.9,5.5,87.0,291.1,38.7,27.72,8,Normal,0,0,1,0,0,Normal operation
ISZ-010,2026-09-08 14:20:00,560.0,0,7.9,0,79.5,221.7,35.0,27.12,30.1,Normal,0,0,1,0,0,Normal operation
ISZ-010,2026-09-08 14:30:00,546.0,0,21.3,4.1,83.4,225.7,36.7,26.84,36.6,Normal,0,0,0,0,0,Normal operation
ISZ-010,2026-09-08 14:40:00,1875.0,79.9,36.0,34.6,88.6,309.7,54.0,27.06,99.1,Normal,0,0,0,0,0,Normal operation
ISZ-010,2026-09-08 14:50:00,2065.0,72.4,84.9,8,87.2,292.6,68.2,26.26,94.4,Normal,0,0,0,0,0,Normal operation
ISZ-010,2026-09-08 15:00:00,1569.0,44.8,52.7,83.8,85.1,354.9,59.8,27.46,140.7,Normal,0,0,0,0,0,Normal operation
ISZ-010,2026-09-08 15:10:00,1543.0,45.2,61.1,39.1,88.5,352.0,63.2,26.95,112.7,Normal,0,0,0,0,0,Normal operation
ISZ-010,2026-09-08 15:20:00,2232.0,24.8,70.7,66.6,87.9,330.6,63.5,27.4,79.1,Normal,0,0,0,0,0,Normal operation
ISZ-010,2026-09-08 15:30:00,1747.0,42.1,50.6,36.2,80.0,356.0,60.9,27.69,94.5,Normal,0,0,0,0,0,Normal operation
ISZ-010,2026-09-08 15:40:00,1912.0,41.0,80.5,45.9,88.6,312.3,72.2,27.66,133.9,Normal,0,0,0,0,0,Normal operation
ISZ-010,2026-09-08 15:50:00,1490.0,62.0,66.9,54.8,77.7,321.6,55.8,27.29,89.3,Normal,0,0,0,0,0,Normal operation
ISZ-010,2026-09-08 16:00:00,2054.0,67.4,68.6,47.8,90.6,268.0,53.3,26.1,62.5,Normal,0,0,0,0,0,Normal operation
ISZ-010,2026-09-08 16:10:00,1029.0,49.4,44.1,31.6,87.3,310.9,53.3,26.82,78.8,Normal,0,0,0,0,0,Normal operation
ISZ-010,2026-09-08 16:20:00,1277.0,53.9,69.7,38.8,83.5,336.8,71.8,28.1,80.3,Normal,0,0,0,0,0,Normal operation
ISZ-010,2026-09-08 16:30:00,1282.0,49.1,80.1,29.7,89.2,324.9,70.0,26.98,108.6,Normal,0,0,0,0,0,Normal operation
ISZ-010,2026-09-08 16:40:00,1440.0,50.3,56.6,20.1,89.3,337.6,61.3,28.08,114.4,Normal,0,0,0,0,0,Normal operation
ISZ-010,2026-09-08 16:50:00,1218.0,32.1,59.4,78.6,94.8,283.7,64.3,27.11,80.2,Normal,0,0,0,0,0,Normal operation
ISZ-010,2026-09-08 17:00:00,1749.0,56.9,56.1,96.1,85.0,339.0,52.7,27.91,75.5,Normal,0,0,0,0,0,Normal operation
ISZ-010,2026-09-08 17:10:00,1754.0,66.8,84.1,67.9,88.3,318.7,67.1,27.67,77.0,Normal,0,0,0,0,0,Normal operation
ISZ-010,2026-09-08 17:20:00,1377.0,46.7,61.1,37.1,87.2,309.9,66.1,26.79,105.0,Normal,0,0,0,0,0,Normal operation
ISZ-010,2026-09-08 17:30:00,1402.0,51.6,81.0,47.1,86.2,306.2,58.5,27.23,62.7,Normal,0,0,0,0,0,Normal operation
ISZ-010,2026-09-08 17:40:00,1377.0,35.9,34.9,44.9,83.3,349.7,76.8,27.56,100.2,Normal,0,0,0,0,0,Normal operation
ISZ-010,2026-09-08 17:50:00,1466.0,49.3,76.0,40.3,89.0,320.7,51.9,26.64,77.9,Normal,0,0,0,0,0,Normal operation
ISZ-010,2026-09-08 18:00:00,539.0,1.2,10.8,5.0,87.9,245.0,14.9,26.6,29.3,Normal,0,0,0,1,0,Normal operation
ISZ-010,2026-09-08 18:10:00,532.0,0,20.8,3.4,89.5,235.0,43.7,27.37,49.1,Normal,0,0,0,0,0,Normal operation
ISZ-010,2026-09-08 18:20:00,550.0,0.5,14.8,3.4,84.4,247.3,27.9,27.03,36.7,Normal,0,0,1,0,0,Normal operation
ISZ-010,2026-09-08 18:30:00,546.0,0.5,13.8,1.2,87.7,271.1,14.8,26.45,8,Normal,0,0,0,1,0,Normal operation
ISZ-010,2026-09-08 18:40:00,1686.0,84.7,51.2,8,88.9,358.1,69.5,26.92,100.8,Normal,0,0,0,0,0,Normal operation
ISZ-010,2026-09-08 18:50:00,1559.0,39.9,78.7,68.9,78.0,366.9,65.5,26.98,104.3,Normal,0,0,0,0,0,Normal operation
ISZ-010,2026-09-08 19:00:00,2319.0,44.5,49.0,52.8,93.7,317.9,59.3,27.69,80.2,Normal,0,0,0,0,0,Normal operation
ISZ-010,2026-09-08 19:10:00,1674.0,71.7,30.5,26.4,84.8,347.5,64.4,27.61,89.8,Normal,0,0,0,0,0,Normal operation
ISZ-010,2026-09-08 19:20:00,1947.0,71.8,70.4,11.1,89.2,332.8,63.9,26.42,101.1,Normal,0,0,0,0,0,Normal operation
ISZ-010,2026-09-08 19:30:00,1752.0,83.7,91.0,68.5,87.6,310.4,55.6,27.81,124.5,Normal,0,0,0,0,0,Normal operation
ISZ-010,2026-09-08 19:40:00,800,63.1,47.3,28.2,93.6,357.1,61.5,27.57,101.0,Normal,0,0,0,0,0,Normal operation
ISZ-010,2026-09-08 19:50:00,1280.0,38.0,76.3,51.6,88.0,339.5,63.4,27.34,73.3,Normal,0,0,0,0,0,Normal operation
ISZ-010,2026-09-08 20:00:00,1895.0,47.4,39.2,55.6,87.0,356.2,49.3,27.16,71.1,Normal,0,0,0,0,0,Normal operation
ISZ-010,2026-09-08 20:10:00,1761.0,25.7,28.7,37.3,85.7,331.0,63.2,26.85,112.2,Normal,0,0,0,0,0,Normal operation
ISZ-010,2026-09-08 20:20:00,1991.0,66.5,74.1,40.6,88.7,338.7,62.9,26.58,123.4,Normal,0,0,0,0,0,Normal operation
ISZ-010,2026-09-08 20:30:00,1710.0,58.6,75.2,72.3,85.8,314.9,73.6,27.44,136.9,Normal,0,0,0,0,0,Normal operation
ISZ-010,2026-09-08 20:40:00,1916.0,83.6,34.4,16.2,79.9,347.4,57.1,26.93,110.3,Normal,0,0,0,0,0,Normal operation
ISZ-010,2026-09-08 20:50:00,1383.0,61.8,64.7,26.8,86.8,313.4,78.1,27.47,91.0,Normal,0,0,0,0,0,Normal operation
ISZ-010,2026-09-08 21:00:00,838.0,43.7,81.2,59.4,95.7,364.6,67.2,27.32,85.0,Normal,0,0,0,0,0,Normal operation
ISZ-010,2026-09-08 21:10:00,1517.0,45.7,94.8,57.3,83.8,280.6,61.8,27.26,104.3,Normal,0,0,0,0,0,Normal operation
ISZ-010,2026-09-08 21:20:00,1248.0,62.9,32.1,28.0,81.0,307.6,65.5,27.38,107.1,Normal,0,0,0,0,0,Normal operation
ISZ-010,2026-09-08 21:30:00,1528.0,52.5,66.9,55.1,90.5,333.5,67.2,27.05,67.3,Normal,0,0,0,0,0,Normal operation
ISZ-010,2026-09-08 21:40:00,1557.0,39.1,67.7,42.2,91.7,331.4,63.3,27.48,64.8,Normal,0,0,0,0,0,Normal operation
ISZ-010,2026-09-08 21:50:00,1542.0,71.5,53.2,43.0,92.9,302.5,73.1,27.26,103.3,Normal,0,0,0,0,0,Normal operation
ISZ-010,2026-09-08 22:00:00,544.0,0.9,13.3,2.5,82.0,187.3,35.6,26.34,35.9,Normal,0,0,0,0,0,Normal operation
ISZ-010,2026-09-08 22:10:00,528.0,0,20.4,4.4,88.2,208.1,35.0,27.58,61.0,Normal,0,0,1,0,0,Normal operation
ISZ-010,2026-09-08 22:20:00,545.0,0.5,19.2,2.5,88.0,220.1,31.5,27.31,43.9,Normal,0,0,0,0,0,Normal operation
ISZ-010,2026-09-08 22:30:00,565.0,2.8,19.3,0.6,79.3,290.4,27.8,26.78,23.3,Normal,0,0,1,0,0,Normal operation
ISZ-010,2026-09-08 22:40:00,1782.0,51.4,53.1,45.9,87.1,336.9,54.8,27.26,122.6,Normal,0,0,0,0,0,Normal operation
ISZ-010,2026-09-08 22:50:00,1115.0,51.6,55.4,15.7,88.9,329.0,76.1,27.35,35.5,Normal,0,0,0,0,0,Normal operation
ISZ-010,2026-09-08 23:00:00,2045.0,32.7,86.3,17.3,87.8,355.7,68.7,26.19,122.5,Normal,0,0,0,0,0,Normal operation
ISZ-010,2026-09-08 23:10:00,1932.0,51.6,32.7,28.9,86.9,376.1,56.8,27.76,129.9,Normal,0,0,0,0,0,Normal operation
ISZ-010,2026-09-08 23:20:00,1908.0,95,50.0,46.2,84.4,314.8,66.1,27.5,111.0,Normal,0,0,0,0,0,Normal operation
ISZ-010,2026-09-08 23:30:00,1753.0,38.9,33.4,73.1,88.8,402.0,69.9,26.96,80.1,Normal,0,0,0,0,0,Normal operation
ISZ-010,2026-09-08 23:40:00,1543.0,67.7,50.9,8,84.3,353.4,76.4,26.56,89.7,Normal,0,0,0,0,0,Normal operation
ISZ-010,2026-09-08 23:50:00,1307.0,95,64.0,39.7,91.6,336.5,61.9,27.46,140.1,Normal,0,0,0,0,0,Normal operation
ISZ-010,2026-09-09 00:00:00,1512.0,87.0,44.6,62.3,85.3,335.6,86.5,26.67,94.9,Normal,0,0,0,0,0,Normal operation
ISZ-010,2026-09-09 00:10:00,1636.0,40.4,34.1,60.3,91.1,314.7,71.3,26.91,112.2,Normal,0,0,0,0,0,Normal operation
ISZ-010,2026-09-09 00:20:00,1261.0,88.2,66.2,56.8,82.9,300.6,58.5,27.2,68.9,Normal,0,0,0,0,0,Normal operation
ISZ-010,2026-09-09 00:30:00,2217.0,39.7,72.2,37.6,89.2,347.1,72.8,26.57,116.1,Normal,0,0,0,0,0,Normal operation
ISZ-010,2026-09-09 00:40:00,1291.0,48.6,49.0,12.3,88.4,288.4,69.8,27.29,95.2,Normal,0,0,0,0,0,Normal operation
ISZ-010,2026-09-09 00:50:00,1155.0,47.5,52.2,32.8,91.9,308.4,63.8,27.13,54.2,Normal,0,0,0,0,0,Normal operation
ISZ-010,2026-09-09 01:00:00,1477.0,55.5,53.0,62.8,82.7,334.3,79.3,27.0,65.1,Normal,0,0,0,0,0,Normal operation
ISZ-010,2026-09-09 01:10:00,1861.0,28.0,57.9,20.9,86.9,316.7,58.4,27.23,62.6,Normal,0,0,0,0,0,Normal operation
ISZ-010,2026-09-09 01:20:00,1697.0,48.1,62.7,33.5,88.2,375.6,57.2,26.66,75.2,Normal,0,0,0,0,0,Normal operation
ISZ-010,2026-09-09 01:30:00,1262.0,45.3,41.9,56.6,89.5,290.0,75.0,27.86,80.9,Normal,0,0,0,0,0,Normal operation
ISZ-010,2026-09-09 01:40:00,1171.0,60.6,59.0,60.2,82.1,322.7,72.7,27.88,112.3,Normal,0,0,0,0,0,Normal operation
ISZ-010,2026-09-09 01:50:00,1557.0,59.7,35.1,36.0,87.4,300.7,66.0,27.81,111.0,Normal,0,0,0,0,0,Normal operation
ISZ-011,2026-09-08 06:00:00,546.0,0.8,17.3,0.9,82.7,249.5,29.9,26.83,54.1,Normal,0,0,0,0,0,Normal operation
ISZ-011,2026-09-08 06:10:00,546.0,0,27.7,2.0,81.9,216.5,31.9,26.53,47.0,Normal,0,0,0,0,0,Normal operation
ISZ-011,2026-09-08 06:20:00,541.0,0.1,5,2.4,89.5,224.6,29.6,27.38,17.8,Normal,0,0,0,0,0,Normal operation
ISZ-011,2026-09-08 06:30:00,544.0,0,18.6,2.5,86.0,247.4,43.8,28.19,30.3,Normal,0,0,0,0,0,Normal operation
ISZ-011,2026-09-08 06:40:00,1633.0,47.6,83.3,40.4,91.6,386.5,62.2,27.18,68.1,Normal,0,0,0,0,0,Normal operation
ISZ-011,2026-09-08 06:50:00,800,68.2,95,53.9,90.2,308.8,72.6,28.01,114.8,Normal,0,0,0,0,0,Normal operation
ISZ-011,2026-09-08 07:00:00,1737.0,23.9,58.2,69.4,86.0,316.2,64.2,26.93,85.2,Normal,0,0,0,0,0,Normal operation
ISZ-011,2026-09-08 07:10:00,1633.0,60.5,47.5,58.4,91.0,318.4,69.0,27.09,118.3,Normal,0,0,0,0,0,Normal operation
ISZ-011,2026-09-08 07:20:00,1944.0,65.3,80.2,62.5,81.8,296.0,63.4,27.22,96.8,Normal,0,0,0,0,0,Normal operation
ISZ-011,2026-09-08 07:30:00,2481.0,93.3,75.2,26.8,81.8,326.5,57.2,26.59,86.0,Normal,0,0,0,0,0,Normal operation
ISZ-011,2026-09-08 07:40:00,1474.0,41.5,48.2,63.2,88.9,262.6,68.5,27.77,69.9,Normal,0,0,0,0,0,Normal operation
ISZ-011,2026-09-08 07:50:00,1677.0,81.5,22.8,53.2,86.0,372.4,57.1,27.54,70.0,Normal,0,0,0,0,0,Normal operation
ISZ-011,2026-09-08 08:00:00,1408.0,36.4,47.0,23.5,92.6,322.4,58.9,27.53,102.4,Normal,0,0,0,0,0,Normal operation
ISZ-011,2026-09-08 08:10:00,1945.0,52.2,53.9,66.1,89.9,352.3,56.6,28.01,83.8,Normal,0,0,0,0,0,Normal operation
ISZ-011,2026-09-08 08:20:00,1713.0,74.3,61.8,14.1,85.4,360.2,76.0,27.17,119.9,Normal,0,0,0,0,0,Normal operation
ISZ-011,2026-09-08 08:30:00,1128.0,48.9,51.0,28.9,79.2,313.6,57.5,27.55,134.5,Normal,0,0,0,0,0,Normal operation
ISZ-011,2026-09-08 08:40:00,1284.0,34.4,52.9,55.2,89.5,323.7,59.6,26.66,94.1,Normal,0,0,0,0,0,Normal operation
ISZ-011,2026-09-08 08:50:00,2080.0,81.5,62.1,68.1,101.7,288.6,68.2,27.3,83.6,Normal,0,0,0,0,1,Normal operation
ISZ-011,2026-09-08 09:00:00,1593.0,34.6,42.0,67.4,80.1,298.2,66.0,28.05,100.0,Normal,0,0,0,0,0,Normal operation
ISZ-011,2026-09-08 09:10:00,1379.0,37.1,57.7,34.6,87.9,367.5,63.6,27.83,60.7,Normal,0,0,0,0,0,Normal operation
ISZ-011,2026-09-08 09:20:00,1581.0,39.7,65.0,15.1,88.3,288.9,67.2,27.18,118.9,Normal,0,0,0,0,0,Normal operation
ISZ-011,2026-09-08 09:30:00,1680.0,57.5,53.3,35.8,82.6,282.0,62.2,27.08,111.8,Normal,0,0,0,0,0,Normal operation
ISZ-011,2026-09-08 09:40:00,1362.0,90.3,31.8,71.8,82.8,319.5,67.3,27.57,85.0,Normal,0,0,0,0,0,Normal operation
ISZ-011,2026-09-08 09:50:00,1714.0,33.9,52.6,55.5,85.1,350.0,59.8,27.39,76.7,Normal,0,0,0,0,0,Normal operation
ISZ-011,2026-09-08 10:00:00,562.0,0,27.2,1.8,82.7,239.7,33.5,27.43,10.8,Normal,0,0,1,0,0,Normal operation
ISZ-011,2026-09-08 10:10:00,545.0,2.5,18.4,2.4,85.5,238.5,39.2,27.07,19.8,Normal,0,0,0,0,0,Normal operation
ISZ-011,2026-09-08 10:20:00,529.0,0,7.4,4.3,84.8,258.7,25.8,27.12,12.7,Normal,0,0,1,0,0,Normal operation
ISZ-011,2026-09-08 10:30:00,544.0,0,21.0,0,87.8,221.2,33.5,27.12,38.3,Normal,0,0,0,0,0,Normal operation
ISZ-011,2026-09-08 10:40:00,1715.0,69.1,29.5,52.6,85.3,350.8,72.6,27.11,66.2,Normal,0,0,0,0,0,Normal operation
ISZ-011,2026-09-08 10:50:00,2412.0,47.1,47.8,24.0,91.1,354.8,65.5,26.95,85.0,Normal,0,0,0,0,0,Normal operation
ISZ-011,2026-09-08 11:00:00,2059.0,81.9,84.8,51.2,90.6,289.0,60.3,27.09,127.1,Normal,0,0,0,0,0,Normal operation
ISZ-011,2026-09-08 11:10:00,852.0,33.3,29.5,34.0,80.8,293.7,69.6,26.62,80.9,Normal,0,0,0,0,0,Normal operation
ISZ-011,2026-09-08 11:20:00,1087.0,49.1,31.7,83.1,86.1,337.1,83.4,27.93,108.1,Normal,0,0,0,0,0,Normal operation
ISZ-011,2026-09-08 11:30:00,1274.0,66.1,46.0,15.7,90.1,339.1,76.2,27.62,61.4,Normal,0,0,0,0,0,Normal operation
ISZ-011,2026-09-08 11:40:00,1618.0,38.4,47.4,59.4,88.5,340.8,57.8,26.96,114.4,Normal,0,0,0,0,0,Normal operation
ISZ-011,2026-09-08 11:50:00,1633.0,56.1,35.0,68.1,87.9,306.6,69.1,27.08,97.0,Normal,0,0,0,0,0,Normal operation
ISZ-011,2026-09-08 12:00:00,1960.0,49.3,80.1,73.8,89.6,337.1,58.1,27.39,112.2,Normal,0,0,0,0,0,Normal operation
ISZ-011,2026-09-08 12:10:00,2082.0,27.1,66.6,50.9,84.8,323.5,61.3,28.1,97.5,Normal,0,0,0,0,0,Normal operation
ISZ-011,2026-09-08 12:20:00,1576.0,66.2,60.0,30.5,86.8,327.7,56.5,26.87,54.2,Normal,0,0,0,0,0,Normal operation
ISZ-011,2026-09-08 12:30:00,1218.0,79.7,60.9,43.5,85.4,337.5,68.6,27.17,86.3,Normal,0,0,0,0,0,Normal operation
ISZ-011,2026-09-08 12:40:00,1135.0,83.4,60.6,36.2,88.7,318.5,53.5,27.3,75.1,Normal,0,0,0,0,0,Normal operation
ISZ-011,2026-09-08 12:50:00,1544.0,42.9,20.0,11.6,78.3,341.4,78.8,27.26,84.7,Normal,0,0,0,0,0,Normal operation
ISZ-011,2026-09-08 13:00:00,1172.0,37.0,60.0,56.5,81.3,348.9,63.1,27.66,91.5,Normal,0,0,0,0,0,Normal operation
ISZ-011,2026-09-08 13:10:00,1537.0,38.6,68.4,33.0,86.2,366.2,68.8,27.65,101.1,Normal,0,0,0,0,0,Normal operation
ISZ-011,2026-09-08 13:20:00,1988.0,57.8,57.1,54.6,85.2,323.9,57.8,26.48,118.8,Normal,0,0,0,0,0,Normal operation
ISZ-011,2026-09-08 13:30:00,1479.0,33.0,45.2,49.2,90.0,296.5,72.4,27.23,145.0,Normal,0,0,0,0,0,Normal operation
ISZ-011,2026-09-08 13:40:00,1603.0,46.2,26.9,32.0,87.9,329.8,59.2,27.46,89.1,Normal,0,0,0,0,0,Normal operation
ISZ-011,2026-09-08 13:50:00,2321.0,40.2,59.9,58.0,89.7,311.3,75.1,28.29,137.7,Normal,0,0,0,0,0,Normal operation
ISZ-011,2026-09-08 14:00:00,540.0,2.0,16.2,2.3,86.2,263.7,31.7,27.84,31.7,Normal,0,0,0,0,0,Normal operation
ISZ-011,2026-09-08 14:10:00,520.0,0.8,26.6,3.2,85.6,210.2,21.0,27.11,59.7,Normal,0,0,1,1,0,Normal operation
ISZ-011,2026-09-08 14:20:00,547.0,0.8,18.0,0,84.3,263.9,31.8,26.87,53.1,Normal,0,0,0,0,0,Normal operation
ISZ-011,2026-09-08 14:30:00,535.0,1.5,16.5,0.0,84.6,265.3,35.2,26.96,8,Normal,0,0,0,0,0,Normal operation
ISZ-011,2026-09-08 14:40:00,1382.0,59.6,57.6,44.3,91.1,298.6,60.1,27.48,75.3,Normal,0,0,0,0,0,Normal operation
ISZ-011,2026-09-08 14:50:00,1888.0,48.4,71.6,51.1,91.3,307.4,58.9,27.65,112.9,Normal,0,0,0,0,0,Normal operation
ISZ-011,2026-09-08 15:00:00,1836.0,14.0,43.8,9.3,87.3,349.0,70.4,26.63,82.4,Normal,0,0,0,0,0,Normal operation
ISZ-011,2026-09-08 15:10:00,2127.0,41.8,58.5,47.8,84.8,300.5,75.7,26.23,96.2,Normal,0,0,0,0,0,Normal operation
ISZ-011,2026-09-08 15:20:00,1734.0,62.3,55.1,33.6,87.9,321.3,58.2,28.01,51.8,Normal,0,0,0,0,0,Normal operation
ISZ-011,2026-09-08 15:30:00,1227.0,51.7,48.7,54.9,97.1,291.8,65.1,26.82,81.1,Normal,0,0,0,0,0,Normal operation
ISZ-011,2026-09-08 15:40:00,1614.0,23.2,56.7,45.5,85.0,340.4,70.3,27.12,105.6,Normal,0,0,0,0,0,Normal operation
ISZ-011,2026-09-08 15:50:00,1569.0,58.6,65.0,63.0,84.0,286.2,55.1,27.41,88.1,Normal,0,0,0,0,0,Normal operation
ISZ-011,2026-09-08 16:00:00,1637.0,34.1,76.2,61.8,83.5,333.4,71.4,27.75,103.8,Normal,0,0,0,0,0,Normal operation
ISZ-011,2026-09-08 16:10:00,1969.0,27.3,65.2,43.3,82.9,369.8,80.2,27.27,103.1,Normal,0,0,0,0,0,Normal operation
ISZ-011,2026-09-08 16:20:00,1853.0,51.5,47.6,82.6,87.1,330.0,66.4,27.28,94.8,Normal,0,0,0,0,0,Normal operation
ISZ-011,2026-09-08 16:30:00,1218.0,71.2,86.0,72.5,93.5,368.2,66.4,26.63,95.0,Normal,0,0,0,0,0,Normal operation
ISZ-011,2026-09-08 16:40:00,1800.0,45.5,30.1,36.4,89.6,301.6,84.0,26.32,62.7,Normal,0,0,0,0,0,Normal operation
ISZ-011,2026-09-08 16:50:00,1424.0,58.5,45.2,8,83.9,323.9,60.0,27.51,110.0,Normal,0,0,0,0,0,Normal operation
ISZ-011,2026-09-08 17:00:00,1247.0,83.1,95,57.5,88.3,370.0,65.0,27.17,128.7,Normal,0,0,0,0,0,Normal operation
ISZ-011,2026-09-08 17:10:00,1796.0,32.7,50.2,94.9,83.5,343.1,77.2,26.62,85.0,Normal,0,0,0,0,0,Normal operation
ISZ-011,2026-09-08 17:20:00,1339.0,41.6,29.1,96.0,82.0,360.8,77.8,27.1,95.8,Normal,0,0,0,0,0,Normal operation
ISZ-011,2026-09-08 17:30:00,1177.0,36.9,66.9,47.6,86.5,370.8,66.7,27.45,134.4,Normal,0,0,0,0,0,Normal operation
ISZ-011,2026-09-08 17:40:00,1401.0,42.1,59.4,41.9,93.1,341.0,56.7,26.94,136.8,Normal,0,0,0,0,0,Normal operation
ISZ-011,2026-09-08 17:50:00,1735.0,60.5,54.4,53.4,88.2,346.2,55.3,27.96,129.9,Normal,0,0,0,0,0,Normal operation
ISZ-011,2026-09-08 18:00:00,531.0,0.3,22.5,0.2,85.9,238.2,27.1,27.81,37.9,Normal,0,0,0,0,0,Normal operation
ISZ-011,2026-09-08 18:10:00,530.0,4.2,10.8,4.8,90.0,258.3,39.1,26.93,8,Normal,0,0,1,0,0,Normal operation
ISZ-011,2026-09-08 18:20:00,538.0,0.8,15.2,2.2,91.6,204.0,50.1,27.81,40.5,Normal,0,0,0,0,0,Normal operation
ISZ-011,2026-09-08 18:30:00,538.0,2.2,15.9,3.5,82.8,214.0,40.6,27.81,32.1,Normal,0,0,0,0,0,Normal operation
ISZ-011,2026-09-08 18:40:00,1601.0,29.8,58.5,22.7,91.4,375.4,82.9,27.48,104.0,Normal,0,0,0,0,0,Normal operation
ISZ-011,2026-09-08 18:50:00,1551.0,32.6,53.0,52.8,90.8,332.7,66.0,26.98,75.5,Normal,0,0,0,0,0,Normal operation
ISZ-011,2026-09-08 19:00:00,1053.0,54.7,67.0,37.7,86.5,312.5,56.7,27.66,99.5,Normal,0,0,0,0,0,Normal operation
ISZ-011,2026-09-08 19:10:00,1676.0,52.4,88.0,52.5,88.1,300.8,70.3,27.23,69.0,Normal,0,0,0,0,0,Normal operation
ISZ-011,2026-09-08 19:20:00,1581.0,56.5,54.5,33.6,85.3,376.5,73.7,27.18,108.8,Normal,0,0,0,0,0,Normal operation
ISZ-011,2026-09-08 19:30:00,1763.0,9.0,44.6,48.5,82.0,339.6,54.8,27.85,94.1,Normal,0,0,0,0,0,Normal operation
ISZ-011,2026-09-08 19:40:00,1552.0,27.0,45.0,56.2,82.9,288.6,81.8,27.43,58.3,Normal,0,0,0,0,0,Normal operation
ISZ-011,2026-09-08 19:50:00,1504.0,49.4,58.1,54.8,91.7,335.3,66.2,26.92,67.2,Normal,0,0,0,0,0,Normal operation
ISZ-011,2026-09-08 20:00:00,1477.0,49.6,43.1,49.8,88.4,347.4,63.1,27.51,76.4,Normal,0,0,0,0,0,Normal operation
ISZ-011,2026-09-08 20:10:00,2088.0,56.1,38.1,25.1,98.6,325.5,60.4,27.13,96.3,Normal,0,0,0,0,0,Normal operation
ISZ-011,2026-09-08 20:20:00,2053.0,43.4,63.8,20.8,89.3,351.2,59.4,27.41,76.7,Normal,0,0,0,0,0,Normal operation
ISZ-011,2026-09-08 20:30:00,1443.0,40.7,24.1,42.4,85.0,313.3,64.2,26.92,93.7,Normal,0,0,0,0,0,Normal operation
ISZ-011,2026-09-08 20:40:00,1030.0,41.2,77.9,35.4,87.5,312.0,53.0,26.84,134.5,Normal,0,0,0,0,0,Normal operation
ISZ-011,2026-09-08 20:50:00,1239.0,59.3,37.7,56.5,85.8,375.3,66.0,28.05,78.5,Normal,0,0,0,0,0,Normal operation
ISZ-011,2026-09-08 21:00:00,1832.0,48.6,82.9,28.4,85.7,361.2,64.5,26.94,130.6,Normal,0,0,0,0,0,Normal operation
ISZ-011,2026-09-08 21:10:00,1089.0,45.9,72.0,56.1,85.8,300.5,79.5,26.96,100.9,Normal,0,0,0,0,0,Normal operation
ISZ-011,2026-09-08 21:20:00,1113.0,54.3,34.3,50.2,88.4,297.1,70.7,26.76,70.9,Normal,0,0,0,0,0,Normal operation
ISZ-011,2026-09-08 21:30:00,1415.0,64.9,76.5,37.9,79.2,302.9,56.2,27.11,109.8,Normal,0,0,0,0,0,Normal operation
ISZ-011,2026-09-08 21:40:00,1895.0,54.9,38.9,32.1,80.1,334.8,72.5,27.23,84.1,Normal,0,0,0,0,0,Normal operation
ISZ-011,2026-09-08 21:50:00,1095.0,33.7,68.3,39.0,90.4,333.2,70.6,26.65,115.6,Normal,0,0,0,0,0,Normal operation
ISZ-011,2026-09-08 22:00:00,541.0,0.1,23.6,3.8,85.9,185.0,23.8,27.57,35.2,Normal,0,0,0,1,0,Normal operation
ISZ-011,2026-09-08 22:10:00,532.0,0,21.5,2.5,91.3,279.7,40.5,26.28,42.0,Normal,0,0,0,0,0,Normal operation
ISZ-011,2026-09-08 22:20:00,544.0,0.4,18.0,1.6,78.1,258.7,31.3,26.98,31.0,Normal,0,0,0,0,0,Normal operation
ISZ-011,2026-09-08 22:30:00,537.0,2.1,19.1,1.1,82.9,250.2,35.4,27.48,57.9,Normal,0,0,0,0,0,Normal operation
ISZ-011,2026-09-08 22:40:00,1944.0,71.8,31.5,83.2,90.8,354.8,70.4,27.08,102.4,Normal,0,0,0,0,0,Normal operation
ISZ-011,2026-09-08 22:50:00,2542.0,63.6,47.9,26.6,89.2,342.3,73.9,27.5,106.2,Normal,0,0,0,0,0,Normal operation
ISZ-011,2026-09-08 23:00:00,1331.0,55.1,33.7,56.1,91.3,340.8,46.7,26.23,127.6,Normal,0,0,0,0,0,Normal operation
ISZ-011,2026-09-08 23:10:00,1976.0,56.2,73.8,44.3,79.4,353.5,75.6,27.36,99.7,Normal,0,0,0,0,0,Normal operation
ISZ-011,2026-09-08 23:20:00,1347.0,68.0,52.9,31.7,90.9,340.2,75.1,26.39,96.6,Normal,0,0,0,0,0,Normal operation
ISZ-011,2026-09-08 23:30:00,1788.0,73.9,61.2,57.0,89.0,319.5,64.7,26.87,106.7,Normal,0,0,0,0,0,Normal operation
ISZ-011,2026-09-08 23:40:00,1916.0,69.5,20,29.4,87.1,335.3,60.0,27.99,107.1,Normal,0,0,0,0,0,Normal operation
ISZ-011,2026-09-08 23:50:00,1728.0,50.4,57.8,38.3,85.4,317.2,74.4,27.32,58.3,Normal,0,0,0,0,0,Normal operation
ISZ-011,2026-09-09 00:00:00,1975.0,30.0,80.9,52.6,89.3,380.3,53.9,27.85,113.3,Normal,0,0,0,0,0,Normal operation
ISZ-011,2026-09-09 00:10:00,1524.0,61.4,76.9,30.1,83.9,327.4,60.7,26.75,113.8,Normal,0,0,0,0,0,Normal operation
ISZ-011,2026-09-09 00:20:00,1392.0,44.7,32.9,61.8,80.4,349.2,73.3,27.7,116.5,Normal,0,0,0,0,0,Normal operation
ISZ-011,2026-09-09 00:30:00,998.0,51.8,72.3,100,91.1,349.4,64.3,27.16,132.0,Normal,0,0,0,0,0,Normal operation
ISZ-011,2026-09-09 00:40:00,1296.0,36.4,62.6,50.5,90.1,370.5,53.4,27.13,103.3,Normal,0,0,0,0,0,Normal operation
ISZ-011,2026-09-09 00:50:00,2076.0,44.5,91.3,44.4,86.7,331.6,55.6,26.88,107.9,Normal,0,0,0,0,0,Normal operation
ISZ-011,2026-09-09 01:00:00,1939.0,50.1,34.4,77.4,85.6,341.0,72.8,26.37,97.9,Normal,0,0,0,0,0,Normal operation
ISZ-011,2026-09-09 01:10:00,1732.0,50.1,68.6,39.6,89.6,325.5,59.9,26.34,61.4,Normal,0,0,0,0,0,Normal operation
ISZ-011,2026-09-09 01:20:00,1555.0,57.4,60.7,56.2,80.3,275.4,66.6,27.05,108.5,Normal,0,0,0,0,0,Normal operation
ISZ-011,2026-09-09 01:30:00,2334.0,67.1,50.2,45.7,87.0,315.9,54.3,26.45,113.6,Normal,0,0,0,0,0,Normal operation
ISZ-011,2026-09-09 01:40:00,1627.0,17.6,51.6,86.0,82.2,370.5,60.5,27.11,62.4,Normal,0,0,0,0,0,Normal operation
ISZ-011,2026-09-09 01:50:00,1600.0,56.4,57.7,55.8,86.0,351.3,62.9,27.37,95.1,Normal,0,0,0,0,0,Normal operation
ISZ-012,2026-09-08 06:00:00,527.0,3.1,15.0,2.1,88.5,209.2,49.2,27.46,8,Normal,0,0,1,0,0,Normal operation
ISZ-012,2026-09-08 06:10:00,544.0,0,9.1,3.0,85.9,195.1,43.6,27.53,8,Normal,0,0,0,0,0,Normal operation
ISZ-012,2026-09-08 06:20:00,560.0,3.5,29.3,4.0,86.6,248.6,24.7,26.66,75.8,Normal,0,0,1,1,0,Normal operation
ISZ-012,2026-09-08 06:30:00,545.0,1.5,9.2,5.0,81.9,248.7,32.4,27.57,60.4,Normal,0,0,0,0,0,Normal operation
ISZ-012,2026-09-08 06:40:00,1332.0,61.4,61.9,33.5,84.4,332.9,52.9,27.6,88.7,Normal,0,0,0,0,0,Normal operation
ISZ-012,2026-09-08 06:50:00,1180.0,55.7,95,24.9,92.1,329.5,62.9,27.37,46.7,Normal,0,0,0,0,0,Normal operation
ISZ-012,2026-09-08 07:00:00,1346.0,31.8,50.3,54.4,91.1,366.2,73.5,27.81,43.7,Normal,0,0,0,0,0,Normal operation
ISZ-012,2026-09-08 07:10:00,1644.0,70.0,72.2,78.5,89.2,359.8,68.2,27.2,105.1,Normal,0,0,0,0,0,Normal operation
ISZ-012,2026-09-08 07:20:00,1174.0,40.8,21.2,24.6,92.7,317.1,48.6,26.75,70.7,Normal,0,0,0,0,0,Normal operation
ISZ-012,2026-09-08 07:30:00,918.0,47.7,36.9,54.5,81.9,365.7,75.9,26.85,89.0,Normal,0,0,0,0,0,Normal operation
ISZ-012,2026-09-08 07:40:00,1489.0,46.3,55.9,35.7,90.6,339.9,56.4,27.35,68.0,Normal,0,0,0,0,0,Normal operation
ISZ-012,2026-09-08 07:50:00,1274.0,48.3,54.6,33.2,81.3,327.0,65.0,27.85,85.5,Normal,0,0,0,0,0,Normal operation
ISZ-012,2026-09-08 08:00:00,1456.0,56.0,71.8,57.8,75.5,343.5,60.8,28.03,158.5,Normal,0,0,0,0,0,Normal operation
ISZ-012,2026-09-08 08:10:00,1434.0,65.4,61.1,32.4,86.3,248.8,73.9,27.36,62.9,Normal,0,0,0,0,0,Normal operation
ISZ-012,2026-09-08 08:20:00,1808.0,21.9,54.7,63.5,88.6,338.7,68.5,26.78,76.7,Normal,0,0,0,0,0,Normal operation
ISZ-012,2026-09-08 08:30:00,1479.0,46.6,69.0,60.2,82.3,310.7,66.7,27.25,93.5,Normal,0,0,0,0,0,Normal operation
ISZ-012,2026-09-08 08:40:00,1263.0,36.2,41.5,10.6,82.3,358.5,60.8,26.96,115.3,Normal,0,0,0,0,0,Normal operation
ISZ-012,2026-09-08 08:50:00,1515.0,63.4,58.5,8,87.0,273.7,69.3,26.57,78.1,Normal,0,0,0,0,0,Normal operation
ISZ-012,2026-09-08 09:00:00,1344.0,59.9,69.1,43.0,82.7,383.4,47.5,27.6,170.4,Normal,0,0,0,0,0,Normal operation
ISZ-012,2026-09-08 09:10:00,1646.0,63.0,55.1,45.9,82.5,333.5,58.8,27.25,106.9,Normal,0,0,0,0,0,Normal operation
ISZ-012,2026-09-08 09:20:00,1925.0,49.5,95,61.0,86.9,335.6,48.5,27.63,148.6,Normal,0,0,0,0,0,Normal operation
ISZ-012,2026-09-08 09:30:00,1673.0,48.3,69.8,50.2,95.0,329.4,70.3,27.27,97.4,Normal,0,0,0,0,0,Normal operation
ISZ-012,2026-09-08 09:40:00,1547.0,54.3,47.8,34.9,92.0,390.7,68.6,27.46,71.4,Normal,0,0,0,0,0,Normal operation
ISZ-012,2026-09-08 09:50:00,1983.0,79.1,76.2,68.3,84.0,299.6,80.7,26.6,101.5,Normal,0,0,0,0,0,Normal operation
ISZ-012,2026-09-08 10:00:00,552.0,3.5,24.5,0.5,80.5,221.5,43.3,27.42,73.0,Normal,0,0,1,0,0,Normal operation
ISZ-012,2026-09-08 10:10:00,536.0,0,12.6,3.0,91.3,247.5,20.4,27.15,8,Normal,0,0,0,1,0,Normal operation
ISZ-012,2026-09-08 10:20:00,542.0,1.9,13.0,3.8,86.6,236.3,53.6,27.25,67.0,Normal,0,0,0,0,0,Normal operation
ISZ-012,2026-09-08 10:30:00,527.0,4.2,12.7,0,88.5,243.6,36.1,27.83,17.4,Normal,0,0,1,0,0,Normal operation
ISZ-012,2026-09-08 10:40:00,1619.0,73.9,52.6,29.7,89.5,333.3,59.0,25.82,65.6,Normal,0,0,0,0,0,Normal operation
ISZ-012,2026-09-08 10:50:00,1157.0,27.1,69.1,53.0,90.1,335.2,70.5,27.42,94.0,Normal,0,0,0,0,0,Normal operation
ISZ-012,2026-09-08 11:00:00,1348.0,24.2,62.2,49.0,82.9,346.5,68.1,26.55,33.4,Normal,0,0,0,0,0,Normal operation
ISZ-012,2026-09-08 11:10:00,1461.0,57.3,90.1,44.2,84.4,329.6,72.4,27.77,75.1,Normal,0,0,0,0,0,Normal operation
ISZ-012,2026-09-08 11:20:00,1775.0,8.4,49.7,32.7,93.4,328.4,68.0,27.61,59.3,Normal,0,0,0,0,0,Normal operation
ISZ-012,2026-09-08 11:30:00,1881.0,23.0,32.8,81.4,89.9,306.0,75.0,27.36,110.1,Normal,0,0,0,0,0,Normal operation
ISZ-012,2026-09-08 11:40:00,2600,58.2,64.9,23.3,84.9,333.0,69.6,27.1,128.3,Normal,0,0,0,0,0,Normal operation
ISZ-012,2026-09-08 11:50:00,1025.0,16.3,87.4,35.2,90.2,266.0,63.0,27.26,126.1,Normal,0,0,0,0,0,Normal operation
ISZ-012,2026-09-08 12:00:00,1397.0,65.6,54.1,36.4,87.5,291.7,59.8,26.56,75.7,Normal,0,0,0,0,0,Normal operation
ISZ-012,2026-09-08 12:10:00,2431.0,37.6,78.3,37.0,85.4,352.3,62.1,26.93,71.2,Normal,0,0,0,0,0,Normal operation
ISZ-012,2026-09-08 12:20:00,923.0,42.3,80.4,69.1,82.7,327.7,54.7,28.57,108.7,Normal,0,0,0,0,0,Normal operation
ISZ-012,2026-09-08 12:30:00,1801.0,44.3,73.0,62.5,75.5,327.0,52.8,27.1,133.3,Normal,0,0,0,0,0,Normal operation
ISZ-012,2026-09-08 12:40:00,1720.0,47.5,58.8,26.1,89.3,310.6,68.8,27.54,134.0,Normal,0,0,0,0,0,Normal operation
ISZ-012,2026-09-08 12:50:00,1562.0,71.0,55.9,67.7,86.6,329.7,69.0,26.9,17.3,Normal,0,0,0,0,0,Normal operation
ISZ-012,2026-09-08 13:00:00,1677.0,49.9,58.3,24.5,86.5,340.5,60.2,27.57,81.0,Normal,0,0,0,0,0,Normal operation
ISZ-012,2026-09-08 13:10:00,1513.0,34.6,67.5,70.1,85.8,327.7,70.5,26.93,118.1,Normal,0,0,0,0,0,Normal operation
ISZ-012,2026-09-08 13:20:00,1081.0,64.8,61.4,51.1,87.8,354.1,62.1,27.28,116.6,Normal,0,0,0,0,0,Normal operation
ISZ-012,2026-09-08 13:30:00,1342.0,77.7,63.6,48.7,86.2,323.0,68.7,26.65,63.8,Normal,0,0,0,0,0,Normal operation
ISZ-012,2026-09-08 13:40:00,1348.0,27.1,24.6,10.0,95.1,377.5,64.7,27.28,86.5,Normal,0,0,0,0,0,Normal operation
ISZ-012,2026-09-08 13:50:00,1812.0,78.3,95,28.1,89.7,335.1,66.0,26.78,80.6,Normal,0,0,0,0,0,Normal operation
ISZ-012,2026-09-08 14:00:00,555.0,3.0,10.9,5.9,80.8,264.4,29.0,26.73,54.1,Normal,0,0,1,0,0,Normal operation
ISZ-012,2026-09-08 14:10:00,528.0,1.6,15.3,2.1,91.2,345.0,20.5,27.58,53.1,Normal,0,0,1,1,0,Normal operation
ISZ-012,2026-09-08 14:20:00,549.0,2.7,12.5,0.3,81.2,235.9,33.0,27.72,8,Normal,0,0,0,0,0,Normal operation
ISZ-012,2026-09-08 14:30:00,548.0,4.2,10.9,4.9,88.7,234.8,36.5,27.34,8,Normal,0,0,0,0,0,Normal operation
ISZ-012,2026-09-08 14:40:00,1287.0,59.2,68.0,70.4,84.6,312.4,77.2,26.85,88.7,Normal,0,0,0,0,0,Normal operation
ISZ-012,2026-09-08 14:50:00,1401.0,40.4,64.6,8,84.0,300.0,73.3,26.78,123.7,Normal,0,0,0,0,0,Normal operation
ISZ-012,2026-09-08 15:00:00,2261.0,53.3,87.2,8,90.3,334.3,51.4,26.98,76.2,Normal,0,0,0,0,0,Normal operation
ISZ-012,2026-09-08 15:10:00,849.0,95,56.1,51.1,96.1,308.9,58.9,26.97,94.4,Normal,0,0,0,0,0,Normal operation
ISZ-012,2026-09-08 15:20:00,1633.0,42.4,33.5,24.2,88.2,301.9,56.7,27.82,78.2,Normal,0,0,0,0,0,Normal operation
ISZ-012,2026-09-08 15:30:00,2089.0,38.4,67.3,100,84.3,308.6,76.0,28.13,92.7,Normal,0,0,0,0,0,Normal operation
ISZ-012,2026-09-08 15:40:00,1495.0,51.8,49.3,19.7,84.9,348.6,70.6,27.44,38.1,Normal,0,0,0,0,0,Normal operation
ISZ-012,2026-09-08 15:50:00,2065.0,84.1,47.9,48.7,92.3,332.7,44.2,26.91,67.1,Normal,0,0,0,0,0,Normal operation
ISZ-012,2026-09-08 16:00:00,1272.0,80.5,44.2,10.3,81.3,309.6,82.8,26.37,85.1,Normal,0,0,0,0,0,Normal operation
ISZ-012,2026-09-08 16:10:00,1580.0,32.2,41.5,45.0,90.7,310.7,77.1,27.0,101.1,Normal,0,0,0,0,0,Normal operation
ISZ-012,2026-09-08 16:20:00,1385.0,39.9,72.5,37.9,82.2,361.8,66.2,26.53,106.1,Normal,0,0,0,0,0,Normal operation
ISZ-012,2026-09-08 16:30:00,1093.0,38.8,70.2,66.2,88.8,321.8,75.9,27.85,83.8,Normal,0,0,0,0,0,Normal operation
ISZ-012,2026-09-08 16:40:00,1174.0,49.5,47.4,40.2,85.1,312.6,55.7,27.56,96.3,Normal,0,0,0,0,0,Normal operation
ISZ-012,2026-09-08 16:50:00,1397.0,61.0,89.2,44.2,86.6,368.9,73.7,27.87,61.2,Normal,0,0,0,0,0,Normal operation
ISZ-012,2026-09-08 17:00:00,2068.0,42.0,49.4,89.2,93.0,355.3,72.4,26.99,90.6,Normal,0,0,0,0,0,Normal operation
ISZ-012,2026-09-08 17:10:00,1454.0,63.1,57.2,20.6,87.7,336.5,62.9,27.08,95.2,Normal,0,0,0,0,0,Normal operation
ISZ-012,2026-09-08 17:20:00,1984.0,81.3,53.0,67.3,94.5,368.9,69.6,26.97,143.7,Normal,0,0,0,0,0,Normal operation
ISZ-012,2026-09-08 17:30:00,1755.0,41.9,64.5,36.0,79.4,320.6,70.8,27.32,122.1,Normal,0,0,0,0,0,Normal operation
ISZ-012,2026-09-08 17:40:00,1007.0,40.5,51.3,19.2,87.4,337.4,60.0,26.9,123.9,Normal,0,0,0,0,0,Normal operation
ISZ-012,2026-09-08 17:50:00,1494.0,5,36.8,41.2,82.4,310.9,69.3,26.96,94.1,Normal,0,0,0,0,0,Normal operation
ISZ-012,2026-09-08 18:00:00,543.0,0,18.8,0,80.7,247.6,18.5,27.15,52.7,Normal,0,0,0,1,0,Normal operation
ISZ-012,2026-09-08 18:10:00,543.0,1.2,12.9,0,79.4,246.0,37.6,27.77,74.6,Normal,0,0,0,0,0,Normal operation
ISZ-012,2026-09-08 18:20:00,539.0,3.8,17.5,2.2,82.6,227.0,30.7,27.36,53.1,Normal,0,0,0,0,0,Normal operation
ISZ-012,2026-09-08 18:30:00,530.0,5.1,22.0,1.3,81.6,293.4,24.6,27.32,73.8,Normal,0,0,0,1,0,Normal operation
ISZ-012,2026-09-08 18:40:00,2234.0,32.7,64.3,73.8,90.8,293.4,66.0,27.14,60.6,Normal,0,0,0,0,0,Normal operation
ISZ-012,2026-09-08 18:50:00,1864.0,15.5,44.7,19.5,87.3,327.9,60.5,27.51,108.9,Normal,0,0,0,0,0,Normal operation
ISZ-012,2026-09-08 19:00:00,874.0,66.3,46.5,32.0,88.5,372.8,40.5,27.25,70.7,Normal,1,0,0,0,0,Fuel rail pressure abnormal
ISZ-012,2026-09-08 19:10:00,1775.0,57.6,53.1,56.7,88.6,336.3,43.1,26.48,74.8,Normal,1,0,0,0,0,Fuel rail pressure abnormal
ISZ-012,2026-09-08 19:20:00,1318.0,68.5,61.8,40.8,88.1,333.3,43.0,27.15,71.8,Normal,1,0,0,0,0,Fuel rail pressure abnormal
ISZ-012,2026-09-08 19:30:00,2025.0,62.5,58.3,54.2,91.3,343.2,51.6,26.88,64.3,Normal,1,0,0,0,0,Fuel rail pressure abnormal
ISZ-012,2026-09-08 19:40:00,1900.0,58.8,60.9,8,87.2,347.5,37.5,27.6,141.6,Normal,1,0,0,0,0,Fuel rail pressure abnormal
ISZ-012,2026-09-08 19:50:00,1776.0,71.6,66.0,80.5,85.9,295.3,41.0,27.11,52.7,Normal,1,0,0,0,0,Fuel rail pressure abnormal
ISZ-012,2026-09-08 20:00:00,2033.0,56.0,55.2,52.1,86.7,337.9,41.7,27.5,90.4,Normal,1,0,0,0,0,Fuel rail pressure abnormal
ISZ-012,2026-09-08 20:10:00,1460.0,42.6,61.7,40.4,86.1,355.2,50.5,27.32,105.2,Normal,1,0,0,0,0,Fuel rail pressure abnormal
ISZ-012,2026-09-08 20:20:00,1191.0,50.8,46.3,32.6,84.9,366.5,36.8,27.15,131.1,Normal,1,0,0,0,0,Fuel rail pressure abnormal
ISZ-012,2026-09-08 20:30:00,1286.0,57.6,73.0,64.5,83.4,315.1,41.5,26.48,122.8,Normal,1,0,0,0,0,Fuel rail pressure abnormal
ISZ-012,2026-09-08 20:40:00,2310.0,11.5,90.8,57.6,93.3,333.5,44.5,26.7,76.3,Normal,1,0,0,0,0,Fuel rail pressure abnormal
ISZ-012,2026-09-08 20:50:00,2368.0,46.0,57.3,23.4,82.0,351.9,38.7,27.67,90.8,Normal,1,0,0,0,0,Fuel rail pressure abnormal
ISZ-012,2026-09-08 21:00:00,2027.0,47.8,49.5,8,75.3,309.0,38.2,27.04,114.0,Normal,1,0,0,0,0,Fuel rail pressure abnormal
ISZ-012,2026-09-08 21:10:00,1332.0,26.3,61.3,48.4,79.0,315.1,35.9,27.4,114.3,Normal,1,0,0,0,0,Fuel rail pressure abnormal
ISZ-012,2026-09-08 21:20:00,1433.0,81.6,44.6,51.6,94.3,362.8,50.0,27.28,142.6,Normal,1,0,0,0,0,Fuel rail pressure abnormal
ISZ-012,2026-09-08 21:30:00,2490.0,35.9,38.1,8,92.0,301.5,38.0,27.21,95.1,Normal,1,0,0,0,0,Fuel rail pressure abnormal
ISZ-012,2026-09-08 21:40:00,2529.0,62.8,45.0,64.8,82.9,278.4,38.0,26.55,111.7,Normal,1,0,0,0,0,Fuel rail pressure abnormal
ISZ-012,2026-09-08 21:50:00,1745.0,50.1,44.7,53.0,84.2,329.6,43.0,27.34,118.8,Normal,1,0,0,0,0,Fuel rail pressure abnormal
ISZ-012,2026-09-08 22:00:00,547.0,3.1,23.7,5.9,83.2,265.0,16.6,27.38,40.3,Normal,1,0,0,1,0,Fuel rail pressure abnormal
ISZ-012,2026-09-08 22:10:00,558.0,2.6,18.6,2.7,90.2,249.4,20.5,27.14,68.6,Normal,1,0,1,1,0,Fuel rail pressure abnormal
ISZ-012,2026-09-08 22:20:00,539.0,1.6,17.6,5.7,85.1,210.5,15.2,26.67,17.6,Normal,1,0,0,1,0,Fuel rail pressure abnormal
ISZ-012,2026-09-08 22:30:00,546.0,0,21.6,2.1,88.2,220.4,18.8,27.34,34.9,Normal,1,0,0,1,0,Fuel rail pressure abnormal
ISZ-012,2026-09-08 22:40:00,1345.0,16.1,37.8,23.3,82.3,346.4,29.1,27.5,104.6,Normal,1,0,0,0,0,Fuel rail pressure abnormal
ISZ-012,2026-09-08 22:50:00,1813.0,56.2,56.7,58.7,87.3,311.3,37.3,27.0,69.5,Normal,1,0,0,0,0,Fuel rail pressure abnormal
ISZ-012,2026-09-08 23:00:00,1567.0,39.5,59.4,23.3,88.2,307.1,44.9,26.58,76.7,Normal,1,0,0,0,0,Fuel rail pressure abnormal
ISZ-012,2026-09-08 23:10:00,1493.0,40.5,86.6,33.4,86.7,349.0,36.7,27.09,90.3,Normal,1,0,0,0,0,Fuel rail pressure abnormal
ISZ-012,2026-09-08 23:20:00,1868.0,74.9,55.5,98.7,88.3,332.9,49.4,26.4,73.1,Normal,1,0,0,0,0,Fuel rail pressure abnormal
ISZ-012,2026-09-08 23:30:00,1159.0,72.3,75.7,42.0,84.2,338.8,36.9,26.93,53.9,Normal,1,0,0,0,0,Fuel rail pressure abnormal
ISZ-012,2026-09-08 23:40:00,875.0,44.7,95,21.3,88.6,350.2,46.1,26.97,104.8,Normal,1,0,0,0,0,Fuel rail pressure abnormal
ISZ-012,2026-09-08 23:50:00,1360.0,61.8,81.3,41.9,90.6,367.8,39.7,27.0,101.1,Normal,1,0,0,0,0,Fuel rail pressure abnormal
ISZ-012,2026-09-09 00:00:00,1740.0,61.5,64.9,39.6,84.1,309.7,43.8,26.93,110.4,Normal,1,0,0,0,0,Fuel rail pressure abnormal
ISZ-012,2026-09-09 00:10:00,1500.0,41.0,87.5,63.9,84.7,320.2,42.7,28.52,130.2,Normal,1,0,0,0,0,Fuel rail pressure abnormal
ISZ-012,2026-09-09 00:20:00,1808.0,44.4,33.5,47.7,94.7,342.9,52.6,26.94,45.1,Normal,1,0,0,0,0,Fuel rail pressure abnormal
ISZ-012,2026-09-09 00:30:00,1497.0,40.1,81.4,88.0,83.8,365.5,47.2,27.16,94.8,Normal,1,0,0,0,0,Fuel rail pressure abnormal
ISZ-012,2026-09-09 00:40:00,1253.0,46.7,82.8,17.0,92.5,274.0,47.2,26.62,65.4,Normal,1,0,0,0,0,Fuel rail pressure abnormal
ISZ-012,2026-09-09 00:50:00,2001.0,61.2,54.6,45.8,90.4,335.7,46.0,27.02,91.8,Normal,1,0,0,0,0,Fuel rail pressure abnormal
ISZ-012,2026-09-09 01:00:00,1738.0,48.3,74.7,28.8,85.9,308.3,39.4,27.12,71.8,Normal,1,0,0,0,0,Fuel rail pressure abnormal
ISZ-012,2026-09-09 01:10:00,1663.0,52.2,52.1,57.0,93.4,332.1,53.0,27.03,153.0,Normal,1,0,0,0,0,Fuel rail pressure abnormal
ISZ-012,2026-09-09 01:20:00,1763.0,61.0,27.9,58.2,85.6,305.3,43.7,27.94,94.2,Normal,1,0,0,0,0,Fuel rail pressure abnormal
ISZ-012,2026-09-09 01:30:00,1835.0,27.6,68.0,64.7,86.9,333.5,40.1,27.53,99.1,Normal,1,0,0,0,0,Fuel rail pressure abnormal
ISZ-012,2026-09-09 01:40:00,1702.0,39.1,48.8,30.6,95.6,359.7,35.8,27.33,113.6,Normal,1,0,0,0,0,Fuel rail pressure abnormal
ISZ-012,2026-09-09 01:50:00,1589.0,58.3,76.7,61.1,94.7,333.5,41.1,26.81,91.4,Normal,1,0,0,0,0,Fuel rail pressure abnormal
ISZ-013,2026-09-08 06:00:00,551.0,4.7,10.6,1.7,91.0,242.3,32.5,26.81,29.4,Normal,0,0,1,0,0,Normal operation
ISZ-013,2026-09-08 06:10:00,551.0,0.8,18.1,3.2,91.0,238.1,29.4,27.69,8,Normal,0,0,1,0,0,Normal operation
ISZ-013,2026-09-08 06:20:00,542.0,1.9,13.2,1.5,91.1,242.9,33.8,26.75,56.2,Normal,0,0,0,0,0,Normal operation
ISZ-013,2026-09-08 06:30:00,555.0,1.5,19.4,0,84.1,196.7,27.9,26.73,30.8,Normal,0,0,1,0,0,Normal operation
ISZ-013,2026-09-08 06:40:00,1747.0,69.9,37.6,53.6,88.3,308.6,55.1,27.12,82.0,Normal,0,0,0,0,0,Normal operation
ISZ-013,2026-09-08 06:50:00,2241.0,40.6,69.6,46.7,91.5,348.5,55.8,26.81,78.3,Normal,0,0,0,0,0,Normal operation
ISZ-013,2026-09-08 07:00:00,2014.0,50.4,69.7,88.3,89.0,347.7,69.0,27.48,56.7,Normal,0,0,0,0,0,Normal operation
ISZ-013,2026-09-08 07:10:00,1160.0,34.1,68.7,38.1,85.8,314.0,50.8,27.44,75.5,Normal,0,0,0,0,0,Normal operation
ISZ-013,2026-09-08 07:20:00,2060.0,31.2,65.3,59.3,82.3,296.4,62.3,27.67,95.3,Normal,0,0,0,0,0,Normal operation
ISZ-013,2026-09-08 07:30:00,880.0,92.0,62.1,29.7,84.5,284.1,64.6,27.11,112.3,Normal,0,0,0,0,0,Normal operation
ISZ-013,2026-09-08 07:40:00,1429.0,35.8,71.6,33.3,87.5,322.0,62.3,26.54,68.8,Normal,0,0,0,0,0,Normal operation
ISZ-013,2026-09-08 07:50:00,1569.0,79.3,49.5,50.2,82.8,316.6,73.1,27.77,91.8,Normal,0,0,0,0,0,Normal operation
ISZ-013,2026-09-08 08:00:00,904.0,62.5,74.7,49.3,93.6,328.9,65.6,26.79,97.8,Normal,0,0,0,0,0,Normal operation
ISZ-013,2026-09-08 08:10:00,984.0,69.7,62.5,21.2,85.9,309.6,67.5,27.43,101.3,Normal,0,0,0,0,0,Normal operation
ISZ-013,2026-09-08 08:20:00,1666.0,46.4,36.4,58.1,87.5,366.3,64.1,28.2,117.1,Normal,0,0,0,0,0,Normal operation
ISZ-013,2026-09-08 08:30:00,1360.0,28.4,66.1,38.2,94.3,346.4,82.4,26.76,105.9,Normal,0,0,0,0,0,Normal operation
ISZ-013,2026-09-08 08:40:00,1989.0,44.9,60.3,82.6,90.3,355.4,48.5,27.52,73.5,Normal,0,0,0,0,0,Normal operation
ISZ-013,2026-09-08 08:50:00,1606.0,39.9,63.8,50.6,86.9,315.1,54.8,27.34,80.5,Normal,0,0,0,0,0,Normal operation
ISZ-013,2026-09-08 09:00:00,1341.0,92.0,38.7,46.6,87.9,343.0,75.2,27.82,79.6,Normal,0,0,0,0,0,Normal operation
ISZ-013,2026-09-08 09:10:00,1924.0,51.7,47.5,27.2,84.2,347.4,52.7,26.89,110.9,Normal,0,0,0,0,0,Normal operation
ISZ-013,2026-09-08 09:20:00,1266.0,50.6,62.8,22.2,85.2,338.6,66.2,26.66,67.5,Normal,0,0,0,0,0,Normal operation
ISZ-013,2026-09-08 09:30:00,2479.0,49.7,40.7,66.0,81.7,280.4,67.7,27.31,111.3,Normal,0,0,0,0,0,Normal operation
ISZ-013,2026-09-08 09:40:00,1899.0,42.7,85.4,53.3,83.2,346.5,78.8,27.21,75.4,Normal,0,0,0,0,0,Normal operation
ISZ-013,2026-09-08 09:50:00,1620.0,51.3,58.1,47.9,90.5,290.5,70.2,27.66,121.7,Normal,0,0,0,0,0,Normal operation
ISZ-013,2026-09-08 10:00:00,542.0,0,24.8,0.2,87.3,261.9,19.4,27.0,8,Normal,0,0,0,1,0,Normal operation
ISZ-013,2026-09-08 10:10:00,540.0,4.6,18.5,1.0,88.3,254.2,34.1,27.73,20.5,Normal,0,0,0,0,0,Normal operation
ISZ-013,2026-09-08 10:20:00,535.0,3.5,15.1,0,89.1,218.6,28.1,27.58,31.1,Normal,0,0,0,0,0,Normal operation
ISZ-013,2026-09-08 10:30:00,543.0,2.9,27.6,2.5,87.8,249.7,30.3,26.46,16.8,Normal,0,0,0,0,0,Normal operation
ISZ-013,2026-09-08 10:40:00,800,68.4,67.5,8,86.3,366.7,72.7,27.1,88.5,Normal,0,0,0,0,0,Normal operation
ISZ-013,2026-09-08 10:50:00,1525.0,57.0,50.0,42.8,81.7,330.8,65.3,27.78,88.1,Normal,0,0,0,0,0,Normal operation
ISZ-013,2026-09-08 11:00:00,1445.0,28.6,82.5,14.6,80.3,326.8,67.6,27.58,136.1,Normal,0,0,0,0,0,Normal operation
ISZ-013,2026-09-08 11:10:00,956.0,47.7,46.0,31.7,94.1,361.3,70.7,27.34,91.0,Normal,0,0,0,0,0,Normal operation
ISZ-013,2026-09-08 11:20:00,1496.0,56.4,44.7,73.8,90.1,322.4,68.9,27.3,60.9,Normal,0,0,0,0,0,Normal operation
ISZ-013,2026-09-08 11:30:00,1603.0,70.0,93.6,47.5,85.1,333.4,69.0,26.96,64.9,Normal,0,0,0,0,0,Normal operation
ISZ-013,2026-09-08 11:40:00,1426.0,75.6,49.5,53.8,82.0,315.8,52.6,28.14,67.4,Normal,0,0,0,0,0,Normal operation
ISZ-013,2026-09-08 11:50:00,1851.0,39.9,53.2,42.5,87.2,312.3,69.2,27.33,69.2,Normal,0,0,0,0,0,Normal operation
ISZ-013,2026-09-08 12:00:00,2045.0,39.3,49.6,60.5,81.3,358.4,65.7,26.83,83.0,Normal,0,0,0,0,0,Normal operation
ISZ-013,2026-09-08 12:10:00,1609.0,64.5,39.4,56.8,83.0,307.9,51.0,26.84,63.0,Normal,0,0,0,0,0,Normal operation
ISZ-013,2026-09-08 12:20:00,1629.0,52.6,41.3,75.0,81.7,338.9,58.1,27.02,101.5,Normal,0,0,0,0,0,Normal operation
ISZ-013,2026-09-08 12:30:00,1062.0,84.0,88.5,36.0,94.6,335.7,59.3,27.28,86.5,Normal,0,0,0,0,0,Normal operation
ISZ-013,2026-09-08 12:40:00,1574.0,56.3,51.6,87.7,88.4,334.7,70.8,26.77,101.1,Normal,0,0,0,0,0,Normal operation
ISZ-013,2026-09-08 12:50:00,1991.0,61.6,52.4,56.0,88.8,324.0,70.7,27.04,114.3,Normal,0,0,0,0,0,Normal operation
ISZ-013,2026-09-08 13:00:00,1678.0,69.5,62.3,24.1,82.8,327.4,66.9,26.46,108.0,Normal,0,0,0,0,0,Normal operation
ISZ-013,2026-09-08 13:10:00,2116.0,12.8,42.7,35.5,86.6,374.7,70.1,27.29,76.2,Normal,0,0,0,0,0,Normal operation
ISZ-013,2026-09-08 13:20:00,1266.0,42.2,84.1,50.9,91.4,299.6,65.0,26.56,108.2,Normal,0,0,0,0,0,Normal operation
ISZ-013,2026-09-08 13:30:00,1180.0,19.2,47.9,61.6,93.9,354.2,67.9,27.22,114.8,Normal,0,0,0,0,0,Normal operation
ISZ-013,2026-09-08 13:40:00,1649.0,48.0,47.7,22.1,93.4,355.5,57.6,27.03,51.8,Normal,0,0,0,0,0,Normal operation
ISZ-013,2026-09-08 13:50:00,1758.0,50.1,46.5,61.8,91.0,302.6,59.8,27.05,61.1,Normal,0,0,0,0,0,Normal operation
ISZ-013,2026-09-08 14:00:00,533.0,2.4,11.1,0.7,86.6,246.7,30.8,27.29,34.8,Normal,0,0,0,0,0,Normal operation
ISZ-013,2026-09-08 14:10:00,550.0,2.5,22.6,0.5,89.9,189.1,26.6,27.45,36.2,Normal,0,0,0,0,0,Normal operation
ISZ-013,2026-09-08 14:20:00,552.0,2.0,23.2,0,83.4,250.1,13.4,27.09,18.2,Normal,0,0,1,1,0,Normal operation
ISZ-013,2026-09-08 14:30:00,538.0,2.7,7.4,0.7,90.4,260.0,37.3,27.34,8,Normal,0,0,0,0,0,Normal operation
ISZ-013,2026-09-08 14:40:00,1845.0,64.3,44.6,38.4,81.8,326.5,60.9,26.48,107.6,Normal,0,0,0,0,0,Normal operation
ISZ-013,2026-09-08 14:50:00,2228.0,50.2,55.9,29.1,84.5,346.5,57.2,26.94,83.8,Normal,0,0,0,0,0,Normal operation
ISZ-013,2026-09-08 15:00:00,1587.0,37.3,36.6,34.9,88.9,365.4,68.1,27.71,102.5,Normal,0,0,0,0,0,Normal operation
ISZ-013,2026-09-08 15:10:00,1863.0,48.4,28.5,55.9,87.6,334.4,57.0,26.63,85.1,Normal,0,0,0,0,0,Normal operation
ISZ-013,2026-09-08 15:20:00,1458.0,33.1,74.0,28.6,85.6,343.9,74.8,27.52,117.5,Normal,0,0,0,0,0,Normal operation
ISZ-013,2026-09-08 15:30:00,1946.0,54.4,72.9,59.9,83.4,333.0,65.7,26.89,99.0,Normal,0,0,0,0,0,Normal operation
ISZ-013,2026-09-08 15:40:00,1391.0,61.5,48.2,44.2,86.8,344.2,66.2,27.6,89.7,Normal,0,0,0,0,0,Normal operation
ISZ-013,2026-09-08 15:50:00,1322.0,91.3,71.5,34.9,88.7,338.0,67.6,27.28,85.2,Normal,0,0,0,0,0,Normal operation
ISZ-013,2026-09-08 16:00:00,1606.0,48.9,64.2,48.6,86.1,345.0,69.7,27.22,58.4,Normal,0,0,0,0,0,Normal operation
ISZ-013,2026-09-08 16:10:00,1139.0,55.6,47.2,55.1,89.1,293.7,67.1,26.78,131.0,Normal,0,0,0,0,0,Normal operation
ISZ-013,2026-09-08 16:20:00,1986.0,55.9,85.1,44.2,85.3,343.2,49.0,26.69,87.5,Normal,0,0,0,0,0,Normal operation
ISZ-013,2026-09-08 16:30:00,1261.0,70.2,73.1,50.9,82.8,329.8,68.1,27.63,91.4,Normal,0,0,0,0,0,Normal operation
ISZ-013,2026-09-08 16:40:00,2055.0,52.0,49.4,39.5,90.0,359.2,73.8,26.83,55.4,Normal,0,0,0,0,0,Normal operation
ISZ-013,2026-09-08 16:50:00,861.0,55.5,61.0,46.2,91.0,344.9,60.3,27.4,130.5,Normal,0,0,0,0,0,Normal operation
ISZ-013,2026-09-08 17:00:00,1596.0,46.1,51.8,41.5,88.3,381.3,55.9,27.09,106.4,Normal,0,0,0,0,0,Normal operation
ISZ-013,2026-09-08 17:10:00,1652.0,36.2,59.0,36.7,85.0,305.1,60.8,27.96,127.1,Normal,0,0,0,0,0,Normal operation
ISZ-013,2026-09-08 17:20:00,909.0,37.7,57.8,35.4,85.5,365.4,68.0,27.61,135.9,Normal,0,0,0,0,0,Normal operation
ISZ-013,2026-09-08 17:30:00,1995.0,43.2,64.2,13.3,87.2,370.9,55.4,28.23,133.2,Normal,0,0,0,0,0,Normal operation
ISZ-013,2026-09-08 17:40:00,1040.0,54.0,65.1,65.5,91.3,314.7,64.7,27.79,87.6,Normal,0,0,0,0,0,Normal operation
ISZ-013,2026-09-08 17:50:00,1556.0,46.6,44.6,56.9,88.9,332.4,44.2,27.09,125.7,Normal,0,0,0,0,0,Normal operation
ISZ-013,2026-09-08 18:00:00,541.0,0.8,20.0,7.2,89.1,230.1,33.1,27.17,46.2,Normal,0,0,0,0,0,Normal operation
ISZ-013,2026-09-08 18:10:00,552.0,2.4,27.3,0,87.3,285.7,26.0,26.76,27.7,Normal,0,0,1,0,0,Normal operation
ISZ-013,2026-09-08 18:20:00,532.0,2.9,17.7,4.2,85.6,241.6,37.8,27.8,15.7,Normal,0,0,0,0,0,Normal operation
ISZ-013,2026-09-08 18:30:00,553.0,3.5,13.5,2.2,91.9,232.3,39.5,27.48,81.0,Normal,0,0,1,0,0,Normal operation
ISZ-013,2026-09-08 18:40:00,1081.0,57.5,78.6,19.9,95.7,331.0,62.0,27.51,83.2,Normal,0,0,0,0,0,Normal operation
ISZ-013,2026-09-08 18:50:00,1516.0,62.1,79.8,8,89.8,312.1,61.7,27.29,120.9,Normal,0,0,0,0,0,Normal operation
ISZ-013,2026-09-08 19:00:00,1737.0,58.1,49.6,44.2,83.6,348.6,73.6,26.99,100.3,Normal,0,0,0,0,0,Normal operation
ISZ-013,2026-09-08 19:10:00,1425.0,69.2,70.5,50.6,89.4,342.4,60.2,26.74,80.9,Normal,0,0,0,0,0,Normal operation
ISZ-013,2026-09-08 19:20:00,1400.0,56.6,34.5,82.8,85.7,315.2,59.6,26.75,113.4,Normal,0,0,0,0,0,Normal operation
ISZ-013,2026-09-08 19:30:00,1219.0,58.5,36.8,23.2,84.9,349.4,60.0,27.44,83.5,Normal,0,0,0,0,0,Normal operation
ISZ-013,2026-09-08 19:40:00,1076.0,62.5,67.6,34.0,85.2,323.8,81.0,26.77,95.2,Normal,0,0,0,0,0,Normal operation
ISZ-013,2026-09-08 19:50:00,1622.0,34.3,46.8,27.7,84.0,332.7,49.6,26.79,151.9,Normal,0,0,0,0,0,Normal operation
ISZ-013,2026-09-08 20:00:00,1682.0,95,57.3,65.5,89.4,367.8,48.4,27.21,75.3,Normal,0,0,0,0,0,Normal operation
ISZ-013,2026-09-08 20:10:00,2235.0,46.6,84.6,41.7,83.4,320.9,54.5,27.77,101.9,Normal,0,0,0,0,0,Normal operation
ISZ-013,2026-09-08 20:20:00,1848.0,25.2,85.3,68.7,80.9,365.6,59.5,27.25,54.2,Normal,0,0,0,0,0,Normal operation
ISZ-013,2026-09-08 20:30:00,1287.0,35.0,79.3,80.1,93.0,319.7,69.3,27.28,121.2,Normal,0,0,0,0,0,Normal operation
ISZ-013,2026-09-08 20:40:00,1905.0,24.9,82.0,53.2,94.1,347.8,67.3,26.76,38.9,Normal,0,0,0,0,0,Normal operation
ISZ-013,2026-09-08 20:50:00,1600.0,95,53.3,62.7,85.2,337.7,57.3,27.64,84.9,Normal,0,0,0,0,0,Normal operation
ISZ-013,2026-09-08 21:00:00,1138.0,92.3,51.7,51.0,88.8,367.9,72.8,27.04,79.7,Normal,0,0,0,0,0,Normal operation
ISZ-013,2026-09-08 21:10:00,1533.0,70.8,57.9,64.9,86.2,290.3,66.6,27.77,98.0,Normal,0,0,0,0,0,Normal operation
ISZ-013,2026-09-08 21:20:00,1738.0,30.3,84.6,11.2,87.6,300.2,70.5,26.9,66.0,Normal,0,0,0,0,0,Normal operation
ISZ-013,2026-09-08 21:30:00,1503.0,48.1,54.9,64.5,89.8,347.0,57.5,27.11,81.1,Normal,0,0,0,0,0,Normal operation
ISZ-013,2026-09-08 21:40:00,1121.0,52.9,40.3,20.5,89.4,286.3,59.8,27.52,85.8,Normal,0,0,0,0,0,Normal operation
ISZ-013,2026-09-08 21:50:00,1941.0,46.4,50.4,38.0,87.2,304.0,45.7,27.22,124.6,Normal,0,0,0,0,0,Normal operation
ISZ-013,2026-09-08 22:00:00,553.0,1.4,17.3,2.4,89.0,284.4,38.7,26.94,42.9,Normal,0,0,1,0,0,Normal operation
ISZ-013,2026-09-08 22:10:00,533.0,1.6,19.7,2.1,93.9,264.0,33.9,27.44,35.2,Normal,0,0,0,0,0,Normal operation
ISZ-013,2026-09-08 22:20:00,541.0,1.6,20.1,4.0,86.1,243.8,24.3,26.84,45.5,Normal,0,0,0,1,0,Normal operation
ISZ-013,2026-09-08 22:30:00,542.0,2.4,17.3,4.8,90.6,217.1,28.8,26.92,93.3,Normal,0,0,0,0,0,Normal operation
ISZ-013,2026-09-08 22:40:00,1861.0,82.5,66.7,43.6,85.6,304.6,69.5,27.15,101.7,Normal,0,0,0,0,0,Normal operation
ISZ-013,2026-09-08 22:50:00,1829.0,70.9,74.3,57.9,78.8,355.1,73.9,27.87,66.0,Normal,0,0,0,0,0,Normal operation
ISZ-013,2026-09-08 23:00:00,1967.0,37.0,36.5,72.4,83.5,321.8,60.2,26.87,107.3,Normal,0,0,0,0,0,Normal operation
ISZ-013,2026-09-08 23:10:00,1262.0,35.3,41.3,74.7,89.8,350.0,56.6,26.76,75.6,Normal,0,0,0,0,0,Normal operation
ISZ-013,2026-09-08 23:20:00,1845.0,50.7,48.8,51.9,83.6,346.5,59.6,27.19,71.4,Normal,0,0,0,0,0,Normal operation
ISZ-013,2026-09-08 23:30:00,1555.0,26.3,54.5,56.0,89.3,329.4,56.2,27.05,48.2,Normal,0,0,0,0,0,Normal operation
ISZ-013,2026-09-08 23:40:00,1158.0,68.6,76.7,87.8,85.3,339.7,64.8,26.71,87.6,Normal,0,0,0,0,0,Normal operation
ISZ-013,2026-09-08 23:50:00,1735.0,35.0,41.3,21.1,92.5,359.4,61.7,26.91,97.4,Normal,0,0,0,0,0,Normal operation
ISZ-013,2026-09-09 00:00:00,1345.0,38.2,38.7,40.4,80.7,363.6,65.5,26.96,83.1,Normal,0,0,0,0,0,Normal operation
ISZ-013,2026-09-09 00:10:00,1369.0,83.9,41.7,62.5,86.4,352.8,60.6,27.44,124.8,Normal,0,0,0,0,0,Normal operation
ISZ-013,2026-09-09 00:20:00,1124.0,55.7,62.9,61.6,89.2,336.9,58.7,27.19,107.9,Normal,0,0,0,0,0,Normal operation
ISZ-013,2026-09-09 00:30:00,1684.0,49.4,58.4,59.2,92.1,311.8,66.4,27.42,106.9,Normal,0,0,0,0,0,Normal operation
ISZ-013,2026-09-09 00:40:00,1220.0,37.5,37.0,44.5,84.1,298.1,66.3,26.86,92.6,Normal,0,0,0,0,0,Normal operation
ISZ-013,2026-09-09 00:50:00,2283.0,79.5,50.0,42.6,85.3,338.0,81.3,27.36,89.4,Normal,0,0,0,0,0,Normal operation
ISZ-013,2026-09-09 01:00:00,1570.0,39.1,78.6,45.6,87.4,310.3,54.1,26.29,115.4,Normal,0,0,0,0,0,Normal operation
ISZ-013,2026-09-09 01:10:00,1762.0,57.8,65.7,43.3,89.5,324.1,71.7,26.61,114.4,Normal,0,0,0,0,0,Normal operation
ISZ-013,2026-09-09 01:20:00,1230.0,56.7,53.2,48.1,86.9,356.1,66.0,27.19,150.3,Normal,0,0,0,0,0,Normal operation
ISZ-013,2026-09-09 01:30:00,1247.0,30.2,78.0,70.2,90.1,304.8,55.3,27.35,60.3,Normal,0,0,0,0,0,Normal operation
ISZ-013,2026-09-09 01:40:00,1471.0,51.0,22.8,44.4,86.8,339.7,76.7,27.23,86.3,Normal,0,0,0,0,0,Normal operation
ISZ-013,2026-09-09 01:50:00,1638.0,52.8,41.2,22.1,84.6,317.0,77.8,27.46,118.6,Normal,0,0,0,0,0,Normal operation
ISZ-014,2026-09-08 06:00:00,539.0,0.1,28.7,0.5,88.3,261.3,36.6,27.33,21.0,Normal,0,0,0,0,0,Normal operation
ISZ-014,2026-09-08 06:10:00,541.0,0.6,16.5,3.2,88.2,249.5,37.0,26.85,53.6,Normal,0,0,0,0,0,Normal operation
ISZ-014,2026-09-08 06:20:00,551.0,1.4,32.3,1.2,87.1,239.3,30.8,27.06,56.5,Normal,0,0,1,0,0,Normal operation
ISZ-014,2026-09-08 06:30:00,555.0,7.1,22.9,3.6,81.7,253.5,20.9,28.02,16.2,Normal,0,0,1,1,0,Normal operation
ISZ-014,2026-09-08 06:40:00,1524.0,39.1,22.6,33.8,86.8,344.7,52.5,27.93,99.0,Normal,0,0,0,0,0,Normal operation
ISZ-014,2026-09-08 06:50:00,1378.0,58.0,77.5,65.3,93.3,378.5,54.8,26.84,39.1,Normal,0,0,0,0,0,Normal operation
ISZ-014,2026-09-08 07:00:00,1529.0,80.6,93.7,14.6,92.3,302.6,75.0,27.45,44.5,Normal,0,0,0,0,0,Normal operation
ISZ-014,2026-09-08 07:10:00,1346.0,38.2,44.3,44.6,89.6,348.4,67.3,27.4,97.8,Normal,0,0,0,0,0,Normal operation
ISZ-014,2026-09-08 07:20:00,1928.0,81.2,87.3,28.2,88.1,389.0,56.9,27.12,107.6,Normal,0,0,0,0,0,Normal operation
ISZ-014,2026-09-08 07:30:00,1618.0,51.2,20,42.8,89.6,300.8,79.4,26.87,104.4,Normal,0,0,0,0,0,Normal operation
ISZ-014,2026-09-08 07:40:00,1683.0,55.4,43.2,40.4,81.3,329.1,62.8,26.62,144.8,Normal,0,0,0,0,0,Normal operation
ISZ-014,2026-09-08 07:50:00,1106.0,43.2,26.2,32.7,87.1,342.4,62.1,26.87,94.4,Normal,0,0,0,0,0,Normal operation
ISZ-014,2026-09-08 08:00:00,1625.0,45.8,51.4,33.1,91.5,296.0,67.1,26.63,96.9,Normal,0,0,0,0,0,Normal operation
ISZ-014,2026-09-08 08:10:00,1039.0,35.3,64.9,60.0,87.6,317.1,71.2,27.73,112.8,Normal,0,0,0,0,0,Normal operation
ISZ-014,2026-09-08 08:20:00,1539.0,68.0,41.0,81.9,85.9,367.4,62.1,26.53,105.8,Normal,0,0,0,0,0,Normal operation
ISZ-014,2026-09-08 08:30:00,1147.0,33.3,92.9,74.8,87.4,326.3,57.4,27.5,104.0,Normal,0,0,0,0,0,Normal operation
ISZ-014,2026-09-08 08:40:00,1754.0,45.2,57.3,54.7,81.9,394.9,66.3,27.18,105.3,Normal,0,0,0,0,0,Normal operation
ISZ-014,2026-09-08 08:50:00,1564.0,40.6,52.6,75.8,83.7,354.9,67.3,26.72,91.8,Normal,0,0,0,0,0,Normal operation
ISZ-014,2026-09-08 09:00:00,1969.0,24.4,58.0,83.4,90.5,318.4,69.7,27.11,65.8,Normal,0,0,0,0,0,Normal operation
ISZ-014,2026-09-08 09:10:00,1826.0,46.9,47.1,50.9,87.3,319.9,61.8,27.61,110.4,Normal,0,0,0,0,0,Normal operation
ISZ-014,2026-09-08 09:20:00,1203.0,23.3,42.8,63.2,85.1,353.0,58.3,27.0,90.6,Normal,0,0,0,0,0,Normal operation
ISZ-014,2026-09-08 09:30:00,1673.0,61.3,85.7,31.0,88.5,376.3,73.8,26.75,80.4,Normal,0,0,0,0,0,Normal operation
ISZ-014,2026-09-08 09:40:00,1028.0,36.3,55.4,56.6,79.2,341.5,53.6,27.35,46.6,Normal,0,0,0,0,0,Normal operation
ISZ-014,2026-09-08 09:50:00,1431.0,34.5,60.6,39.3,91.7,330.4,65.1,27.02,72.9,Normal,0,0,0,0,0,Normal operation
ISZ-014,2026-09-08 10:00:00,546.0,1.0,5.9,4.4,86.3,206.1,28.4,27.35,57.7,Normal,0,0,0,0,0,Normal operation
ISZ-014,2026-09-08 10:10:00,550.0,1.6,22.2,0,83.1,255.9,32.2,27.49,35.3,Normal,0,0,1,0,0,Normal operation
ISZ-014,2026-09-08 10:20:00,552.0,0.8,9.7,5.9,86.8,284.0,28.4,27.21,8,Normal,0,0,1,0,0,Normal operation
ISZ-014,2026-09-08 10:30:00,539.0,3.6,14.7,4.4,80.2,245.8,39.0,27.59,8,Normal,0,0,0,0,0,Normal operation
ISZ-014,2026-09-08 10:40:00,1663.0,44.4,52.1,65.4,82.9,347.6,63.5,26.88,136.7,Normal,0,0,0,0,0,Normal operation
ISZ-014,2026-09-08 10:50:00,1539.0,55.0,78.7,42.8,83.0,314.9,56.7,27.29,117.3,Normal,0,0,0,0,0,Normal operation
ISZ-014,2026-09-08 11:00:00,1568.0,17.6,61.5,49.1,88.1,363.0,72.6,27.3,99.5,Normal,0,0,0,0,0,Normal operation
ISZ-014,2026-09-08 11:10:00,1145.0,51.0,56.7,9.9,89.4,340.1,67.8,27.43,136.6,Normal,0,0,0,0,0,Normal operation
ISZ-014,2026-09-08 11:20:00,1817.0,33.2,63.4,25.4,77.9,350.7,60.2,27.33,118.6,Normal,0,0,0,0,0,Normal operation
ISZ-014,2026-09-08 11:30:00,1161.0,95,50.7,54.8,84.3,334.9,77.8,26.94,97.3,Normal,0,0,0,0,0,Normal operation
ISZ-014,2026-09-08 11:40:00,1833.0,44.2,49.8,66.9,91.9,345.4,67.5,27.26,68.8,Normal,0,0,0,0,0,Normal operation
ISZ-014,2026-09-08 11:50:00,1590.0,74.2,60.9,8,89.7,355.1,73.5,27.4,115.5,Normal,0,0,0,0,0,Normal operation
ISZ-014,2026-09-08 12:00:00,1013.0,41.7,53.3,45.8,82.7,308.5,59.6,28.1,107.5,Normal,0,0,0,0,0,Normal operation
ISZ-014,2026-09-08 12:10:00,1434.0,26.3,65.2,45.9,82.0,300.5,61.8,27.74,79.9,Normal,0,0,0,0,0,Normal operation
ISZ-014,2026-09-08 12:20:00,1009.0,39.1,94.0,27.7,82.7,338.8,61.5,26.53,58.9,Normal,0,0,0,0,0,Normal operation
ISZ-014,2026-09-08 12:30:00,1412.0,44.6,28.2,44.4,87.7,354.4,57.2,27.17,86.6,Normal,0,0,0,0,0,Normal operation
ISZ-014,2026-09-08 12:40:00,1620.0,57.9,76.1,34.8,91.8,315.7,70.7,26.57,102.3,Normal,0,0,0,0,0,Normal operation
ISZ-014,2026-09-08 12:50:00,1152.0,44.3,20,31.0,79.6,326.3,66.8,27.67,105.4,Normal,0,0,0,0,0,Normal operation
ISZ-014,2026-09-08 13:00:00,1566.0,52.2,20,60.6,87.2,368.7,61.7,26.89,84.1,Normal,0,0,0,0,0,Normal operation
ISZ-014,2026-09-08 13:10:00,1251.0,39.6,68.5,46.2,84.4,315.7,73.6,27.99,109.9,Normal,0,0,0,0,0,Normal operation
ISZ-014,2026-09-08 13:20:00,1871.0,42.8,20.9,44.2,88.5,382.3,77.4,27.58,51.1,Normal,0,0,0,0,0,Normal operation
ISZ-014,2026-09-08 13:30:00,995.0,36.4,61.8,35.8,88.2,319.3,73.7,27.1,65.4,Normal,0,0,0,0,0,Normal operation
ISZ-014,2026-09-08 13:40:00,1775.0,71.2,91.1,25.8,87.8,309.3,64.6,27.01,73.8,Normal,0,0,0,0,0,Normal operation
ISZ-014,2026-09-08 13:50:00,2149.0,26.6,53.5,70.2,88.2,340.2,68.8,26.67,121.9,Normal,0,0,0,0,0,Normal operation
ISZ-014,2026-09-08 14:00:00,530.0,0,23.6,2.2,84.8,211.0,22.4,27.1,16.0,Normal,0,0,1,1,0,Normal operation
ISZ-014,2026-09-08 14:10:00,528.0,0,22.1,0,83.7,248.3,33.1,26.5,8,Normal,0,0,1,0,0,Normal operation
ISZ-014,2026-09-08 14:20:00,536.0,0,15.2,5.0,79.1,230.1,16.1,27.11,28.7,Normal,0,0,0,1,0,Normal operation
ISZ-014,2026-09-08 14:30:00,536.0,2.3,13.9,3.1,84.1,252.6,40.1,26.78,8,Normal,0,0,0,0,0,Normal operation
ISZ-014,2026-09-08 14:40:00,1209.0,10.8,56.1,79.3,92.7,337.4,60.1,26.73,83.1,Normal,0,0,0,0,0,Normal operation
ISZ-014,2026-09-08 14:50:00,1395.0,47.6,72.3,8,81.2,307.2,76.7,26.65,115.1,Normal,0,0,0,0,0,Normal operation
ISZ-014,2026-09-08 15:00:00,1388.0,23.1,82.7,8,81.6,343.6,61.9,27.53,96.1,Normal,0,0,0,0,0,Normal operation
ISZ-014,2026-09-08 15:10:00,1675.0,37.4,46.5,27.7,92.9,341.3,73.4,27.89,136.5,Normal,0,0,0,0,0,Normal operation
ISZ-014,2026-09-08 15:20:00,1420.0,71.7,72.8,82.9,88.9,297.8,63.7,27.0,88.8,Normal,0,0,0,0,0,Normal operation
ISZ-014,2026-09-08 15:30:00,963.0,77.0,58.8,12.0,90.9,328.6,70.0,27.94,100.0,Normal,0,0,0,0,0,Normal operation
ISZ-014,2026-09-08 15:40:00,1601.0,63.0,38.1,34.3,89.5,293.6,54.0,27.4,116.6,Normal,0,0,0,0,0,Normal operation
ISZ-014,2026-09-08 15:50:00,1321.0,44.6,68.0,24.2,85.7,337.2,69.6,27.19,79.7,Normal,0,0,0,0,0,Normal operation
ISZ-014,2026-09-08 16:00:00,800,81.4,78.8,79.3,86.7,317.9,51.4,27.84,102.8,Normal,0,0,0,0,0,Normal operation
ISZ-014,2026-09-08 16:10:00,1380.0,66.9,84.8,37.0,93.3,334.4,69.9,27.17,96.6,Normal,0,0,0,0,0,Normal operation
ISZ-014,2026-09-08 16:20:00,1710.0,33.0,67.2,32.6,93.1,422.0,57.2,27.74,63.8,Normal,0,0,0,0,0,Normal operation
ISZ-014,2026-09-08 16:30:00,997.0,38.8,74.7,50.4,79.0,322.3,47.3,27.59,67.1,Normal,0,0,0,0,0,Normal operation
ISZ-014,2026-09-08 16:40:00,1241.0,36.6,60.9,28.6,83.1,364.5,64.4,26.94,85.9,Normal,0,0,0,0,0,Normal operation
ISZ-014,2026-09-08 16:50:00,1427.0,72.2,95,56.3,90.9,304.6,68.5,27.05,70.9,Normal,0,0,0,0,0,Normal operation
ISZ-014,2026-09-08 17:00:00,1705.0,19.0,33.3,69.9,83.1,306.5,65.0,27.12,119.1,Normal,0,0,0,0,0,Normal operation
ISZ-014,2026-09-08 17:10:00,1693.0,35.6,50.0,24.0,91.3,309.0,63.6,27.19,137.1,Normal,0,0,0,0,0,Normal operation
ISZ-014,2026-09-08 17:20:00,1589.0,51.8,80.1,64.8,88.1,329.0,67.6,27.29,95.0,Normal,0,0,0,0,0,Normal operation
ISZ-014,2026-09-08 17:30:00,1092.0,32.4,71.1,67.8,84.2,371.5,72.2,27.59,122.3,Normal,0,0,0,0,0,Normal operation
ISZ-014,2026-09-08 17:40:00,1728.0,32.4,46.5,44.6,87.8,378.8,71.7,26.85,120.3,Normal,0,0,0,0,0,Normal operation
ISZ-014,2026-09-08 17:50:00,1814.0,11.2,55.9,71.9,85.4,353.0,70.5,28.26,120.7,Normal,0,0,0,0,0,Normal operation
ISZ-014,2026-09-08 18:00:00,526.0,2.1,12.7,0,85.4,268.6,22.9,26.8,17.7,Normal,0,0,1,1,0,Normal operation
ISZ-014,2026-09-08 18:10:00,538.0,0,16.7,4.0,82.4,325.5,37.3,27.25,8,Normal,0,0,0,0,0,Normal operation
ISZ-014,2026-09-08 18:20:00,527.0,0,32.3,2.2,83.9,240.7,14.0,27.32,18.9,Normal,0,0,1,1,0,Normal operation
ISZ-014,2026-09-08 18:30:00,532.0,2.1,15.1,4.8,88.4,218.5,49.1,26.73,17.9,Normal,0,0,0,0,0,Normal operation
ISZ-014,2026-09-08 18:40:00,973.0,39.0,49.2,62.8,94.3,332.8,56.3,27.36,47.8,Normal,0,0,0,0,0,Normal operation
ISZ-014,2026-09-08 18:50:00,1380.0,61.0,20,59.4,85.7,345.8,62.7,27.59,99.9,Normal,0,0,0,0,0,Normal operation
ISZ-014,2026-09-08 19:00:00,1835.0,62.0,72.8,18.8,94.1,336.8,68.5,27.75,76.7,Normal,0,0,0,0,0,Normal operation
ISZ-014,2026-09-08 19:10:00,1544.0,61.6,49.1,36.7,85.4,338.6,51.4,27.06,89.1,Normal,0,0,0,0,0,Normal operation
ISZ-014,2026-09-08 19:20:00,1710.0,41.9,72.6,33.0,82.5,389.2,55.5,26.11,76.3,Normal,0,0,0,0,0,Normal operation
ISZ-014,2026-09-08 19:30:00,2255.0,35.6,62.2,47.8,96.8,285.8,61.5,26.82,123.5,Normal,0,0,0,0,0,Normal operation
ISZ-014,2026-09-08 19:40:00,1791.0,44.5,73.1,22.1,92.4,336.9,58.5,26.79,92.5,Normal,0,0,0,0,0,Normal operation
ISZ-014,2026-09-08 19:50:00,1320.0,60.2,31.4,16.4,92.6,343.1,59.1,26.99,86.8,Normal,0,0,0,0,0,Normal operation
ISZ-014,2026-09-08 20:00:00,1473.0,61.5,51.5,56.0,90.7,340.9,62.9,27.34,108.5,Normal,0,0,0,0,0,Normal operation
ISZ-014,2026-09-08 20:10:00,1777.0,91.1,55.3,29.3,88.1,390.9,59.5,27.14,126.4,Normal,0,0,0,0,0,Normal operation
ISZ-014,2026-09-08 20:20:00,1608.0,55.4,71.4,8,89.3,319.4,68.8,27.93,56.3,Normal,0,0,0,0,0,Normal operation
ISZ-014,2026-09-08 20:30:00,1273.0,58.4,94.8,67.5,88.2,314.4,70.6,27.79,100.5,Normal,0,0,0,0,0,Normal operation
ISZ-014,2026-09-08 20:40:00,1472.0,48.7,77.9,13.3,89.4,354.8,71.7,26.76,102.7,Normal,0,0,0,0,0,Normal operation
ISZ-014,2026-09-08 20:50:00,1622.0,68.3,51.5,49.7,85.9,392.3,70.8,28.05,69.4,Normal,0,0,0,0,0,Normal operation
ISZ-014,2026-09-08 21:00:00,1227.0,58.8,35.2,48.6,86.4,312.2,71.4,27.16,89.1,Normal,0,0,0,0,0,Normal operation
ISZ-014,2026-09-08 21:10:00,1861.0,77.2,66.2,44.0,91.2,357.3,65.5,27.03,86.2,Normal,0,0,0,0,0,Normal operation
ISZ-014,2026-09-08 21:20:00,1204.0,52.6,54.8,8,84.9,351.2,76.4,26.92,73.8,Normal,0,0,0,0,0,Normal operation
ISZ-014,2026-09-08 21:30:00,1105.0,33.8,70.8,36.2,85.4,368.2,57.2,27.29,124.5,Normal,0,0,0,0,0,Normal operation
ISZ-014,2026-09-08 21:40:00,959.0,75.8,64.5,80.8,84.6,309.4,43.5,26.92,79.0,Normal,0,0,0,0,0,Normal operation
ISZ-014,2026-09-08 21:50:00,2319.0,45.9,71.9,58.9,89.6,349.5,73.5,26.8,63.4,Normal,0,0,0,0,0,Normal operation
ISZ-014,2026-09-08 22:00:00,527.0,2.5,18.6,5.4,89.6,214.8,26.2,27.43,48.3,Normal,0,0,1,0,0,Normal operation
ISZ-014,2026-09-08 22:10:00,532.0,0,14.9,0.2,87.3,236.7,24.2,28.83,16.7,Normal,0,0,0,1,0,Normal operation
ISZ-014,2026-09-08 22:20:00,548.0,0.7,19.0,1.9,80.3,276.6,44.1,26.76,21.3,Normal,0,0,0,0,0,Normal operation
ISZ-014,2026-09-08 22:30:00,570.0,1.1,21.8,1.1,94.6,249.4,12.0,27.5,20.7,Normal,0,0,1,1,0,Normal operation
ISZ-014,2026-09-08 22:40:00,1842.0,48.7,68.2,25.4,93.1,324.9,49.3,27.06,70.5,Normal,0,0,0,0,0,Normal operation
ISZ-014,2026-09-08 22:50:00,1025.0,58.0,39.8,44.7,93.1,368.4,50.8,28.04,56.3,Normal,0,0,0,0,0,Normal operation
ISZ-014,2026-09-08 23:00:00,1633.0,51.3,49.6,32.9,91.0,342.1,65.7,27.5,103.9,Normal,0,0,0,0,0,Normal operation
ISZ-014,2026-09-08 23:10:00,800,17.1,95,57.0,85.4,344.6,63.2,27.46,72.0,Normal,0,0,0,0,0,Normal operation
ISZ-014,2026-09-08 23:20:00,1844.0,51.5,65.6,61.3,81.8,346.4,54.4,27.8,98.8,Normal,0,0,0,0,0,Normal operation
ISZ-014,2026-09-08 23:30:00,1140.0,58.0,58.0,59.6,84.4,352.7,61.6,27.48,123.9,Normal,0,0,0,0,0,Normal operation
ISZ-014,2026-09-08 23:40:00,1091.0,62.4,61.6,52.2,88.0,302.0,69.9,27.95,80.0,Normal,0,0,0,0,0,Normal operation
ISZ-014,2026-09-08 23:50:00,1909.0,58.9,52.9,70.0,84.3,366.2,72.9,26.58,120.4,Normal,0,0,0,0,0,Normal operation
ISZ-014,2026-09-09 00:00:00,871.0,47.1,58.8,62.1,90.3,358.7,58.2,27.44,90.0,Normal,0,0,0,0,0,Normal operation
ISZ-014,2026-09-09 00:10:00,1267.0,60.8,43.3,51.0,90.2,353.4,64.2,27.91,41.0,Normal,0,0,0,0,0,Normal operation
ISZ-014,2026-09-09 00:20:00,1596.0,51.2,62.5,20.7,78.4,353.3,77.1,27.34,128.2,Normal,0,0,0,0,0,Normal operation
ISZ-014,2026-09-09 00:30:00,1476.0,64.3,95,14.2,93.8,339.3,71.0,26.83,89.8,Normal,0,0,0,0,0,Normal operation
ISZ-014,2026-09-09 00:40:00,2092.0,13.2,50.2,80.9,85.8,289.5,67.8,27.81,90.0,Normal,0,0,0,0,0,Normal operation
ISZ-014,2026-09-09 00:50:00,1116.0,21.4,64.1,22.7,89.1,336.6,65.9,26.5,58.4,Normal,0,0,0,0,0,Normal operation
ISZ-014,2026-09-09 01:00:00,1460.0,58.3,30.0,22.1,88.5,339.2,61.3,27.44,79.7,Normal,0,0,0,0,0,Normal operation
ISZ-014,2026-09-09 01:10:00,1462.0,31.5,71.5,26.6,85.9,358.5,66.6,26.51,122.4,Normal,0,0,0,0,0,Normal operation
ISZ-014,2026-09-09 01:20:00,1711.0,53.6,48.9,45.4,89.5,348.5,65.1,27.85,97.5,Normal,0,0,0,0,0,Normal operation
ISZ-014,2026-09-09 01:30:00,909.0,30.5,62.7,56.2,91.6,332.8,59.5,27.94,109.1,Normal,0,0,0,0,0,Normal operation
ISZ-014,2026-09-09 01:40:00,1901.0,72.9,65.0,35.0,86.6,339.7,78.1,26.25,79.8,Normal,0,0,0,0,0,Normal operation
ISZ-014,2026-09-09 01:50:00,1748.0,70.2,83.0,71.2,92.4,345.4,62.1,27.02,91.8,Normal,0,0,0,0,0,Normal operation
ISZ-015,2026-09-08 06:00:00,540.0,0,13.8,0.4,84.5,235.0,25.8,26.91,8,Normal,0,0,0,0,0,Normal operation
ISZ-015,2026-09-08 06:10:00,535.0,0,12.0,0.3,91.9,259.1,41.1,27.38,53.1,Normal,0,0,0,0,0,Normal operation
ISZ-015,2026-09-08 06:20:00,546.0,0.5,24.7,0.8,88.8,275.2,48.9,26.45,54.0,Normal,0,0,0,0,0,Normal operation
ISZ-015,2026-09-08 06:30:00,531.0,0,10.6,2.8,88.3,277.2,31.3,27.43,16.4,Normal,0,0,0,0,0,Normal operation
ISZ-015,2026-09-08 06:40:00,1210.0,13.6,72.4,73.0,78.6,277.1,54.9,27.48,92.8,Normal,0,0,0,0,0,Normal operation
ISZ-015,2026-09-08 06:50:00,1133.0,67.2,68.9,42.2,88.1,292.2,59.2,26.97,109.1,Normal,0,0,0,0,0,Normal operation
ISZ-015,2026-09-08 07:00:00,1612.0,33.4,61.6,48.1,85.7,313.7,72.4,27.48,121.1,Normal,0,0,0,0,0,Normal operation
ISZ-015,2026-09-08 07:10:00,1044.0,73.1,56.4,11.7,85.8,344.4,63.1,27.48,100.7,Normal,0,0,0,0,0,Normal operation
ISZ-015,2026-09-08 07:20:00,1616.0,44.8,77.1,25.5,91.0,353.8,55.3,26.72,71.9,Normal,0,0,0,0,0,Normal operation
ISZ-015,2026-09-08 07:30:00,885.0,34.1,95,29.4,81.2,299.0,51.1,26.89,103.6,Normal,0,0,0,0,0,Normal operation
ISZ-015,2026-09-08 07:40:00,927.0,42.3,77.4,29.3,92.0,353.1,63.8,26.99,103.0,Normal,0,0,0,0,0,Normal operation
ISZ-015,2026-09-08 07:50:00,2058.0,39.6,64.4,11.4,81.7,362.1,57.9,26.48,109.2,Normal,0,0,0,0,0,Normal operation
ISZ-015,2026-09-08 08:00:00,1760.0,48.6,48.7,41.8,85.9,312.2,84.2,27.49,90.6,Normal,0,0,0,0,0,Normal operation
ISZ-015,2026-09-08 08:10:00,1367.0,64.9,56.6,36.8,84.8,311.4,62.2,27.06,114.8,Normal,0,0,0,0,0,Normal operation
ISZ-015,2026-09-08 08:20:00,2233.0,44.2,54.3,51.5,89.4,321.2,61.0,27.02,99.0,Normal,0,0,0,0,0,Normal operation
ISZ-015,2026-09-08 08:30:00,1515.0,48.9,49.8,65.1,86.8,310.7,51.0,27.34,113.5,Normal,0,0,0,0,0,Normal operation
ISZ-015,2026-09-08 08:40:00,1400.0,33.3,31.5,22.2,87.2,319.8,71.5,26.66,103.0,Normal,0,0,0,0,0,Normal operation
ISZ-015,2026-09-08 08:50:00,1855.0,89.2,90.0,52.8,85.7,292.9,75.0,27.54,66.2,Normal,0,0,0,0,0,Normal operation
ISZ-015,2026-09-08 09:00:00,1974.0,22.7,25.8,70.2,80.9,326.7,68.6,26.93,77.8,Normal,0,0,0,0,0,Normal operation
ISZ-015,2026-09-08 09:10:00,1798.0,45.9,66.1,45.5,88.5,327.1,53.2,26.73,103.7,Normal,0,0,0,0,0,Normal operation
ISZ-015,2026-09-08 09:20:00,1726.0,43.6,47.2,59.7,89.6,354.4,77.7,27.59,88.7,Normal,0,0,0,0,0,Normal operation
ISZ-015,2026-09-08 09:30:00,800,46.1,64.8,43.7,90.3,318.1,59.2,27.32,118.7,Normal,0,0,0,0,0,Normal operation
ISZ-015,2026-09-08 09:40:00,1610.0,67.4,61.0,37.8,89.0,328.8,57.8,27.59,90.6,Normal,0,0,0,0,0,Normal operation
ISZ-015,2026-09-08 09:50:00,1061.0,65.2,79.7,38.9,88.5,310.1,63.1,26.96,116.0,Normal,0,0,0,0,0,Normal operation
ISZ-015,2026-09-08 10:00:00,550.0,1.7,19.1,1.1,90.7,243.9,39.1,27.22,8,Normal,0,0,0,0,0,Normal operation
ISZ-015,2026-09-08 10:10:00,538.0,0.5,14.8,0.2,85.4,283.9,25.2,27.77,10.0,Normal,0,0,0,0,0,Normal operation
ISZ-015,2026-09-08 10:20:00,559.0,0.9,22.3,0.0,91.7,258.4,44.1,28.07,17.9,Normal,0,0,1,0,0,Normal operation
ISZ-015,2026-09-08 10:30:00,534.0,2.8,20.1,0,85.4,223.3,35.8,26.56,50.0,Normal,0,0,0,0,0,Normal operation
ISZ-015,2026-09-08 10:40:00,1442.0,48.0,56.8,30.8,81.4,361.7,72.2,26.24,99.0,Normal,0,0,0,0,0,Normal operation
ISZ-015,2026-09-08 10:50:00,1027.0,39.2,38.0,34.5,87.5,342.8,68.6,27.39,68.6,Normal,0,0,0,0,0,Normal operation
ISZ-015,2026-09-08 11:00:00,1747.0,52.0,49.4,10.9,88.6,353.0,69.7,27.64,95.6,Normal,0,0,0,0,0,Normal operation
ISZ-015,2026-09-08 11:10:00,1381.0,58.6,72.7,47.6,86.0,300.9,56.7,26.38,43.0,Normal,0,0,0,0,0,Normal operation
ISZ-015,2026-09-08 11:20:00,1698.0,52.0,50.5,52.5,87.6,299.4,67.7,27.1,94.6,Normal,0,0,0,0,0,Normal operation
ISZ-015,2026-09-08 11:30:00,1463.0,64.7,59.7,29.2,90.9,288.2,84.1,26.48,121.7,Normal,0,0,0,0,0,Normal operation
ISZ-015,2026-09-08 11:40:00,1195.0,35.2,32.6,57.6,85.1,341.6,63.5,26.85,89.0,Normal,0,0,0,0,0,Normal operation
ISZ-015,2026-09-08 11:50:00,1706.0,40.2,90.3,43.6,85.3,321.8,65.6,27.47,89.1,Normal,0,0,0,0,0,Normal operation
ISZ-015,2026-09-08 12:00:00,1491.0,56.3,45.0,8,85.6,301.8,72.6,27.43,119.3,Normal,0,0,0,0,0,Normal operation
ISZ-015,2026-09-08 12:10:00,1614.0,29.3,61.4,63.2,82.6,303.1,64.8,27.72,118.8,Normal,0,0,0,0,0,Normal operation
ISZ-015,2026-09-08 12:20:00,1498.0,95,59.9,60.1,88.4,314.0,68.6,27.45,101.6,Normal,0,0,0,0,0,Normal operation
ISZ-015,2026-09-08 12:30:00,1394.0,73.3,44.8,8,88.0,299.9,58.4,27.2,98.1,Normal,0,0,0,0,0,Normal operation
ISZ-015,2026-09-08 12:40:00,2562.0,49.6,72.8,72.6,94.2,321.1,66.9,27.42,99.4,Normal,0,0,0,0,0,Normal operation
ISZ-015,2026-09-08 12:50:00,1189.0,38.9,34.6,49.1,88.4,373.4,52.8,27.82,116.6,Normal,0,0,0,0,0,Normal operation
ISZ-015,2026-09-08 13:00:00,1913.0,61.5,88.2,42.1,83.7,304.4,67.1,26.75,96.9,Normal,0,0,0,0,0,Normal operation
ISZ-015,2026-09-08 13:10:00,1390.0,69.7,51.0,48.4,85.7,294.0,69.9,27.11,72.4,Normal,0,0,0,0,0,Normal operation
ISZ-015,2026-09-08 13:20:00,1663.0,75.4,45.5,49.0,83.1,293.3,55.8,25.99,119.3,Normal,0,0,0,0,0,Normal operation
ISZ-015,2026-09-08 13:30:00,1595.0,67.0,72.4,77.7,87.8,359.6,66.0,27.14,109.1,Normal,0,0,0,0,0,Normal operation
ISZ-015,2026-09-08 13:40:00,1625.0,14.9,66.1,62.8,86.7,358.3,74.2,27.55,78.4,Normal,0,0,0,0,0,Normal operation
ISZ-015,2026-09-08 13:50:00,1974.0,64.2,53.2,21.1,82.2,270.6,68.2,27.53,89.3,Normal,0,0,0,0,0,Normal operation
ISZ-015,2026-09-08 14:00:00,555.0,0,18.8,2.1,93.9,269.8,30.9,27.21,8,Normal,0,0,1,0,0,Normal operation
ISZ-015,2026-09-08 14:10:00,544.0,0,5.0,2.6,87.6,265.5,27.1,27.39,31.2,Normal,0,0,0,0,0,Normal operation
ISZ-015,2026-09-08 14:20:00,531.0,1.3,17.2,5.8,89.7,259.6,44.4,26.97,8,Normal,0,0,0,0,0,Normal operation
ISZ-015,2026-09-08 14:30:00,530.0,0.1,25.0,0,89.9,234.6,43.9,26.1,8,Normal,0,0,0,0,0,Normal operation
ISZ-015,2026-09-08 14:40:00,1491.0,42.4,72.7,47.1,88.6,321.9,63.5,26.09,68.3,Normal,0,0,0,0,0,Normal operation
ISZ-015,2026-09-08 14:50:00,1153.0,35.2,63.1,39.6,85.9,305.6,54.3,28.0,57.8,Normal,0,0,0,0,0,Normal operation
ISZ-015,2026-09-08 15:00:00,905.0,62.3,45.3,72.8,91.3,317.5,69.1,26.77,88.4,Normal,0,0,0,0,0,Normal operation
ISZ-015,2026-09-08 15:10:00,981.0,39.6,43.4,25.5,85.4,353.5,61.0,27.58,125.5,Normal,0,0,0,0,0,Normal operation
ISZ-015,2026-09-08 15:20:00,1739.0,28.5,84.9,38.3,82.0,335.3,84.4,27.5,96.1,Normal,0,0,0,0,0,Normal operation
ISZ-015,2026-09-08 15:30:00,2279.0,25.4,69.3,68.2,85.2,324.9,72.0,27.65,110.5,Normal,0,0,0,0,0,Normal operation
ISZ-015,2026-09-08 15:40:00,1362.0,48.9,61.1,47.3,82.2,287.4,65.1,27.14,78.6,Normal,0,0,0,0,0,Normal operation
ISZ-015,2026-09-08 15:50:00,2013.0,50.1,22.9,13.8,92.2,325.3,52.4,26.96,59.6,Normal,0,0,0,0,0,Normal operation
ISZ-015,2026-09-08 16:00:00,2280.0,44.2,37.8,59.8,85.7,353.5,57.2,27.26,132.0,Normal,0,0,0,0,0,Normal operation
ISZ-015,2026-09-08 16:10:00,1482.0,39.2,59.7,34.5,91.7,316.1,66.6,27.59,70.1,Normal,0,0,0,0,0,Normal operation
ISZ-015,2026-09-08 16:20:00,1599.0,52.8,74.5,68.5,87.6,316.5,64.1,28.16,74.0,Normal,0,0,0,0,0,Normal operation
ISZ-015,2026-09-08 16:30:00,1760.0,57.1,23.6,24.0,86.9,341.5,73.8,27.38,113.7,Normal,0,0,0,0,0,Normal operation
ISZ-015,2026-09-08 16:40:00,1747.0,5,33.7,69.5,88.7,324.9,67.4,26.63,74.4,Normal,0,0,0,0,0,Normal operation
ISZ-015,2026-09-08 16:50:00,1630.0,13.7,46.6,36.9,80.1,290.3,69.6,27.4,139.6,Normal,0,0,0,0,0,Normal operation
ISZ-015,2026-09-08 17:00:00,2522.0,29.5,52.4,49.2,86.2,333.0,77.9,27.35,123.6,Normal,0,0,0,0,0,Normal operation
ISZ-015,2026-09-08 17:10:00,2168.0,49.3,80.1,51.6,85.8,331.9,57.7,27.28,56.8,Normal,0,0,0,0,0,Normal operation
ISZ-015,2026-09-08 17:20:00,1607.0,76.7,69.3,27.4,88.3,304.6,58.8,27.17,81.6,Normal,0,0,0,0,0,Normal operation
ISZ-015,2026-09-08 17:30:00,1462.0,16.5,52.3,49.4,84.2,337.1,72.9,27.48,67.3,Normal,0,0,0,0,0,Normal operation
ISZ-015,2026-09-08 17:40:00,1823.0,51.8,83.3,46.6,89.2,321.4,73.8,27.03,114.7,Normal,0,0,0,0,0,Normal operation
ISZ-015,2026-09-08 17:50:00,1889.0,51.6,65.9,20.1,95.7,300.7,55.4,28.0,66.5,Normal,0,0,0,0,0,Normal operation
ISZ-015,2026-09-08 18:00:00,548.0,4.1,13.8,0,81.1,247.9,37.8,27.14,8,Normal,0,0,0,0,0,Normal operation
ISZ-015,2026-09-08 18:10:00,528.0,1.3,11.6,4.7,87.9,178.8,30.9,26.91,42.2,Normal,0,0,1,0,0,Normal operation
ISZ-015,2026-09-08 18:20:00,540.0,0.3,19.1,0,83.4,261.8,43.8,27.37,50.2,Normal,0,0,0,0,0,Normal operation
ISZ-015,2026-09-08 18:30:00,525.0,0.9,18.5,1.3,86.3,291.7,29.6,27.69,8,Normal,0,0,1,0,0,Normal operation
ISZ-015,2026-09-08 18:40:00,1347.0,65.9,59.3,42.8,85.9,341.0,75.8,27.16,122.6,Normal,0,0,0,0,0,Normal operation
ISZ-015,2026-09-08 18:50:00,1544.0,78.4,53.0,27.1,87.3,298.7,55.9,26.76,119.1,Normal,0,0,0,0,0,Normal operation
ISZ-015,2026-09-08 19:00:00,1289.0,51.1,58.6,51.7,90.8,348.7,74.6,27.45,106.1,Normal,0,0,0,0,0,Normal operation
ISZ-015,2026-09-08 19:10:00,1936.0,46.3,75.3,22.4,79.6,351.6,83.4,27.25,115.4,Normal,0,0,0,0,0,Normal operation
ISZ-015,2026-09-08 19:20:00,1660.0,61.4,58.4,60.4,86.4,313.2,60.1,27.39,77.2,Normal,0,0,0,0,0,Normal operation
ISZ-015,2026-09-08 19:30:00,1701.0,72.4,60.6,19.5,91.8,287.4,67.5,26.95,84.4,Normal,0,0,0,0,0,Normal operation
ISZ-015,2026-09-08 19:40:00,1627.0,56.5,73.0,46.1,87.2,337.3,68.1,26.73,88.4,Normal,0,0,0,0,0,Normal operation
ISZ-015,2026-09-08 19:50:00,800,45.5,84.7,23.2,91.4,330.6,42.1,26.39,86.4,Normal,0,0,0,0,0,Normal operation
ISZ-015,2026-09-08 20:00:00,1288.0,32.6,47.6,62.3,91.1,352.8,67.4,27.22,87.2,Normal,0,0,0,0,0,Normal operation
ISZ-015,2026-09-08 20:10:00,1779.0,62.7,56.4,29.6,89.8,353.2,73.0,26.88,105.9,Normal,0,0,0,0,0,Normal operation
ISZ-015,2026-09-08 20:20:00,2018.0,28.9,66.4,62.8,86.7,330.2,75.8,26.8,110.3,Normal,0,0,0,0,0,Normal operation
ISZ-015,2026-09-08 20:30:00,1726.0,35.6,71.6,67.3,88.5,291.8,63.3,27.39,70.1,Normal,0,0,0,0,0,Normal operation
ISZ-015,2026-09-08 20:40:00,1585.0,29.4,59.2,50.1,89.6,315.0,62.2,27.32,79.9,Normal,0,0,0,0,0,Normal operation
ISZ-015,2026-09-08 20:50:00,1501.0,30.2,57.2,43.9,90.3,351.8,75.0,27.71,145.8,Normal,0,0,0,0,0,Normal operation
ISZ-015,2026-09-08 21:00:00,1856.0,71.2,63.1,65.7,89.1,357.4,45.6,26.51,62.4,Normal,0,0,0,0,0,Normal operation
ISZ-015,2026-09-08 21:10:00,1736.0,52.7,74.7,33.9,83.0,296.9,84.7,26.86,96.4,Normal,0,0,0,0,0,Normal operation
ISZ-015,2026-09-08 21:20:00,1265.0,34.1,71.8,10.6,82.1,342.9,57.5,26.95,104.7,Normal,0,0,0,0,0,Normal operation
ISZ-015,2026-09-08 21:30:00,1744.0,20.9,37.4,38.7,75.5,332.1,75.2,27.02,127.9,Normal,0,0,0,0,0,Normal operation
ISZ-015,2026-09-08 21:40:00,800,27.7,55.5,45.1,86.4,362.3,64.7,27.28,63.0,Normal,0,0,0,0,0,Normal operation
ISZ-015,2026-09-08 21:50:00,2033.0,65.4,85.0,32.2,83.2,352.3,75.9,27.41,110.9,Normal,0,0,0,0,0,Normal operation
ISZ-015,2026-09-08 22:00:00,460.0,0,20.3,1.0,91.9,247.3,32.1,27.15,32.5,Normal,1,0,1,0,0,Unstable / abnormal idle speed
ISZ-015,2026-09-08 22:10:00,606.0,0,26.9,5.1,85.2,253.6,41.3,27.21,70.7,Normal,1,0,1,0,0,Unstable / abnormal idle speed
ISZ-015,2026-09-08 22:20:00,621.0,0,8.0,2.0,85.5,260.4,39.1,27.55,68.7,Normal,1,0,1,0,0,Unstable / abnormal idle speed
ISZ-015,2026-09-08 22:30:00,663.0,0,24.3,2.4,86.4,218.5,29.8,27.54,28.4,Normal,1,0,1,0,0,Unstable / abnormal idle speed
ISZ-015,2026-09-08 22:40:00,1666.0,51.6,43.4,34.5,85.7,327.0,85.8,27.03,72.2,Normal,0,0,0,0,0,Normal operation
ISZ-015,2026-09-08 22:50:00,2350.0,18.7,34.6,62.6,86.9,284.1,87.8,27.42,90.6,Normal,0,0,0,0,0,Normal operation
ISZ-015,2026-09-08 23:00:00,1826.0,44.3,53.5,20.7,89.3,317.6,56.1,27.49,91.8,Normal,0,0,0,0,0,Normal operation
ISZ-015,2026-09-08 23:10:00,2161.0,63.5,59.5,63.0,83.8,336.1,65.2,27.88,132.9,Normal,0,0,0,0,0,Normal operation
ISZ-015,2026-09-08 23:20:00,2078.0,55.8,60.5,41.0,96.0,262.3,75.3,27.23,138.7,Normal,0,0,0,0,0,Normal operation
ISZ-015,2026-09-08 23:30:00,1724.0,50.3,32.0,43.8,87.8,373.6,71.3,27.2,63.7,Normal,0,0,0,0,0,Normal operation
ISZ-015,2026-09-08 23:40:00,1969.0,52.1,27.0,9.3,83.8,350.1,57.9,26.25,82.1,Normal,0,0,0,0,0,Normal operation
ISZ-015,2026-09-08 23:50:00,1428.0,76.4,77.5,73.2,86.5,337.9,64.6,27.46,78.8,Normal,0,0,0,0,0,Normal operation
ISZ-015,2026-09-09 00:00:00,1528.0,95,57.6,52.6,87.0,360.9,66.1,26.82,60.2,Normal,0,0,0,0,0,Normal operation
ISZ-015,2026-09-09 00:10:00,2258.0,80.1,76.5,40.2,79.8,304.5,69.2,27.16,88.3,Normal,0,0,0,0,0,Normal operation
ISZ-015,2026-09-09 00:20:00,1321.0,25.5,77.0,42.6,88.7,322.1,61.1,27.42,134.4,Normal,0,0,0,0,0,Normal operation
ISZ-015,2026-09-09 00:30:00,1802.0,20.0,73.6,39.1,88.8,372.6,73.2,27.42,50.6,Normal,0,0,0,0,0,Normal operation
ISZ-015,2026-09-09 00:40:00,1622.0,44.6,43.3,52.0,85.0,304.5,48.1,27.14,107.6,Normal,0,0,0,0,0,Normal operation
ISZ-015,2026-09-09 00:50:00,1471.0,51.8,46.5,63.6,85.2,378.9,56.7,27.5,49.5,Normal,0,0,0,0,0,Normal operation
ISZ-015,2026-09-09 01:00:00,1377.0,46.7,89.7,73.3,90.2,334.2,67.0,26.77,115.9,Normal,0,0,0,0,0,Normal operation
ISZ-015,2026-09-09 01:10:00,2165.0,60.3,42.6,47.2,94.6,345.2,76.6,27.01,78.6,Normal,0,0,0,0,0,Normal operation
ISZ-015,2026-09-09 01:20:00,1646.0,67.2,52.1,38.9,89.9,325.9,78.1,27.64,80.1,Normal,0,0,0,0,0,Normal operation
ISZ-015,2026-09-09 01:30:00,1770.0,88.9,45.9,75.0,87.0,330.6,70.4,27.34,53.7,Normal,0,0,0,0,0,Normal operation
ISZ-015,2026-09-09 01:40:00,1151.0,81.2,28.5,74.7,85.7,343.1,59.0,27.35,168.6,Normal,0,0,0,0,0,Normal operation
ISZ-015,2026-09-09 01:50:00,1165.0,54.5,81.8,45.9,87.7,308.5,67.1,26.5,62.1,Normal,0,0,0,0,0,Normal operation
ISZ-016,2026-09-08 06:00:00,553.0,0.3,20.2,2.8,87.1,283.7,25.8,27.85,12.5,Normal,0,0,1,0,0,Normal operation
ISZ-016,2026-09-08 06:10:00,535.0,0.3,14.1,5.3,89.1,245.6,37.3,27.47,8,Normal,0,0,0,0,0,Normal operation
ISZ-016,2026-09-08 06:20:00,524.0,0,17.0,6.6,86.2,291.0,34.2,26.59,49.1,Normal,0,0,1,0,0,Normal operation
ISZ-016,2026-09-08 06:30:00,515.0,0,21.2,4.5,86.8,216.3,30.3,26.82,105.4,Normal,0,0,1,0,0,Normal operation
ISZ-016,2026-09-08 06:40:00,1145.0,69.5,45.3,32.4,88.5,345.3,61.5,27.52,107.9,Normal,0,0,0,0,0,Normal operation
ISZ-016,2026-09-08 06:50:00,1683.0,54.6,26.8,50.9,77.5,370.7,67.2,27.64,117.3,Normal,0,0,0,0,0,Normal operation
ISZ-016,2026-09-08 07:00:00,1658.0,36.4,26.2,44.0,93.0,265.9,64.1,26.99,44.9,Normal,0,0,0,0,0,Normal operation
ISZ-016,2026-09-08 07:10:00,1697.0,51.0,51.4,16.0,91.9,347.2,65.5,26.69,160.1,Normal,0,0,0,0,0,Normal operation
ISZ-016,2026-09-08 07:20:00,1659.0,59.7,39.1,40.4,87.8,320.4,63.3,26.98,71.3,Normal,0,0,0,0,0,Normal operation
ISZ-016,2026-09-08 07:30:00,1964.0,90.9,55.8,47.1,84.2,325.1,68.0,26.7,88.5,Normal,0,0,0,0,0,Normal operation
ISZ-016,2026-09-08 07:40:00,1360.0,86.5,53.7,35.7,94.0,351.8,67.7,26.43,80.9,Normal,0,0,0,0,0,Normal operation
ISZ-016,2026-09-08 07:50:00,1574.0,27.6,63.5,18.4,91.0,290.0,78.2,27.53,82.9,Normal,0,0,0,0,0,Normal operation
ISZ-016,2026-09-08 08:00:00,1672.0,44.3,61.1,57.3,92.6,355.7,67.1,27.86,41.6,Normal,0,0,0,0,0,Normal operation
ISZ-016,2026-09-08 08:10:00,1654.0,46.9,85.1,79.9,87.0,348.4,50.2,27.1,111.3,Normal,0,0,0,0,0,Normal operation
ISZ-016,2026-09-08 08:20:00,2193.0,38.4,54.3,78.9,85.5,345.6,61.0,26.9,118.4,Normal,0,0,0,0,0,Normal operation
ISZ-016,2026-09-08 08:30:00,1152.0,15.4,78.9,71.1,88.3,297.7,56.2,27.28,113.0,Normal,0,0,0,0,0,Normal operation
ISZ-016,2026-09-08 08:40:00,1769.0,73.5,66.3,67.2,80.7,292.3,65.1,27.99,101.3,Normal,0,0,0,0,0,Normal operation
ISZ-016,2026-09-08 08:50:00,1927.0,27.3,65.6,74.0,87.1,324.5,69.3,27.64,93.4,Normal,0,0,0,0,0,Normal operation
ISZ-016,2026-09-08 09:00:00,1920.0,65.7,47.8,62.4,89.6,335.4,52.9,27.99,84.5,Normal,0,0,0,0,0,Normal operation
ISZ-016,2026-09-08 09:10:00,1479.0,12.9,51.6,59.5,85.7,293.7,72.9,27.67,124.8,Normal,0,0,0,0,0,Normal operation
ISZ-016,2026-09-08 09:20:00,1360.0,64.6,77.9,39.5,85.8,373.2,70.7,27.32,92.8,Normal,0,0,0,0,0,Normal operation
ISZ-016,2026-09-08 09:30:00,1401.0,57.7,32.7,53.5,90.4,294.8,71.6,27.05,90.4,Normal,0,0,0,0,0,Normal operation
ISZ-016,2026-09-08 09:40:00,1888.0,56.0,37.2,25.9,87.7,332.9,71.2,27.44,77.6,Normal,0,0,0,0,0,Normal operation
ISZ-016,2026-09-08 09:50:00,1756.0,5,40.8,8,88.2,288.6,71.0,27.87,109.0,Normal,0,0,0,0,0,Normal operation
ISZ-016,2026-09-08 10:00:00,550.0,0.9,33.7,0,92.0,270.2,35.9,26.82,8,Normal,0,0,0,0,0,Normal operation
ISZ-016,2026-09-08 10:10:00,542.0,2.2,11.6,3.7,82.7,261.2,16.6,26.4,8,Normal,0,0,0,1,0,Normal operation
ISZ-016,2026-09-08 10:20:00,546.0,3.8,22.2,0,88.8,222.6,30.4,27.16,31.9,Normal,0,0,0,0,0,Normal operation
ISZ-016,2026-09-08 10:30:00,530.0,2.3,27.9,1.6,81.7,220.9,27.1,27.37,11.8,Normal,0,0,1,0,0,Normal operation
ISZ-016,2026-09-08 10:40:00,1643.0,25.6,92.4,42.3,83.2,313.2,60.2,26.88,71.1,Normal,0,0,0,0,0,Normal operation
ISZ-016,2026-09-08 10:50:00,1495.0,56.5,60.8,44.0,84.8,335.2,67.3,27.18,95.8,Normal,0,0,0,0,0,Normal operation
ISZ-016,2026-09-08 11:00:00,2148.0,41.5,67.6,36.9,86.0,293.6,59.2,26.77,71.7,Normal,0,0,0,0,0,Normal operation
ISZ-016,2026-09-08 11:10:00,1630.0,47.3,60.8,36.6,87.0,299.9,56.1,27.24,43.1,Normal,0,0,0,0,0,Normal operation
ISZ-016,2026-09-08 11:20:00,1375.0,35.6,60.1,54.9,81.8,347.3,60.6,27.12,71.6,Normal,0,0,0,0,0,Normal operation
ISZ-016,2026-09-08 11:30:00,1745.0,56.4,49.5,50.4,86.6,290.0,73.9,27.05,94.2,Normal,0,0,0,0,0,Normal operation
ISZ-016,2026-09-08 11:40:00,1672.0,67.7,54.9,44.8,94.4,307.4,75.6,27.13,119.4,Normal,0,0,0,0,0,Normal operation
ISZ-016,2026-09-08 11:50:00,1948.0,61.6,48.5,8,86.9,336.0,70.8,26.74,107.6,Normal,0,0,0,0,0,Normal operation
ISZ-016,2026-09-08 12:00:00,1489.0,47.5,41.4,9.7,89.2,310.5,80.1,27.68,93.1,Normal,0,0,0,0,0,Normal operation
ISZ-016,2026-09-08 12:10:00,1899.0,73.2,64.0,56.0,93.8,333.9,49.1,26.54,100.5,Normal,0,0,0,0,0,Normal operation
ISZ-016,2026-09-08 12:20:00,1747.0,73.4,60.0,71.8,79.5,323.3,65.4,27.01,88.3,Normal,0,0,0,0,0,Normal operation
ISZ-016,2026-09-08 12:30:00,1975.0,59.1,71.4,48.0,97.1,305.9,62.2,27.94,104.3,Normal,0,0,0,0,0,Normal operation
ISZ-016,2026-09-08 12:40:00,1744.0,23.9,41.4,96.7,85.3,317.0,66.5,27.62,139.7,Normal,0,0,0,0,0,Normal operation
ISZ-016,2026-09-08 12:50:00,2289.0,59.7,73.0,74.3,83.4,316.1,56.3,26.81,135.0,Normal,0,0,0,0,0,Normal operation
ISZ-016,2026-09-08 13:00:00,2000.0,60.6,57.4,40.9,90.3,358.9,58.9,26.2,54.9,Normal,0,0,0,0,0,Normal operation
ISZ-016,2026-09-08 13:10:00,1107.0,47.4,79.4,59.7,90.0,341.8,67.4,27.35,151.1,Normal,0,0,0,0,0,Normal operation
ISZ-016,2026-09-08 13:20:00,1763.0,58.5,65.9,44.4,82.6,318.2,78.2,27.59,74.8,Normal,0,0,0,0,0,Normal operation
ISZ-016,2026-09-08 13:30:00,800,50.6,68.5,12.4,87.1,351.9,57.2,26.76,95.5,Normal,0,0,0,0,0,Normal operation
ISZ-016,2026-09-08 13:40:00,947.0,38.5,66.3,30.0,79.0,335.6,68.2,27.86,81.0,Normal,0,0,0,0,0,Normal operation
ISZ-016,2026-09-08 13:50:00,1327.0,42.1,84.9,77.1,84.4,320.4,67.4,26.99,75.1,Normal,0,0,0,0,0,Normal operation
ISZ-016,2026-09-08 14:00:00,520.0,4.3,15.7,2.9,85.1,253.8,38.5,27.89,44.4,Normal,0,0,1,0,0,Normal operation
ISZ-016,2026-09-08 14:10:00,541.0,1.9,22.5,0.9,79.9,255.3,31.1,27.84,56.1,Normal,0,0,0,0,0,Normal operation
ISZ-016,2026-09-08 14:20:00,542.0,3.5,13.7,3.8,84.3,209.1,13.9,26.92,44.8,Normal,0,0,0,1,0,Normal operation
ISZ-016,2026-09-08 14:30:00,538.0,0.4,23.5,3.1,86.7,213.7,32.1,26.86,48.0,Normal,0,0,0,0,0,Normal operation
ISZ-016,2026-09-08 14:40:00,1997.0,72.6,67.5,50.5,83.6,335.6,73.9,27.1,132.8,Normal,0,0,0,0,0,Normal operation
ISZ-016,2026-09-08 14:50:00,1582.0,69.6,57.0,32.8,91.6,324.7,83.3,27.41,90.3,Normal,0,0,0,0,0,Normal operation
ISZ-016,2026-09-08 15:00:00,1574.0,61.7,42.4,47.5,89.7,329.8,64.9,26.97,100.4,Normal,0,0,0,0,0,Normal operation
ISZ-016,2026-09-08 15:10:00,1230.0,95,76.6,20.9,84.4,310.1,67.9,26.92,106.0,Normal,0,0,0,0,0,Normal operation
ISZ-016,2026-09-08 15:20:00,1779.0,12.6,72.2,32.2,88.5,364.4,64.1,26.91,62.2,Normal,0,0,0,0,0,Normal operation
ISZ-016,2026-09-08 15:30:00,1871.0,26.5,64.8,46.3,85.7,317.9,61.4,27.12,73.9,Normal,0,0,0,0,0,Normal operation
ISZ-016,2026-09-08 15:40:00,2600,54.4,77.7,82.3,84.3,304.1,71.2,27.94,99.3,Normal,0,0,0,0,0,Normal operation
ISZ-016,2026-09-08 15:50:00,1832.0,38.2,48.5,41.4,87.3,315.5,56.2,27.04,111.1,Normal,0,0,0,0,0,Normal operation
ISZ-016,2026-09-08 16:00:00,2074.0,60.3,59.0,57.4,90.5,278.0,71.1,27.83,139.9,Normal,0,0,0,0,0,Normal operation
ISZ-016,2026-09-08 16:10:00,1559.0,16.3,46.4,57.9,86.2,321.0,80.4,27.26,107.4,Normal,0,0,0,0,0,Normal operation
ISZ-016,2026-09-08 16:20:00,1447.0,59.1,59.7,34.4,84.4,331.3,70.2,27.79,52.9,Normal,0,0,0,0,0,Normal operation
ISZ-016,2026-09-08 16:30:00,1812.0,51.0,41.5,9.5,91.4,307.6,58.6,27.11,30.3,Normal,0,0,0,0,0,Normal operation
ISZ-016,2026-09-08 16:40:00,2395.0,51.4,53.4,36.6,89.1,313.3,65.7,27.29,60.3,Normal,0,0,0,0,0,Normal operation
ISZ-016,2026-09-08 16:50:00,1976.0,32.3,52.6,67.1,86.7,306.3,56.6,26.86,85.6,Normal,0,0,0,0,0,Normal operation
ISZ-016,2026-09-08 17:00:00,2149.0,45.1,74.5,54.6,90.7,402.1,71.7,28.08,78.4,Normal,0,0,0,0,0,Normal operation
ISZ-016,2026-09-08 17:10:00,1901.0,68.6,64.8,53.7,93.1,350.6,69.6,27.69,126.6,Normal,0,0,0,0,0,Normal operation
ISZ-016,2026-09-08 17:20:00,1101.0,24.8,45.8,28.4,87.9,318.1,71.4,27.18,108.4,Normal,0,0,0,0,0,Normal operation
ISZ-016,2026-09-08 17:30:00,1596.0,57.7,73.7,83.4,86.5,309.0,71.6,27.77,121.0,Normal,0,0,0,0,0,Normal operation
ISZ-016,2026-09-08 17:40:00,800,65.5,54.2,63.4,87.1,312.2,67.2,27.78,92.1,Normal,0,0,0,0,0,Normal operation
ISZ-016,2026-09-08 17:50:00,1317.0,64.8,68.5,26.9,88.1,299.9,81.7,27.94,92.9,Normal,0,0,0,0,0,Normal operation
ISZ-016,2026-09-08 18:00:00,556.0,0,11.6,1.6,90.7,206.5,29.4,28.1,33.7,Normal,0,0,1,0,0,Normal operation
ISZ-016,2026-09-08 18:10:00,550.0,0,5,2.0,88.0,263.9,30.3,26.91,8,Normal,0,0,1,0,0,Normal operation
ISZ-016,2026-09-08 18:20:00,537.0,2.6,19.7,2.2,87.8,237.0,32.1,26.15,8.7,Normal,0,0,0,0,0,Normal operation
ISZ-016,2026-09-08 18:30:00,547.0,1.8,10.2,2.0,79.1,247.9,35.3,26.76,35.0,Normal,0,0,0,0,0,Normal operation
ISZ-016,2026-09-08 18:40:00,1009.0,74.7,59.1,9.6,88.2,321.6,70.3,26.85,95.9,Normal,0,0,0,0,0,Normal operation
ISZ-016,2026-09-08 18:50:00,1271.0,22.3,48.4,41.8,86.6,356.4,50.1,28.14,73.7,Normal,0,0,0,0,0,Normal operation
ISZ-016,2026-09-08 19:00:00,1771.0,23.1,61.8,66.6,94.9,301.0,59.7,26.81,110.0,Normal,0,0,0,0,0,Normal operation
ISZ-016,2026-09-08 19:10:00,1612.0,18.9,23.0,100,89.0,321.8,75.1,27.73,86.5,Normal,0,0,0,0,0,Normal operation
ISZ-016,2026-09-08 19:20:00,1630.0,55.3,34.4,34.8,89.9,274.3,60.4,27.67,90.3,Normal,0,0,0,0,0,Normal operation
ISZ-016,2026-09-08 19:30:00,1579.0,55.0,21.2,44.8,82.5,361.7,73.4,26.8,49.5,Normal,0,0,0,0,0,Normal operation
ISZ-016,2026-09-08 19:40:00,1583.0,45.9,46.0,56.0,85.0,316.3,65.9,27.26,96.2,Normal,0,0,0,0,0,Normal operation
ISZ-016,2026-09-08 19:50:00,1364.0,78.8,68.7,31.3,88.2,379.0,66.5,27.22,57.1,Normal,0,0,0,0,0,Normal operation
ISZ-016,2026-09-08 20:00:00,1699.0,60.5,45.0,13.0,90.8,284.4,80.2,27.09,101.9,Normal,0,0,0,0,0,Normal operation
ISZ-016,2026-09-08 20:10:00,1761.0,47.7,69.6,56.8,87.6,334.4,67.6,26.78,26.4,Normal,0,0,0,0,0,Normal operation
ISZ-016,2026-09-08 20:20:00,1645.0,56.1,73.0,53.1,86.4,359.4,57.0,28.07,80.2,Normal,0,0,0,0,0,Normal operation
ISZ-016,2026-09-08 20:30:00,800,67.8,43.7,13.9,88.3,357.8,59.4,27.31,137.4,Normal,0,0,0,0,0,Normal operation
ISZ-016,2026-09-08 20:40:00,1862.0,84.6,61.7,47.1,85.3,307.3,60.5,27.83,54.8,Normal,0,0,0,0,0,Normal operation
ISZ-016,2026-09-08 20:50:00,1254.0,67.5,27.7,31.2,81.1,347.6,55.6,26.91,77.5,Normal,0,0,0,0,0,Normal operation
ISZ-016,2026-09-08 21:00:00,1530.0,77.2,35.1,78.1,88.9,282.5,50.3,26.64,113.1,Normal,0,0,0,0,0,Normal operation
ISZ-016,2026-09-08 21:10:00,1164.0,49.8,72.2,33.2,85.5,326.4,88.4,27.25,111.3,Normal,0,0,0,0,0,Normal operation
ISZ-016,2026-09-08 21:20:00,1401.0,32.8,57.9,8,86.4,289.3,67.4,27.17,111.0,Normal,0,0,0,0,0,Normal operation
ISZ-016,2026-09-08 21:30:00,1792.0,63.0,55.4,33.7,95.0,385.2,80.5,27.88,125.1,Normal,0,0,0,0,0,Normal operation
ISZ-016,2026-09-08 21:40:00,1761.0,46.3,64.4,38.7,88.9,343.4,54.2,27.51,83.9,Normal,0,0,0,0,0,Normal operation
ISZ-016,2026-09-08 21:50:00,1205.0,49.5,36.0,71.9,92.5,324.1,71.8,27.46,27.5,Normal,0,0,0,0,0,Normal operation
ISZ-016,2026-09-08 22:00:00,550.0,2.8,11.0,0.3,89.0,262.8,31.2,27.65,80.3,Normal,0,0,0,0,0,Normal operation
ISZ-016,2026-09-08 22:10:00,539.0,1.8,17.7,2.4,90.7,253.4,34.4,26.59,8,Normal,0,0,0,0,0,Normal operation
ISZ-016,2026-09-08 22:20:00,555.0,0,21.9,1.3,86.8,262.1,43.8,26.55,32.3,Normal,0,0,1,0,0,Normal operation
ISZ-016,2026-09-08 22:30:00,546.0,0,23.7,4.3,86.1,268.7,29.0,27.39,26.8,Normal,0,0,0,0,0,Normal operation
ISZ-016,2026-09-08 22:40:00,2499.0,43.3,55.9,15.2,88.2,341.7,64.8,27.28,56.6,Normal,0,0,0,0,0,Normal operation
ISZ-016,2026-09-08 22:50:00,1404.0,63.1,65.5,92.3,82.7,305.6,51.4,27.51,112.3,Normal,0,0,0,0,0,Normal operation
ISZ-016,2026-09-08 23:00:00,1849.0,34.3,64.4,32.8,85.9,314.5,70.7,27.47,117.5,Normal,0,0,0,0,0,Normal operation
ISZ-016,2026-09-08 23:10:00,1259.0,56.0,68.3,48.4,85.7,357.5,65.3,27.14,98.8,Normal,0,0,0,0,0,Normal operation
ISZ-016,2026-09-08 23:20:00,1677.0,68.9,57.6,49.9,86.0,347.7,69.4,27.31,67.2,Normal,0,0,0,0,0,Normal operation
ISZ-016,2026-09-08 23:30:00,1279.0,44.9,86.9,61.9,83.8,363.9,76.3,26.78,72.0,Normal,0,0,0,0,0,Normal operation
ISZ-016,2026-09-08 23:40:00,2056.0,26.2,37.8,9.3,83.7,318.6,58.5,27.4,79.7,Normal,0,0,0,0,0,Normal operation
ISZ-016,2026-09-08 23:50:00,1832.0,52.3,73.1,26.9,91.8,342.6,64.1,27.6,108.8,Normal,0,0,0,0,0,Normal operation
ISZ-016,2026-09-09 00:00:00,833.0,74.4,66.5,68.1,86.2,371.3,66.0,27.9,93.8,Normal,0,0,0,0,0,Normal operation
ISZ-016,2026-09-09 00:10:00,1349.0,41.7,71.1,16.7,93.9,329.3,74.1,27.64,154.8,Normal,0,0,0,0,0,Normal operation
ISZ-016,2026-09-09 00:20:00,1331.0,61.6,42.8,70.2,87.2,338.4,68.6,27.33,75.6,Normal,0,0,0,0,0,Normal operation
ISZ-016,2026-09-09 00:30:00,1971.0,54.4,91.2,97.0,87.7,322.1,63.6,27.11,90.7,Normal,0,0,0,0,0,Normal operation
ISZ-016,2026-09-09 00:40:00,987.0,43.8,64.5,55.6,94.2,340.4,66.7,26.55,38.2,Normal,0,0,0,0,0,Normal operation
ISZ-016,2026-09-09 00:50:00,2600,43.5,59.9,77.9,88.1,337.7,60.4,27.03,43.8,Normal,0,0,0,0,0,Normal operation
ISZ-016,2026-09-09 01:00:00,1966.0,45.1,71.0,38.2,85.3,302.1,62.0,26.94,85.3,Normal,0,0,0,0,0,Normal operation
ISZ-016,2026-09-09 01:10:00,908.0,25.4,58.0,36.9,75.3,319.1,58.3,27.03,54.8,Normal,0,0,0,0,0,Normal operation
ISZ-016,2026-09-09 01:20:00,1360.0,51.8,53.8,8,87.7,304.6,66.3,27.05,114.4,Normal,0,0,0,0,0,Normal operation
ISZ-016,2026-09-09 01:30:00,2167.0,69.0,85.2,62.9,90.6,391.7,51.8,26.77,91.7,Normal,0,0,0,0,0,Normal operation
ISZ-016,2026-09-09 01:40:00,1810.0,72.5,46.3,70.9,88.0,370.2,87.0,27.77,98.7,Normal,0,0,0,0,0,Normal operation
ISZ-016,2026-09-09 01:50:00,2049.0,51.7,77.0,53.8,91.0,348.1,65.1,27.47,69.6,Normal,0,0,0,0,0,Normal operation
ISZ-017,2026-09-08 06:00:00,533.0,0,18.2,1.6,80.7,215.5,26.6,28.05,47.5,Normal,0,0,0,0,0,Normal operation
ISZ-017,2026-09-08 06:10:00,526.0,0,24.9,0.7,83.4,263.4,49.0,26.46,8,Normal,0,0,1,0,0,Normal operation
ISZ-017,2026-09-08 06:20:00,549.0,0.4,33.6,1.2,88.6,286.0,12.8,26.98,18.0,Normal,0,0,0,1,0,Normal operation
ISZ-017,2026-09-08 06:30:00,523.0,0,5.9,1.8,84.2,234.1,35.9,27.21,39.4,Normal,0,0,1,0,0,Normal operation
ISZ-017,2026-09-08 06:40:00,1909.0,16.6,76.1,45.6,86.2,329.1,58.7,28.23,144.6,Normal,0,0,0,0,0,Normal operation
ISZ-017,2026-09-08 06:50:00,1567.0,62.2,68.6,60.6,89.2,327.3,57.2,27.43,114.9,Normal,0,0,0,0,0,Normal operation
ISZ-017,2026-09-08 07:00:00,1554.0,65.6,52.9,29.3,86.0,350.2,57.9,26.25,126.1,Normal,0,0,0,0,0,Normal operation
ISZ-017,2026-09-08 07:10:00,2175.0,53.8,35.8,11.8,94.8,343.1,80.3,27.24,91.5,Normal,0,0,0,0,0,Normal operation
ISZ-017,2026-09-08 07:20:00,1162.0,47.1,51.2,30.0,87.2,341.8,70.8,27.02,85.7,Normal,0,0,0,0,0,Normal operation
ISZ-017,2026-09-08 07:30:00,2140.0,35.6,50.4,20.8,83.4,352.2,84.8,26.96,106.2,Normal,0,0,0,0,0,Normal operation
ISZ-017,2026-09-08 07:40:00,1108.0,81.9,81.7,35.2,89.3,358.7,65.9,26.79,124.8,Normal,0,0,0,0,0,Normal operation
ISZ-017,2026-09-08 07:50:00,1561.0,40.7,69.2,41.0,87.9,346.1,68.9,27.79,111.3,Normal,0,0,0,0,0,Normal operation
ISZ-017,2026-09-08 08:00:00,1149.0,53.5,37.5,41.1,90.6,388.1,77.0,27.48,102.3,Normal,0,0,0,0,0,Normal operation
ISZ-017,2026-09-08 08:10:00,2076.0,62.0,61.0,47.3,83.9,332.3,74.5,27.23,35.9,Normal,0,0,0,0,0,Normal operation
ISZ-017,2026-09-08 08:20:00,1623.0,13.2,45.3,46.7,85.9,358.0,68.0,26.59,80.4,Normal,0,0,0,0,0,Normal operation
ISZ-017,2026-09-08 08:30:00,2237.0,91.5,59.7,25.7,89.0,354.4,66.5,26.42,85.3,Normal,0,0,0,0,0,Normal operation
ISZ-017,2026-09-08 08:40:00,2494.0,52.1,81.6,55.7,92.8,334.4,74.8,27.1,106.7,Normal,0,0,0,0,0,Normal operation
ISZ-017,2026-09-08 08:50:00,2022.0,6.3,73.9,42.8,86.0,362.2,68.7,27.6,95.6,Normal,0,0,0,0,0,Normal operation
ISZ-017,2026-09-08 09:00:00,1676.0,23.9,56.9,65.1,91.7,398.5,63.7,26.76,101.7,Normal,0,0,0,0,0,Normal operation
ISZ-017,2026-09-08 09:10:00,1687.0,26.8,81.2,89.0,89.0,328.1,67.3,26.73,114.2,Normal,0,0,0,0,0,Normal operation
ISZ-017,2026-09-08 09:20:00,1570.0,73.1,52.1,70.4,89.0,342.1,61.3,26.89,123.5,Normal,0,0,0,0,0,Normal operation
ISZ-017,2026-09-08 09:30:00,2103.0,53.2,58.5,32.5,91.7,341.3,56.5,26.66,127.0,Normal,0,0,0,0,0,Normal operation
ISZ-017,2026-09-08 09:40:00,1176.0,45.6,77.0,75.9,84.6,292.9,45.9,27.45,102.1,Normal,0,0,0,0,0,Normal operation
ISZ-017,2026-09-08 09:50:00,1356.0,47.3,31.4,25.3,81.5,334.6,63.7,27.28,97.1,Normal,0,0,0,0,0,Normal operation
ISZ-017,2026-09-08 10:00:00,540.0,2.0,16.6,1.9,83.7,222.7,32.5,27.85,15.0,Normal,0,0,0,0,0,Normal operation
ISZ-017,2026-09-08 10:10:00,543.0,0.8,14.2,1.2,87.3,265.5,28.9,27.12,52.2,Normal,0,0,0,0,0,Normal operation
ISZ-017,2026-09-08 10:20:00,535.0,1.6,17.2,2.7,79.8,267.6,27.4,27.26,25.5,Normal,0,0,0,0,0,Normal operation
ISZ-017,2026-09-08 10:30:00,541.0,2.2,15.8,0.3,81.4,271.8,52.4,27.94,8,Normal,0,0,0,0,0,Normal operation
ISZ-017,2026-09-08 10:40:00,1889.0,54.4,32.7,60.0,87.3,292.6,79.1,26.81,52.4,Normal,0,0,0,0,0,Normal operation
ISZ-017,2026-09-08 10:50:00,1933.0,53.9,65.2,16.4,81.2,352.9,71.8,27.96,94.3,Normal,0,0,0,0,0,Normal operation
ISZ-017,2026-09-08 11:00:00,1806.0,45.5,32.1,51.3,91.3,343.9,63.9,27.22,102.3,Normal,0,0,0,0,0,Normal operation
ISZ-017,2026-09-08 11:10:00,1930.0,65.5,52.3,59.7,81.9,292.2,62.2,28.09,89.6,Normal,0,0,0,0,0,Normal operation
ISZ-017,2026-09-08 11:20:00,1687.0,32.7,75.9,50.6,82.5,346.6,54.3,27.1,111.5,Normal,0,0,0,0,0,Normal operation
ISZ-017,2026-09-08 11:30:00,1574.0,64.0,69.0,27.7,77.9,399.4,50.2,26.92,57.2,Normal,0,0,0,0,0,Normal operation
ISZ-017,2026-09-08 11:40:00,1971.0,74.9,39.7,8.9,88.5,345.1,72.6,27.7,65.8,Normal,0,0,0,0,0,Normal operation
ISZ-017,2026-09-08 11:50:00,1499.0,85.1,36.6,22.3,87.6,370.5,61.3,27.72,105.8,Normal,0,0,0,0,0,Normal operation
ISZ-017,2026-09-08 12:00:00,1133.0,46.9,66.3,88.5,88.0,345.4,62.6,26.74,128.3,Normal,0,0,0,0,0,Normal operation
ISZ-017,2026-09-08 12:10:00,852.0,34.5,66.4,24.9,85.0,344.1,72.5,27.32,132.0,Normal,0,0,0,0,0,Normal operation
ISZ-017,2026-09-08 12:20:00,893.0,70.8,66.2,46.8,86.8,335.7,68.9,27.26,108.2,Normal,0,0,0,0,0,Normal operation
ISZ-017,2026-09-08 12:30:00,1053.0,35.2,59.7,46.0,89.4,323.6,61.2,28.03,105.4,Normal,0,0,0,0,0,Normal operation
ISZ-017,2026-09-08 12:40:00,1780.0,27.0,53.0,58.3,89.4,301.3,77.0,27.26,108.0,Normal,0,0,0,0,0,Normal operation
ISZ-017,2026-09-08 12:50:00,1575.0,67.7,39.8,63.9,87.9,356.0,66.7,27.06,88.5,Normal,0,0,0,0,0,Normal operation
ISZ-017,2026-09-08 13:00:00,1596.0,71.3,52.2,55.0,91.4,296.0,68.8,28.02,110.7,Normal,0,0,0,0,0,Normal operation
ISZ-017,2026-09-08 13:10:00,1555.0,28.2,90.6,22.3,88.7,379.5,62.3,26.96,74.8,Normal,0,0,0,0,0,Normal operation
ISZ-017,2026-09-08 13:20:00,1669.0,47.7,48.3,71.1,83.4,321.7,55.4,27.67,62.2,Normal,0,0,0,0,0,Normal operation
ISZ-017,2026-09-08 13:30:00,1422.0,40.6,84.6,50.7,87.6,305.4,64.8,27.22,119.6,Normal,0,0,0,0,0,Normal operation
ISZ-017,2026-09-08 13:40:00,1063.0,65.2,68.7,76.4,82.7,277.7,64.5,26.53,48.1,Normal,0,0,0,0,0,Normal operation
ISZ-017,2026-09-08 13:50:00,1666.0,32.4,57.1,59.4,85.2,328.9,49.4,27.14,91.5,Normal,0,0,0,0,0,Normal operation
ISZ-017,2026-09-08 14:00:00,552.0,2.1,18.4,2.0,87.8,240.2,28.5,27.17,32.0,Normal,0,0,1,0,0,Normal operation
ISZ-017,2026-09-08 14:10:00,546.0,0,15.8,4.5,91.3,229.5,45.6,27.54,38.0,Normal,0,0,0,0,0,Normal operation
ISZ-017,2026-09-08 14:20:00,526.0,2.1,13.2,0,92.9,233.3,44.1,27.98,8,Normal,0,0,1,0,0,Normal operation
ISZ-017,2026-09-08 14:30:00,534.0,0,16.2,2.3,89.9,249.7,20.0,27.91,47.6,Normal,0,0,0,1,0,Normal operation
ISZ-017,2026-09-08 14:40:00,1751.0,40.7,50.8,28.9,88.8,316.7,76.2,27.43,98.7,Normal,0,0,0,0,0,Normal operation
ISZ-017,2026-09-08 14:50:00,1798.0,72.9,60.7,8,87.6,347.0,71.0,26.79,48.1,Normal,0,0,0,0,0,Normal operation
ISZ-017,2026-09-08 15:00:00,1378.0,19.8,93.2,36.1,85.0,261.2,63.7,26.86,86.5,Normal,0,0,0,0,0,Normal operation
ISZ-017,2026-09-08 15:10:00,2182.0,44.8,47.8,58.4,75.9,328.8,78.8,27.73,124.5,Normal,0,0,0,0,0,Normal operation
ISZ-017,2026-09-08 15:20:00,1320.0,37.5,72.4,39.6,85.6,347.8,51.2,27.34,141.3,Normal,0,0,0,0,0,Normal operation
ISZ-017,2026-09-08 15:30:00,1512.0,63.6,81.3,8.8,89.9,383.1,51.2,26.29,76.1,Normal,0,0,0,0,0,Normal operation
ISZ-017,2026-09-08 15:40:00,1072.0,64.3,65.8,25.8,90.5,388.7,79.0,26.9,72.6,Normal,0,0,0,0,0,Normal operation
ISZ-017,2026-09-08 15:50:00,1692.0,60.8,52.7,47.2,79.4,298.4,74.0,26.4,83.8,Normal,0,0,0,0,0,Normal operation
ISZ-017,2026-09-08 16:00:00,1823.0,56.5,67.2,42.0,82.4,314.7,64.4,26.97,72.1,Normal,0,0,0,0,0,Normal operation
ISZ-017,2026-09-08 16:10:00,1672.0,73.5,60.6,30.5,90.2,400.9,60.4,26.68,81.4,Normal,0,0,0,0,0,Normal operation
ISZ-017,2026-09-08 16:20:00,2009.0,52.8,66.4,47.4,85.0,337.0,81.8,27.53,82.7,Normal,0,0,0,0,0,Normal operation
ISZ-017,2026-09-08 16:30:00,1545.0,43.7,20,50.7,88.9,319.1,57.6,27.15,77.0,Normal,0,0,0,0,0,Normal operation
ISZ-017,2026-09-08 16:40:00,1217.0,64.0,44.5,8,91.1,314.7,53.6,26.73,82.7,Normal,0,0,0,0,0,Normal operation
ISZ-017,2026-09-08 16:50:00,1687.0,75.0,37.2,55.6,90.1,376.0,55.6,26.93,118.2,Normal,0,0,0,0,0,Normal operation
ISZ-017,2026-09-08 17:00:00,1805.0,43.8,64.0,29.5,93.0,287.7,39.7,26.99,128.7,Normal,0,0,0,0,0,Normal operation
ISZ-017,2026-09-08 17:10:00,983.0,72.1,54.3,34.0,97.0,309.9,62.7,27.91,128.8,Normal,0,0,0,0,0,Normal operation
ISZ-017,2026-09-08 17:20:00,868.0,39.5,76.2,11.9,90.4,338.4,59.1,27.82,62.5,Normal,0,0,0,0,0,Normal operation
ISZ-017,2026-09-08 17:30:00,1725.0,54.4,43.6,13.4,90.5,347.4,54.0,26.67,90.0,Normal,0,0,0,0,0,Normal operation
ISZ-017,2026-09-08 17:40:00,1400.0,84.0,87.9,55.0,85.8,323.4,57.4,27.34,160.9,Normal,0,0,0,0,0,Normal operation
ISZ-017,2026-09-08 17:50:00,973.0,37.5,66.2,29.8,90.9,327.3,64.4,27.46,54.0,Normal,0,0,0,0,0,Normal operation
ISZ-017,2026-09-08 18:00:00,530.0,0.1,28.7,1.5,91.5,265.3,31.7,26.75,8,Normal,0,0,1,0,0,Normal operation
ISZ-017,2026-09-08 18:10:00,532.0,1.1,16.1,2.8,81.2,214.5,24.2,27.74,58.8,Normal,0,0,0,1,0,Normal operation
ISZ-017,2026-09-08 18:20:00,537.0,0,19.9,1.2,82.0,258.9,32.7,27.16,17.5,Normal,0,0,0,0,0,Normal operation
ISZ-017,2026-09-08 18:30:00,552.0,2.2,25.8,1.5,93.9,296.4,20.9,27.22,42.8,Normal,0,0,1,1,0,Normal operation
ISZ-017,2026-09-08 18:40:00,1706.0,59.5,44.4,51.3,86.7,342.6,87.2,26.79,122.9,Normal,0,0,0,0,0,Normal operation
ISZ-017,2026-09-08 18:50:00,1401.0,46.7,36.0,65.8,86.6,312.1,72.1,27.44,84.3,Normal,0,0,0,0,0,Normal operation
ISZ-017,2026-09-08 19:00:00,1483.0,48.1,36.5,56.7,81.7,362.1,70.6,26.91,99.5,Normal,0,0,0,0,0,Normal operation
ISZ-017,2026-09-08 19:10:00,2304.0,47.5,58.2,74.7,87.5,291.1,63.1,27.37,88.6,Normal,0,0,0,0,0,Normal operation
ISZ-017,2026-09-08 19:20:00,1785.0,45.3,67.3,16.7,82.8,353.4,64.5,26.88,61.2,Normal,0,0,0,0,0,Normal operation
ISZ-017,2026-09-08 19:30:00,1801.0,76.0,65.8,56.4,84.5,310.1,71.1,26.82,62.6,Normal,0,0,0,0,0,Normal operation
ISZ-017,2026-09-08 19:40:00,1408.0,61.9,65.7,58.3,89.0,288.6,59.7,26.97,51.1,Normal,0,0,0,0,0,Normal operation
ISZ-017,2026-09-08 19:50:00,958.0,76.3,63.9,37.8,83.8,315.0,73.0,27.54,53.2,Normal,0,0,0,0,0,Normal operation
ISZ-017,2026-09-08 20:00:00,1196.0,38.7,49.5,48.2,88.9,338.5,57.2,27.66,89.4,Normal,0,0,0,0,0,Normal operation
ISZ-017,2026-09-08 20:10:00,1296.0,47.5,58.4,44.9,83.7,341.8,46.0,27.51,88.4,Normal,0,0,0,0,0,Normal operation
ISZ-017,2026-09-08 20:20:00,1869.0,56.9,46.7,17.4,86.2,343.6,63.1,26.78,156.5,Normal,0,0,0,0,0,Normal operation
ISZ-017,2026-09-08 20:30:00,1646.0,44.4,54.3,35.2,86.4,326.8,59.2,27.15,106.4,Normal,0,0,0,0,0,Normal operation
ISZ-017,2026-09-08 20:40:00,1576.0,26.4,40.4,39.0,90.2,311.1,55.4,27.34,82.2,Normal,0,0,0,0,0,Normal operation
ISZ-017,2026-09-08 20:50:00,1882.0,46.0,67.5,48.5,81.9,372.6,54.9,26.91,98.8,Normal,0,0,0,0,0,Normal operation
ISZ-017,2026-09-08 21:00:00,1291.0,44.5,68.5,31.1,83.3,313.9,75.3,27.61,92.7,Normal,0,0,0,0,0,Normal operation
ISZ-017,2026-09-08 21:10:00,1702.0,57.9,76.2,43.6,89.1,321.8,53.6,27.27,166.3,Normal,0,0,0,0,0,Normal operation
ISZ-017,2026-09-08 21:20:00,1432.0,38.0,74.7,22.4,87.4,311.7,56.3,27.43,90.0,Normal,0,0,0,0,0,Normal operation
ISZ-017,2026-09-08 21:30:00,1359.0,29.4,39.6,37.0,87.6,294.2,72.2,27.56,68.5,Normal,0,0,0,0,0,Normal operation
ISZ-017,2026-09-08 21:40:00,1803.0,32.0,55.6,10.2,88.5,348.5,58.1,27.14,54.1,Normal,0,0,0,0,0,Normal operation
ISZ-017,2026-09-08 21:50:00,2003.0,6.1,34.7,54.1,87.6,374.8,58.4,27.8,95.6,Normal,0,0,0,0,0,Normal operation
ISZ-017,2026-09-08 22:00:00,529.0,1.3,21.6,0,87.7,186.1,13.7,27.32,23.6,Normal,0,0,1,1,0,Normal operation
ISZ-017,2026-09-08 22:10:00,535.0,0.3,18.1,0,85.8,233.7,42.7,27.87,33.4,Normal,0,0,0,0,0,Normal operation
ISZ-017,2026-09-08 22:20:00,536.0,0.7,12.4,2.7,84.5,200.1,30.4,27.86,29.1,Normal,0,0,0,0,0,Normal operation
ISZ-017,2026-09-08 22:30:00,549.0,2.2,32.0,1.2,82.6,244.4,27.6,27.15,39.5,Normal,0,0,0,0,0,Normal operation
ISZ-017,2026-09-08 22:40:00,1410.0,61.9,43.1,44.3,87.3,341.9,63.2,27.37,111.9,Normal,0,0,0,0,0,Normal operation
ISZ-017,2026-09-08 22:50:00,1582.0,41.3,77.1,65.3,93.2,335.5,57.3,27.52,102.9,Normal,0,0,0,0,0,Normal operation
ISZ-017,2026-09-08 23:00:00,1218.0,38.3,62.6,47.2,90.5,364.0,63.3,27.48,117.8,Normal,0,0,0,0,0,Normal operation
ISZ-017,2026-09-08 23:10:00,1500.0,70.0,69.7,56.7,85.0,342.5,62.1,27.59,58.9,Normal,0,0,0,0,0,Normal operation
ISZ-017,2026-09-08 23:20:00,1106.0,52.0,71.6,20.6,90.6,274.0,56.9,27.32,19.8,Normal,0,0,0,0,0,Normal operation
ISZ-017,2026-09-08 23:30:00,1623.0,60.0,67.4,27.9,86.8,306.3,72.5,27.38,80.2,Normal,0,0,0,0,0,Normal operation
ISZ-017,2026-09-08 23:40:00,1784.0,27.5,33.3,71.3,86.9,354.5,70.3,27.9,112.4,Normal,0,0,0,0,0,Normal operation
ISZ-017,2026-09-08 23:50:00,2102.0,44.8,58.4,63.6,82.4,296.5,70.8,27.37,95.9,Normal,0,0,0,0,0,Normal operation
ISZ-017,2026-09-09 00:00:00,1078.0,5,49.0,64.0,84.4,312.2,82.5,28.22,104.0,Normal,0,0,0,0,0,Normal operation
ISZ-017,2026-09-09 00:10:00,2018.0,30.3,46.9,63.9,91.1,330.1,70.9,27.03,86.0,Normal,0,0,0,0,0,Normal operation
ISZ-017,2026-09-09 00:20:00,1768.0,55.2,86.6,92.8,85.2,334.4,63.7,26.04,80.4,Normal,0,0,0,0,0,Normal operation
ISZ-017,2026-09-09 00:30:00,1406.0,76.2,66.1,73.7,93.0,358.2,62.5,27.39,132.9,Normal,0,0,0,0,0,Normal operation
ISZ-017,2026-09-09 00:40:00,1551.0,32.0,75.6,47.0,83.5,268.9,69.5,27.09,68.7,Normal,0,0,0,0,0,Normal operation
ISZ-017,2026-09-09 00:50:00,1658.0,41.3,65.8,36.6,86.3,387.7,75.7,27.72,95.9,Normal,0,0,0,0,0,Normal operation
ISZ-017,2026-09-09 01:00:00,2048.0,59.1,91.9,57.0,89.1,335.2,63.0,27.36,144.6,Normal,0,0,0,0,0,Normal operation
ISZ-017,2026-09-09 01:10:00,1897.0,59.3,59.3,41.6,89.4,326.0,73.7,26.98,107.6,Normal,0,0,0,0,0,Normal operation
ISZ-017,2026-09-09 01:20:00,1297.0,34.0,75.1,54.3,86.6,320.4,58.5,26.99,134.1,Normal,0,0,0,0,0,Normal operation
ISZ-017,2026-09-09 01:30:00,892.0,43.3,56.2,24.1,85.4,349.4,63.0,27.97,102.4,Normal,0,0,0,0,0,Normal operation
ISZ-017,2026-09-09 01:40:00,1552.0,25.1,34.8,23.8,78.6,313.0,64.6,27.52,58.5,Normal,0,0,0,0,0,Normal operation
ISZ-017,2026-09-09 01:50:00,2600,41.0,33.7,36.8,88.5,352.1,74.6,27.15,127.4,Normal,0,0,0,0,0,Normal operation
ISZ-018,2026-09-08 06:00:00,519.0,0.0,11.8,1.1,90.1,273.4,23.3,26.97,62.6,Normal,0,0,1,1,0,Normal operation
ISZ-018,2026-09-08 06:10:00,531.0,0.9,17.3,4.0,93.4,261.3,32.7,27.55,24.1,Normal,0,0,0,0,0,Normal operation
ISZ-018,2026-09-08 06:20:00,538.0,0,5,4.0,92.8,254.3,27.7,27.03,18.4,Normal,0,0,0,0,0,Normal operation
ISZ-018,2026-09-08 06:30:00,539.0,0,9.4,2.3,89.4,270.0,51.5,27.07,8,Normal,0,0,0,0,0,Normal operation
ISZ-018,2026-09-08 06:40:00,897.0,59.1,50.2,19.6,87.3,338.1,74.4,27.0,140.0,Normal,0,0,0,0,0,Normal operation
ISZ-018,2026-09-08 06:50:00,1218.0,8.8,90.2,23.6,95.9,317.7,64.7,27.48,168.9,Normal,0,0,0,0,0,Normal operation
ISZ-018,2026-09-08 07:00:00,1537.0,66.3,45.7,47.5,85.9,313.8,49.6,26.93,64.9,Normal,0,0,0,0,0,Normal operation
ISZ-018,2026-09-08 07:10:00,1269.0,41.3,56.4,92.7,88.2,324.1,67.7,26.59,86.9,Normal,0,0,0,0,0,Normal operation
ISZ-018,2026-09-08 07:20:00,2146.0,52.6,46.7,86.6,83.6,353.9,54.3,27.25,132.4,Normal,0,0,0,0,0,Normal operation
ISZ-018,2026-09-08 07:30:00,1513.0,67.1,28.6,41.2,88.6,317.8,83.4,27.76,96.8,Normal,0,0,0,0,0,Normal operation
ISZ-018,2026-09-08 07:40:00,1519.0,50.3,47.6,22.0,91.2,289.3,66.5,27.33,106.6,Normal,0,0,0,0,0,Normal operation
ISZ-018,2026-09-08 07:50:00,1722.0,46.7,75.2,72.9,82.8,357.0,61.8,27.34,98.9,Normal,0,0,0,0,0,Normal operation
ISZ-018,2026-09-08 08:00:00,1588.0,31.1,82.1,50.2,81.5,331.7,62.3,27.18,21.9,Normal,0,0,0,0,0,Normal operation
ISZ-018,2026-09-08 08:10:00,1353.0,50.4,70.1,59.0,92.2,320.3,83.0,27.27,104.4,Normal,0,0,0,0,0,Normal operation
ISZ-018,2026-09-08 08:20:00,1705.0,81.4,73.7,47.7,86.9,285.5,73.0,27.28,35.8,Normal,0,0,0,0,0,Normal operation
ISZ-018,2026-09-08 08:30:00,1107.0,38.5,53.0,12.4,87.0,264.3,62.9,26.52,88.4,Normal,0,0,0,0,0,Normal operation
ISZ-018,2026-09-08 08:40:00,1961.0,77.7,42.2,33.1,90.4,322.7,64.7,26.97,129.3,Normal,0,0,0,0,0,Normal operation
ISZ-018,2026-09-08 08:50:00,1634.0,72.7,36.0,51.5,89.1,346.1,59.8,26.96,56.2,Normal,0,0,0,0,0,Normal operation
ISZ-018,2026-09-08 09:00:00,1704.0,41.3,50.9,38.3,83.0,331.9,65.7,27.32,72.6,Normal,0,0,0,0,0,Normal operation
ISZ-018,2026-09-08 09:10:00,1289.0,60.1,65.6,8,84.8,323.1,69.9,27.7,94.4,Normal,0,0,0,0,0,Normal operation
ISZ-018,2026-09-08 09:20:00,991.0,50.4,52.7,50.2,84.8,302.1,77.3,27.36,39.2,Normal,0,0,0,0,0,Normal operation
ISZ-018,2026-09-08 09:30:00,1479.0,35.0,49.0,54.1,85.6,319.2,71.2,26.54,76.9,Normal,0,0,0,0,0,Normal operation
ISZ-018,2026-09-08 09:40:00,1575.0,54.6,67.5,56.1,86.2,329.7,62.0,26.97,102.1,Normal,0,0,0,0,0,Normal operation
ISZ-018,2026-09-08 09:50:00,1623.0,55.4,65.5,19.0,88.0,306.6,59.2,27.85,100.8,Normal,0,0,0,0,0,Normal operation
ISZ-018,2026-09-08 10:00:00,538.0,1.2,12.4,2.6,86.9,238.7,34.2,27.73,8,Normal,0,0,0,0,0,Normal operation
ISZ-018,2026-09-08 10:10:00,536.0,1.4,29.0,1.8,87.8,187.6,30.0,27.82,23.7,Normal,0,0,0,0,0,Normal operation
ISZ-018,2026-09-08 10:20:00,533.0,0.6,11.3,4.0,84.3,285.3,35.8,26.7,35.0,Normal,0,0,0,0,0,Normal operation
ISZ-018,2026-09-08 10:30:00,526.0,0,25.3,0.7,89.7,285.4,29.6,27.17,8,Normal,0,0,1,0,0,Normal operation
ISZ-018,2026-09-08 10:40:00,1555.0,14.0,74.0,56.8,91.2,320.0,79.9,26.85,84.6,Normal,0,0,0,0,0,Normal operation
ISZ-018,2026-09-08 10:50:00,1368.0,40.0,58.7,40.6,89.9,303.6,61.7,27.08,108.3,Normal,0,0,0,0,0,Normal operation
ISZ-018,2026-09-08 11:00:00,1322.0,83.0,42.3,32.5,85.4,332.9,56.4,27.13,89.2,Normal,0,0,0,0,0,Normal operation
ISZ-018,2026-09-08 11:10:00,1481.0,49.1,63.5,33.6,89.6,325.5,59.0,25.99,109.8,Normal,0,0,0,0,0,Normal operation
ISZ-018,2026-09-08 11:20:00,1338.0,76.0,56.6,26.0,90.7,310.4,77.5,27.32,145.2,Normal,0,0,0,0,0,Normal operation
ISZ-018,2026-09-08 11:30:00,1209.0,83.7,67.3,37.3,82.7,321.9,58.4,27.74,61.8,Normal,0,0,0,0,0,Normal operation
ISZ-018,2026-09-08 11:40:00,1426.0,75.8,68.6,73.5,87.0,398.2,71.8,27.32,140.5,Normal,0,0,0,0,0,Normal operation
ISZ-018,2026-09-08 11:50:00,2256.0,39.1,50.2,68.0,86.1,340.8,57.1,27.1,52.7,Normal,0,0,0,0,0,Normal operation
ISZ-018,2026-09-08 12:00:00,1612.0,66.5,70.5,36.3,93.2,350.1,65.2,27.16,95.1,Normal,0,0,0,0,0,Normal operation
ISZ-018,2026-09-08 12:10:00,1117.0,32.0,30.8,40.8,79.2,319.8,64.7,26.65,94.5,Normal,0,0,0,0,0,Normal operation
ISZ-018,2026-09-08 12:20:00,2122.0,47.6,69.5,54.2,87.7,281.7,64.2,26.96,79.1,Normal,0,0,0,0,0,Normal operation
ISZ-018,2026-09-08 12:30:00,1019.0,40.1,62.5,58.1,84.0,292.6,62.4,26.82,87.2,Normal,0,0,0,0,0,Normal operation
ISZ-018,2026-09-08 12:40:00,1589.0,82.7,35.5,17.4,90.7,354.4,62.5,27.08,98.3,Normal,0,0,0,0,0,Normal operation
ISZ-018,2026-09-08 12:50:00,2361.0,45.3,62.4,48.4,93.1,289.8,54.3,26.31,137.3,Normal,0,0,0,0,0,Normal operation
ISZ-018,2026-09-08 13:00:00,2365.0,61.2,50.6,41.6,96.7,345.6,66.5,27.12,74.1,Normal,0,0,0,0,0,Normal operation
ISZ-018,2026-09-08 13:10:00,1527.0,53.9,50.5,25.5,80.1,301.3,69.6,26.97,91.1,Normal,0,0,0,0,0,Normal operation
ISZ-018,2026-09-08 13:20:00,1357.0,51.9,66.6,26.2,77.3,304.2,75.1,27.44,19.6,Normal,0,0,0,0,0,Normal operation
ISZ-018,2026-09-08 13:30:00,1747.0,47.9,55.5,21.9,90.0,299.7,60.5,27.41,85.7,Normal,0,0,0,0,0,Normal operation
ISZ-018,2026-09-08 13:40:00,1752.0,60.8,74.2,19.5,83.2,362.1,41.1,25.86,57.9,Normal,0,0,0,0,0,Normal operation
ISZ-018,2026-09-08 13:50:00,1648.0,41.6,61.9,38.1,89.5,396.0,64.2,26.83,94.9,Normal,0,0,0,0,0,Normal operation
ISZ-018,2026-09-08 14:00:00,530.0,2.2,15.5,4.6,87.3,259.3,17.8,27.53,24.8,Normal,0,0,0,1,0,Normal operation
ISZ-018,2026-09-08 14:10:00,514.0,6.4,9.1,0,85.6,261.0,35.7,26.97,11.4,Normal,0,0,1,0,0,Normal operation
ISZ-018,2026-09-08 14:20:00,545.0,4.0,17.3,3.2,82.8,285.4,22.7,26.83,37.7,Normal,0,0,0,1,0,Normal operation
ISZ-018,2026-09-08 14:30:00,540.0,1.6,14.6,0.2,85.3,218.1,18.7,27.55,8,Normal,0,0,0,1,0,Normal operation
ISZ-018,2026-09-08 14:40:00,2165.0,62.2,71.8,65.5,84.6,356.4,79.1,26.68,82.8,Normal,0,0,0,0,0,Normal operation
ISZ-018,2026-09-08 14:50:00,1149.0,28.8,55.4,46.0,88.1,360.0,71.0,27.26,121.5,Normal,0,0,0,0,0,Normal operation
ISZ-018,2026-09-08 15:00:00,906.0,71.6,36.0,42.5,80.7,310.4,55.3,27.98,50.9,Normal,0,0,0,0,0,Normal operation
ISZ-018,2026-09-08 15:10:00,1500.0,80.0,41.1,40.0,84.9,316.5,62.6,27.29,81.8,Normal,0,0,0,0,0,Normal operation
ISZ-018,2026-09-08 15:20:00,1147.0,56.8,57.6,8,83.4,377.9,46.1,27.2,121.5,Normal,0,0,0,0,0,Normal operation
ISZ-018,2026-09-08 15:30:00,1464.0,38.1,36.3,8.9,87.1,309.5,62.4,27.8,101.9,Normal,0,0,0,0,0,Normal operation
ISZ-018,2026-09-08 15:40:00,2243.0,71.7,58.9,38.9,89.8,292.8,78.7,28.1,101.0,Normal,0,0,0,0,0,Normal operation
ISZ-018,2026-09-08 15:50:00,1675.0,27.4,67.4,81.6,84.0,331.9,51.9,27.55,66.1,Normal,0,0,0,0,0,Normal operation
ISZ-018,2026-09-08 16:00:00,1594.0,46.5,78.6,64.8,88.4,336.7,61.8,26.83,103.3,Normal,0,0,0,0,0,Normal operation
ISZ-018,2026-09-08 16:10:00,1804.0,41.6,52.9,65.2,84.2,380.7,64.0,26.76,124.3,Normal,0,0,0,0,0,Normal operation
ISZ-018,2026-09-08 16:20:00,2043.0,60.2,67.9,29.9,83.6,388.3,70.8,27.45,117.5,Normal,0,0,0,0,0,Normal operation
ISZ-018,2026-09-08 16:30:00,2044.0,39.3,36.8,43.2,86.7,359.6,67.3,26.62,52.3,Normal,0,0,0,0,0,Normal operation
ISZ-018,2026-09-08 16:40:00,1456.0,44.8,51.2,45.5,89.0,323.1,73.2,26.47,51.1,Normal,0,0,0,0,0,Normal operation
ISZ-018,2026-09-08 16:50:00,1084.0,89.9,52.3,35.2,90.2,316.3,69.3,27.58,118.0,Normal,0,0,0,0,0,Normal operation
ISZ-018,2026-09-08 17:00:00,1424.0,81.9,53.2,57.0,91.9,271.4,61.9,27.64,107.9,Normal,0,0,0,0,0,Normal operation
ISZ-018,2026-09-08 17:10:00,1623.0,63.7,68.1,58.1,89.3,348.5,69.8,28.59,92.8,Normal,0,0,0,0,0,Normal operation
ISZ-018,2026-09-08 17:20:00,1368.0,48.3,95,20.2,88.3,341.5,60.9,26.61,99.6,Normal,0,0,0,0,0,Normal operation
ISZ-018,2026-09-08 17:30:00,996.0,78.2,59.3,69.3,79.5,293.9,70.5,27.58,129.3,Normal,0,0,0,0,0,Normal operation
ISZ-018,2026-09-08 17:40:00,1137.0,52.6,28.6,38.2,89.8,281.1,78.3,26.65,136.5,Normal,0,0,0,0,0,Normal operation
ISZ-018,2026-09-08 17:50:00,1750.0,74.6,68.0,22.5,85.3,359.7,69.1,26.81,114.5,Normal,0,0,0,0,0,Normal operation
ISZ-018,2026-09-08 18:00:00,540.0,2.4,22.9,1.4,93.9,231.1,38.9,26.95,19.8,Normal,0,0,0,0,0,Normal operation
ISZ-018,2026-09-08 18:10:00,536.0,2.9,13.8,5.3,86.3,277.0,39.2,27.83,35.3,Normal,0,0,0,0,0,Normal operation
ISZ-018,2026-09-08 18:20:00,551.0,3.8,16.9,1.7,98.5,199.1,29.6,26.3,48.3,Normal,0,0,1,0,0,Normal operation
ISZ-018,2026-09-08 18:30:00,523.0,1.1,5.9,4.8,81.4,270.9,28.1,27.51,55.2,Normal,0,0,1,0,0,Normal operation
ISZ-018,2026-09-08 18:40:00,1961.0,57.6,55.1,47.5,81.4,366.7,49.6,27.43,78.9,Normal,0,0,0,0,0,Normal operation
ISZ-018,2026-09-08 18:50:00,2600,62.0,63.6,31.0,93.5,378.0,68.2,26.77,113.0,Normal,0,0,0,0,0,Normal operation
ISZ-018,2026-09-08 19:00:00,1075.0,44.8,72.2,34.8,106.1,337.0,50.8,27.5,123.5,Normal,1,0,0,0,1,Cooling system abnormal / overheating tendency
ISZ-018,2026-09-08 19:10:00,1277.0,45.3,60.0,62.8,99.2,339.2,70.6,27.19,40.5,Normal,1,0,0,0,0,Cooling system abnormal / overheating tendency
ISZ-018,2026-09-08 19:20:00,1930.0,47.5,59.9,15.4,111.8,290.5,55.0,27.39,60.9,Normal,1,0,0,0,1,Cooling system abnormal / overheating tendency
ISZ-018,2026-09-08 19:30:00,1631.0,67.8,63.3,53.8,107.5,386.1,60.6,27.7,101.2,Normal,1,0,0,0,1,Cooling system abnormal / overheating tendency
ISZ-018,2026-09-08 19:40:00,1611.0,45.4,67.4,65.5,103.6,357.6,42.6,26.89,93.0,Normal,1,0,0,0,1,Cooling system abnormal / overheating tendency
ISZ-018,2026-09-08 19:50:00,1200.0,84.6,20,39.9,96.9,329.7,62.3,27.16,67.3,Normal,1,0,0,0,0,Cooling system abnormal / overheating tendency
ISZ-018,2026-09-08 20:00:00,1436.0,65.7,45.9,47.5,107.6,349.4,62.4,26.91,110.0,Normal,1,0,0,0,1,Cooling system abnormal / overheating tendency
ISZ-018,2026-09-08 20:10:00,1148.0,45.8,59.1,52.5,93.7,303.9,67.5,27.39,96.7,Normal,1,0,0,0,0,Cooling system abnormal / overheating tendency
ISZ-018,2026-09-08 20:20:00,1979.0,61.4,25.5,43.1,107.7,302.5,69.0,26.92,100.4,Normal,1,0,0,0,1,Cooling system abnormal / overheating tendency
ISZ-018,2026-09-08 20:30:00,1583.0,65.2,63.3,37.8,99.8,322.8,50.6,27.68,111.0,Normal,1,0,0,0,0,Cooling system abnormal / overheating tendency
ISZ-018,2026-09-08 20:40:00,1994.0,83.9,44.5,51.8,97.2,368.6,65.4,27.57,108.2,Normal,1,0,0,0,0,Cooling system abnormal / overheating tendency
ISZ-018,2026-09-08 20:50:00,1648.0,41.1,32.6,34.4,96.5,331.2,58.0,27.1,103.8,Normal,1,0,0,0,0,Cooling system abnormal / overheating tendency
ISZ-018,2026-09-08 21:00:00,1697.0,46.1,70.2,69.0,100.7,288.4,70.3,27.47,92.4,Normal,1,0,0,0,1,Cooling system abnormal / overheating tendency
ISZ-018,2026-09-08 21:10:00,1459.0,18.8,57.5,35.4,98.4,280.0,64.9,27.94,64.3,Normal,1,0,0,0,0,Cooling system abnormal / overheating tendency
ISZ-018,2026-09-08 21:20:00,1163.0,51.6,48.1,56.1,102.8,280.6,68.0,26.92,102.6,Normal,1,0,0,0,1,Cooling system abnormal / overheating tendency
ISZ-018,2026-09-08 21:30:00,1448.0,79.8,84.5,52.8,106.7,314.7,68.7,27.42,63.0,Normal,1,0,0,0,1,Cooling system abnormal / overheating tendency
ISZ-018,2026-09-08 21:40:00,1548.0,16.3,78.9,35.5,104.2,330.6,71.0,27.37,82.3,Normal,1,0,0,0,1,Cooling system abnormal / overheating tendency
ISZ-018,2026-09-08 21:50:00,1215.0,47.4,49.2,64.9,103.1,298.9,54.1,26.83,102.7,Normal,1,0,0,0,1,Cooling system abnormal / overheating tendency
ISZ-018,2026-09-08 22:00:00,526.0,2.5,35,3.0,101.3,218.7,29.8,27.23,39.5,Normal,1,0,1,0,1,Cooling system abnormal / overheating tendency
ISZ-018,2026-09-08 22:10:00,538.0,1.1,16.6,0,97.3,278.2,33.0,27.15,8,Normal,1,0,0,0,0,Cooling system abnormal / overheating tendency
ISZ-018,2026-09-08 22:20:00,550.0,1.7,26.8,2.0,99.7,228.5,23.6,27.27,8,Normal,1,0,1,1,0,Cooling system abnormal / overheating tendency
ISZ-018,2026-09-08 22:30:00,550.0,0,25.4,1.1,95.7,259.4,21.8,27.25,33.3,Normal,1,0,0,1,0,Cooling system abnormal / overheating tendency
ISZ-018,2026-09-08 22:40:00,1889.0,51.4,48.6,46.0,105.1,319.2,76.9,27.48,102.1,Normal,1,0,0,0,1,Cooling system abnormal / overheating tendency
ISZ-018,2026-09-08 22:50:00,1567.0,40.1,58.9,72.5,108.2,350.7,65.7,27.15,74.5,Normal,1,0,0,0,1,Cooling system abnormal / overheating tendency
ISZ-018,2026-09-08 23:00:00,1248.0,86.3,73.6,13.6,100.4,328.0,63.4,27.15,96.6,Normal,1,0,0,0,1,Cooling system abnormal / overheating tendency
ISZ-018,2026-09-08 23:10:00,1696.0,65.1,62.8,61.3,106.6,301.8,64.9,26.57,68.0,Normal,1,0,0,0,1,Cooling system abnormal / overheating tendency
ISZ-018,2026-09-08 23:20:00,800,53.2,72.5,56.4,101.9,305.6,62.0,26.83,135.3,Normal,1,0,0,0,1,Cooling system abnormal / overheating tendency
ISZ-018,2026-09-08 23:30:00,1663.0,83.0,29.0,48.8,99.2,337.3,75.0,27.65,81.1,Normal,1,0,0,0,0,Cooling system abnormal / overheating tendency
ISZ-018,2026-09-08 23:40:00,1317.0,56.7,44.6,45.5,97.3,329.3,62.6,27.2,93.0,Normal,1,0,0,0,0,Cooling system abnormal / overheating tendency
ISZ-018,2026-09-08 23:50:00,2210.0,33.3,44.3,57.4,98.7,306.4,71.8,27.36,110.9,Normal,1,0,0,0,0,Cooling system abnormal / overheating tendency
ISZ-018,2026-09-09 00:00:00,1776.0,58.6,64.5,80.2,102.8,319.3,56.6,27.08,127.4,Normal,1,0,0,0,1,Cooling system abnormal / overheating tendency
ISZ-018,2026-09-09 00:10:00,1233.0,54.6,82.8,60.0,97.1,313.4,69.6,26.92,109.1,Normal,1,0,0,0,0,Cooling system abnormal / overheating tendency
ISZ-018,2026-09-09 00:20:00,2104.0,64.9,20,73.1,97.2,322.2,60.0,26.47,81.8,Normal,1,0,0,0,0,Cooling system abnormal / overheating tendency
ISZ-018,2026-09-09 00:30:00,2600,88.2,87.7,30.1,89.1,340.5,77.9,27.92,99.8,Normal,1,0,0,0,0,Cooling system abnormal / overheating tendency
ISZ-018,2026-09-09 00:40:00,1142.0,59.8,77.5,52.7,95.8,307.3,57.7,26.84,55.9,Normal,1,0,0,0,0,Cooling system abnormal / overheating tendency
ISZ-018,2026-09-09 00:50:00,1939.0,28.4,53.1,24.6,101.8,289.3,55.1,26.19,81.8,Normal,1,0,0,0,1,Cooling system abnormal / overheating tendency
ISZ-018,2026-09-09 01:00:00,1712.0,41.6,75.0,32.6,103.0,334.8,62.4,26.58,105.1,Normal,1,0,0,0,1,Cooling system abnormal / overheating tendency
ISZ-018,2026-09-09 01:10:00,1691.0,47.9,94.4,55.7,100.4,325.1,78.2,26.92,61.8,Normal,1,0,0,0,1,Cooling system abnormal / overheating tendency
ISZ-018,2026-09-09 01:20:00,1438.0,51.4,90.7,55.3,104.3,344.8,73.8,27.47,113.0,Normal,1,0,0,0,1,Cooling system abnormal / overheating tendency
ISZ-018,2026-09-09 01:30:00,1862.0,71.6,56.8,50.9,99.3,269.8,61.2,26.83,85.5,Normal,1,0,0,0,0,Cooling system abnormal / overheating tendency
ISZ-018,2026-09-09 01:40:00,1018.0,80.3,61.8,39.8,97.7,340.9,54.0,27.44,92.5,Normal,1,0,0,0,0,Cooling system abnormal / overheating tendency
ISZ-018,2026-09-09 01:50:00,1421.0,42.8,55.0,22.0,109.8,353.1,67.2,26.94,96.0,Normal,1,0,0,0,1,Cooling system abnormal / overheating tendency
ISZ-019,2026-09-08 06:00:00,537.0,0,21.4,0.9,91.0,253.9,25.3,26.72,42.4,Normal,0,0,0,0,0,Normal operation
ISZ-019,2026-09-08 06:10:00,544.0,5.6,24.9,0,88.8,187.3,37.7,27.33,52.4,Normal,0,0,0,0,0,Normal operation
ISZ-019,2026-09-08 06:20:00,527.0,1.1,32.0,0,77.0,244.9,36.4,26.95,80.8,Normal,0,0,1,0,0,Normal operation
ISZ-019,2026-09-08 06:30:00,545.0,0,28.6,2.9,89.4,198.3,40.9,27.17,53.4,Normal,0,0,0,0,0,Normal operation
ISZ-019,2026-09-08 06:40:00,1100.0,47.4,91.6,42.0,88.1,337.2,69.2,27.51,62.4,Normal,0,0,0,0,0,Normal operation
ISZ-019,2026-09-08 06:50:00,993.0,80.3,58.8,64.8,82.4,336.3,52.5,26.73,8,Normal,0,0,0,0,0,Normal operation
ISZ-019,2026-09-08 07:00:00,855.0,68.3,40.5,32.5,80.3,344.1,58.8,27.45,88.8,Normal,0,0,0,0,0,Normal operation
ISZ-019,2026-09-08 07:10:00,1128.0,50.4,60.2,50.9,93.5,304.7,79.7,26.91,114.3,Normal,0,0,0,0,0,Normal operation
ISZ-019,2026-09-08 07:20:00,1450.0,40.5,69.6,48.2,87.4,378.2,75.6,27.49,95.2,Normal,0,0,0,0,0,Normal operation
ISZ-019,2026-09-08 07:30:00,1369.0,48.5,58.5,20.0,83.7,343.2,62.2,26.57,99.4,Normal,0,0,0,0,0,Normal operation
ISZ-019,2026-09-08 07:40:00,2184.0,48.0,49.6,79.5,88.7,304.1,68.0,26.52,74.4,Normal,0,0,0,0,0,Normal operation
ISZ-019,2026-09-08 07:50:00,1487.0,24.8,51.5,64.0,77.0,383.5,85.9,27.55,73.1,Normal,0,0,0,0,0,Normal operation
ISZ-019,2026-09-08 08:00:00,947.0,50.6,30.4,20.5,86.5,335.3,65.3,26.79,104.0,Normal,0,0,0,0,0,Normal operation
ISZ-019,2026-09-08 08:10:00,1334.0,43.2,68.0,51.0,90.5,335.3,64.6,26.59,77.0,Normal,0,0,0,0,0,Normal operation
ISZ-019,2026-09-08 08:20:00,1386.0,16.7,68.8,54.3,88.2,279.2,55.4,27.89,113.1,Normal,0,0,0,0,0,Normal operation
ISZ-019,2026-09-08 08:30:00,1326.0,39.2,35.3,71.7,90.0,316.8,68.3,27.49,122.1,Normal,0,0,0,0,0,Normal operation
ISZ-019,2026-09-08 08:40:00,1397.0,48.4,46.6,53.9,88.1,268.8,71.2,26.97,71.6,Normal,0,0,0,0,0,Normal operation
ISZ-019,2026-09-08 08:50:00,1915.0,52.7,24.6,59.8,92.8,334.1,65.4,27.47,36.3,Normal,0,0,0,0,0,Normal operation
ISZ-019,2026-09-08 09:00:00,1312.0,49.2,56.3,8,87.1,272.6,70.6,27.33,132.1,Normal,0,0,0,0,0,Normal operation
ISZ-019,2026-09-08 09:10:00,1822.0,52.6,95,20.0,84.7,356.2,72.3,27.3,75.7,Normal,0,0,0,0,0,Normal operation
ISZ-019,2026-09-08 09:20:00,1397.0,42.1,86.2,56.7,88.3,355.9,58.7,27.38,76.7,Normal,0,0,0,0,0,Normal operation
ISZ-019,2026-09-08 09:30:00,1012.0,68.5,71.6,62.1,97.0,345.5,70.8,27.59,49.3,Normal,0,0,0,0,0,Normal operation
ISZ-019,2026-09-08 09:40:00,1736.0,62.0,40.3,67.3,80.4,351.4,61.3,26.7,124.1,Normal,0,0,0,0,0,Normal operation
ISZ-019,2026-09-08 09:50:00,1487.0,54.0,61.4,30.6,87.7,321.1,70.9,27.87,56.6,Normal,0,0,0,0,0,Normal operation
ISZ-019,2026-09-08 10:00:00,542.0,0,26.2,0,90.2,189.8,24.0,27.04,60.1,Normal,0,0,0,1,0,Normal operation
ISZ-019,2026-09-08 10:10:00,535.0,0.8,21.1,1.4,85.3,252.7,23.5,27.52,59.8,Normal,0,0,0,1,0,Normal operation
ISZ-019,2026-09-08 10:20:00,538.0,0,20.6,0,96.2,255.2,24.6,27.1,50.9,Normal,0,0,0,1,0,Normal operation
ISZ-019,2026-09-08 10:30:00,530.0,2.0,17.3,2.9,84.1,247.8,30.7,27.11,8,Normal,0,0,1,0,0,Normal operation
ISZ-019,2026-09-08 10:40:00,1004.0,68.7,49.8,88.1,86.2,320.5,58.9,26.79,121.4,Normal,0,0,0,0,0,Normal operation
ISZ-019,2026-09-08 10:50:00,1855.0,69.2,75.3,47.0,93.2,337.1,56.5,26.66,93.8,Normal,0,0,0,0,0,Normal operation
ISZ-019,2026-09-08 11:00:00,1566.0,89.2,91.4,68.9,91.8,265.7,61.5,27.28,77.7,Normal,0,0,0,0,0,Normal operation
ISZ-019,2026-09-08 11:10:00,800,63.8,61.8,60.7,84.5,329.5,71.4,27.8,121.9,Normal,0,0,0,0,0,Normal operation
ISZ-019,2026-09-08 11:20:00,1482.0,95,71.3,41.2,87.6,317.5,52.7,26.61,62.6,Normal,0,0,0,0,0,Normal operation
ISZ-019,2026-09-08 11:30:00,1813.0,70.2,27.7,65.8,90.1,355.5,72.2,27.11,36.6,Normal,0,0,0,0,0,Normal operation
ISZ-019,2026-09-08 11:40:00,1087.0,38.9,50.5,52.9,85.4,325.5,62.8,27.05,76.9,Normal,0,0,0,0,0,Normal operation
ISZ-019,2026-09-08 11:50:00,1853.0,64.7,58.3,57.8,94.4,318.8,74.6,26.99,101.6,Normal,0,0,0,0,0,Normal operation
ISZ-019,2026-09-08 12:00:00,1374.0,62.1,95,21.9,86.4,350.0,53.2,27.29,73.6,Normal,0,0,0,0,0,Normal operation
ISZ-019,2026-09-08 12:10:00,1290.0,64.5,58.0,29.6,87.0,298.0,54.9,26.8,86.9,Normal,0,0,0,0,0,Normal operation
ISZ-019,2026-09-08 12:20:00,1019.0,76.0,58.7,8,83.1,306.5,75.1,27.27,91.0,Normal,0,0,0,0,0,Normal operation
ISZ-019,2026-09-08 12:30:00,1302.0,46.3,73.4,8,86.1,306.6,60.2,27.15,59.8,Normal,0,0,0,0,0,Normal operation
ISZ-019,2026-09-08 12:40:00,1394.0,59.9,71.5,15.7,83.7,364.2,71.6,28.41,98.1,Normal,0,0,0,0,0,Normal operation
ISZ-019,2026-09-08 12:50:00,1472.0,15.0,63.5,40.5,90.1,292.0,66.7,27.36,79.1,Normal,0,0,0,0,0,Normal operation
ISZ-019,2026-09-08 13:00:00,1233.0,68.1,72.4,56.4,90.0,280.0,76.6,26.69,80.7,Normal,0,0,0,0,0,Normal operation
ISZ-019,2026-09-08 13:10:00,1341.0,56.2,67.9,45.2,83.7,274.8,83.2,27.71,61.0,Normal,0,0,0,0,0,Normal operation
ISZ-019,2026-09-08 13:20:00,1529.0,76.5,42.2,36.0,89.6,315.6,69.8,26.23,99.8,Normal,0,0,0,0,0,Normal operation
ISZ-019,2026-09-08 13:30:00,1704.0,52.6,24.6,57.1,78.9,302.0,65.9,27.54,89.4,Normal,0,0,0,0,0,Normal operation
ISZ-019,2026-09-08 13:40:00,1867.0,32.4,46.8,58.5,90.8,371.4,66.0,26.65,56.0,Normal,0,0,0,0,0,Normal operation
ISZ-019,2026-09-08 13:50:00,1485.0,68.4,76.2,38.0,89.3,290.5,71.4,27.23,106.1,Normal,0,0,0,0,0,Normal operation
ISZ-019,2026-09-08 14:00:00,541.0,0,12.0,0,80.7,282.8,26.9,27.49,38.3,Normal,0,0,0,0,0,Normal operation
ISZ-019,2026-09-08 14:10:00,548.0,1.8,21.3,1.9,84.0,232.6,26.6,27.76,8,Normal,0,0,0,0,0,Normal operation
ISZ-019,2026-09-08 14:20:00,548.0,2.8,20.9,6.0,94.5,269.3,28.0,27.17,37.3,Normal,0,0,0,0,0,Normal operation
ISZ-019,2026-09-08 14:30:00,554.0,0.7,16.6,4.0,75.7,189.2,20.6,26.5,56.5,Normal,0,0,1,1,0,Normal operation
ISZ-019,2026-09-08 14:40:00,1989.0,56.4,86.3,42.9,94.7,340.1,56.2,27.86,164.3,Normal,0,0,0,0,0,Normal operation
ISZ-019,2026-09-08 14:50:00,2053.0,69.2,34.6,32.4,87.3,333.8,55.1,26.6,97.2,Normal,0,0,0,0,0,Normal operation
ISZ-019,2026-09-08 15:00:00,2043.0,35.0,56.5,29.7,95.0,268.5,77.7,27.44,88.3,Normal,0,0,0,0,0,Normal operation
ISZ-019,2026-09-08 15:10:00,2095.0,59.1,55.3,45.1,93.1,379.9,62.0,26.89,61.7,Normal,0,0,0,0,0,Normal operation
ISZ-019,2026-09-08 15:20:00,2279.0,22.9,37.3,52.2,84.0,299.9,72.7,27.1,82.3,Normal,0,0,0,0,0,Normal operation
ISZ-019,2026-09-08 15:30:00,1838.0,45.1,66.5,62.9,92.1,336.7,64.2,27.35,101.1,Normal,0,0,0,0,0,Normal operation
ISZ-019,2026-09-08 15:40:00,1581.0,46.7,63.2,8,84.1,355.7,39.8,27.93,116.7,Normal,0,0,0,0,0,Normal operation
ISZ-019,2026-09-08 15:50:00,2204.0,87.9,61.5,42.4,90.3,344.4,78.3,27.82,103.3,Normal,0,0,0,0,0,Normal operation
ISZ-019,2026-09-08 16:00:00,1444.0,56.5,37.0,34.7,85.9,273.2,63.6,27.33,102.9,Normal,0,0,0,0,0,Normal operation
ISZ-019,2026-09-08 16:10:00,1885.0,70.6,56.2,64.7,88.2,317.8,66.7,27.0,79.0,Normal,0,0,0,0,0,Normal operation
ISZ-019,2026-09-08 16:20:00,1276.0,42.2,48.3,37.3,86.7,355.6,63.3,27.89,80.8,Normal,0,0,0,0,0,Normal operation
ISZ-019,2026-09-08 16:30:00,800,53.9,60.9,35.1,86.7,326.4,64.5,27.06,111.9,Normal,0,0,0,0,0,Normal operation
ISZ-019,2026-09-08 16:40:00,1125.0,72.0,41.4,41.0,80.7,335.6,64.9,26.94,89.8,Normal,0,0,0,0,0,Normal operation
ISZ-019,2026-09-08 16:50:00,1352.0,95,76.2,40.8,93.8,312.8,64.6,27.32,85.0,Normal,0,0,0,0,0,Normal operation
ISZ-019,2026-09-08 17:00:00,1528.0,55.6,78.8,41.9,84.6,308.4,66.7,27.36,129.2,Normal,0,0,0,0,0,Normal operation
ISZ-019,2026-09-08 17:10:00,1810.0,45.0,70.7,9.7,93.9,358.8,57.4,27.14,70.8,Normal,0,0,0,0,0,Normal operation
ISZ-019,2026-09-08 17:20:00,1583.0,71.0,34.7,55.5,86.0,298.7,60.4,27.13,137.2,Normal,0,0,0,0,0,Normal operation
ISZ-019,2026-09-08 17:30:00,1655.0,54.8,34.1,40.6,91.8,299.5,55.8,27.6,100.3,Normal,0,0,0,0,0,Normal operation
ISZ-019,2026-09-08 17:40:00,1037.0,65.6,62.9,89.4,84.9,289.1,64.3,27.85,164.5,Normal,0,0,0,0,0,Normal operation
ISZ-019,2026-09-08 17:50:00,1549.0,60.3,82.0,48.5,95.0,305.0,58.7,27.62,99.6,Normal,0,0,0,0,0,Normal operation
ISZ-019,2026-09-08 18:00:00,545.0,0,17.5,5.5,86.0,199.4,28.5,27.52,49.8,Normal,0,0,0,0,0,Normal operation
ISZ-019,2026-09-08 18:10:00,552.0,0,18.6,0,92.9,229.0,43.0,26.95,8,Normal,0,0,1,0,0,Normal operation
ISZ-019,2026-09-08 18:20:00,526.0,0.6,13.9,2.0,93.0,233.5,25.2,26.78,49.9,Normal,0,0,1,0,0,Normal operation
ISZ-019,2026-09-08 18:30:00,543.0,0,17.0,0.1,89.5,246.5,41.4,27.92,62.1,Normal,0,0,0,0,0,Normal operation
ISZ-019,2026-09-08 18:40:00,1632.0,66.6,42.5,30.0,87.1,297.7,65.7,27.25,61.0,Normal,0,0,0,0,0,Normal operation
ISZ-019,2026-09-08 18:50:00,1923.0,32.5,74.0,47.0,81.1,279.0,78.3,27.25,125.2,Normal,0,0,0,0,0,Normal operation
ISZ-019,2026-09-08 19:00:00,2600,48.1,42.1,12.9,87.6,307.8,54.6,27.49,95.3,Normal,0,0,0,0,0,Normal operation
ISZ-019,2026-09-08 19:10:00,2172.0,36.2,43.5,58.3,83.6,316.6,58.9,27.84,83.3,Normal,0,0,0,0,0,Normal operation
ISZ-019,2026-09-08 19:20:00,1743.0,55.9,67.3,16.5,88.8,368.1,66.3,27.33,122.5,Normal,0,0,0,0,0,Normal operation
ISZ-019,2026-09-08 19:30:00,1195.0,17.2,66.3,57.0,90.6,335.6,71.3,26.97,96.5,Normal,0,0,0,0,0,Normal operation
ISZ-019,2026-09-08 19:40:00,1394.0,22.0,20,48.2,90.8,277.1,83.2,27.58,126.8,Normal,0,0,0,0,0,Normal operation
ISZ-019,2026-09-08 19:50:00,1556.0,57.7,43.0,18.7,84.2,330.0,68.7,27.22,54.8,Normal,0,0,0,0,0,Normal operation
ISZ-019,2026-09-08 20:00:00,1365.0,46.7,55.3,8,92.3,340.9,71.5,26.92,100.1,Normal,0,0,0,0,0,Normal operation
ISZ-019,2026-09-08 20:10:00,1849.0,65.2,45.5,33.1,84.3,332.2,58.6,27.43,134.8,Normal,0,0,0,0,0,Normal operation
ISZ-019,2026-09-08 20:20:00,1656.0,59.0,67.5,11.3,82.1,303.0,80.2,27.09,148.3,Normal,0,0,0,0,0,Normal operation
ISZ-019,2026-09-08 20:30:00,1674.0,44.4,25.1,66.4,82.3,309.2,58.2,27.52,126.5,Normal,0,0,0,0,0,Normal operation
ISZ-019,2026-09-08 20:40:00,1701.0,75.7,65.2,29.8,92.4,327.4,77.5,26.95,91.9,Normal,0,0,0,0,0,Normal operation
ISZ-019,2026-09-08 20:50:00,1950.0,41.1,82.9,32.0,85.7,371.0,67.8,26.34,65.0,Normal,0,0,0,0,0,Normal operation
ISZ-019,2026-09-08 21:00:00,1797.0,30.6,59.5,85.2,83.5,308.5,78.1,26.94,94.4,Normal,0,0,0,0,0,Normal operation
ISZ-019,2026-09-08 21:10:00,1892.0,62.7,62.0,30.8,89.2,356.2,56.4,26.91,99.4,Normal,0,0,0,0,0,Normal operation
ISZ-019,2026-09-08 21:20:00,1130.0,46.5,32.2,32.5,79.9,317.7,66.8,27.85,93.4,Normal,0,0,0,0,0,Normal operation
ISZ-019,2026-09-08 21:30:00,1867.0,95,66.7,98.5,86.6,317.3,65.7,26.32,70.5,Normal,0,0,0,0,0,Normal operation
ISZ-019,2026-09-08 21:40:00,2436.0,60.6,72.7,73.6,89.9,355.9,73.6,27.07,113.4,Normal,0,0,0,0,0,Normal operation
ISZ-019,2026-09-08 21:50:00,1854.0,51.6,25.8,48.3,89.2,319.2,66.5,26.82,99.9,Normal,0,0,0,0,0,Normal operation
ISZ-019,2026-09-08 22:00:00,547.0,1.8,15.8,0,87.0,212.5,23.5,27.38,53.0,Normal,0,0,0,1,0,Normal operation
ISZ-019,2026-09-08 22:10:00,549.0,3.6,18.8,2.8,88.1,237.5,35.6,26.93,8,Normal,0,0,0,0,0,Normal operation
ISZ-019,2026-09-08 22:20:00,531.0,6.8,14.0,1.7,84.0,266.7,23.4,26.89,8,Normal,0,0,0,1,0,Normal operation
ISZ-019,2026-09-08 22:30:00,529.0,0.2,17.3,1.7,88.6,221.3,26.8,27.32,19.6,Normal,0,0,1,0,0,Normal operation
ISZ-019,2026-09-08 22:40:00,1529.0,43.2,34.1,34.8,89.0,339.0,63.6,27.91,99.2,Normal,0,0,0,0,0,Normal operation
ISZ-019,2026-09-08 22:50:00,1784.0,64.2,46.4,54.4,85.8,325.6,70.2,27.34,109.6,Normal,0,0,0,0,0,Normal operation
ISZ-019,2026-09-08 23:00:00,1479.0,57.6,52.8,87.4,89.0,310.9,62.9,27.22,70.9,Normal,0,0,0,0,0,Normal operation
ISZ-019,2026-09-08 23:10:00,1911.0,51.9,51.2,48.0,82.0,281.0,60.8,27.0,110.0,Normal,0,0,0,0,0,Normal operation
ISZ-019,2026-09-08 23:20:00,1744.0,48.9,45.9,39.8,91.3,361.9,72.6,27.13,100.8,Normal,0,0,0,0,0,Normal operation
ISZ-019,2026-09-08 23:30:00,1172.0,73.0,31.8,38.2,81.0,328.6,57.7,27.04,114.9,Normal,0,0,0,0,0,Normal operation
ISZ-019,2026-09-08 23:40:00,1035.0,56.7,74.9,44.7,85.5,300.9,70.4,27.46,99.2,Normal,0,0,0,0,0,Normal operation
ISZ-019,2026-09-08 23:50:00,1873.0,38.5,52.6,74.4,83.9,311.9,70.3,25.82,116.7,Normal,0,0,0,0,0,Normal operation
ISZ-019,2026-09-09 00:00:00,1259.0,60.1,94.6,64.8,89.6,291.6,62.6,27.35,99.5,Normal,0,0,0,0,0,Normal operation
ISZ-019,2026-09-09 00:10:00,1632.0,48.4,60.8,31.9,86.2,337.1,71.9,27.96,103.7,Normal,0,0,0,0,0,Normal operation
ISZ-019,2026-09-09 00:20:00,1300.0,32.9,20.4,50.8,91.9,336.9,61.1,27.0,140.1,Normal,0,0,0,0,0,Normal operation
ISZ-019,2026-09-09 00:30:00,1219.0,84.6,85.7,47.6,88.8,343.2,75.7,27.11,108.5,Normal,0,0,0,0,0,Normal operation
ISZ-019,2026-09-09 00:40:00,1659.0,38.1,72.1,58.5,85.7,237.0,63.9,27.46,132.1,Normal,0,0,0,0,0,Normal operation
ISZ-019,2026-09-09 00:50:00,1013.0,74.2,79.5,45.2,84.0,352.4,68.0,26.7,90.6,Normal,0,0,0,0,0,Normal operation
ISZ-019,2026-09-09 01:00:00,1815.0,71.4,50.4,61.2,85.8,345.7,63.2,27.45,79.2,Normal,0,0,0,0,0,Normal operation
ISZ-019,2026-09-09 01:10:00,1083.0,5,27.2,61.3,87.0,333.5,63.9,27.24,86.6,Normal,0,0,0,0,0,Normal operation
ISZ-019,2026-09-09 01:20:00,1208.0,26.9,65.6,79.6,74.7,314.9,73.2,27.39,62.8,Normal,0,0,0,0,0,Normal operation
ISZ-019,2026-09-09 01:30:00,1830.0,72.3,25.9,52.1,92.7,323.7,56.8,27.43,81.9,Normal,0,0,0,0,0,Normal operation
ISZ-019,2026-09-09 01:40:00,1532.0,54.4,50.0,34.9,93.5,329.3,70.3,26.96,105.4,Normal,0,0,0,0,0,Normal operation
ISZ-019,2026-09-09 01:50:00,2079.0,68.0,56.4,43.5,90.0,353.8,69.4,26.78,108.5,Normal,0,0,0,0,0,Normal operation
ISZ-020,2026-09-08 06:00:00,547.0,0,5,1.1,86.6,217.9,23.5,28.3,41.9,Normal,0,0,0,1,0,Normal operation
ISZ-020,2026-09-08 06:10:00,543.0,0.8,19.9,0,87.9,286.2,16.2,28.22,40.3,Normal,0,0,0,1,0,Normal operation
ISZ-020,2026-09-08 06:20:00,529.0,4.7,14.0,0.1,85.7,231.7,42.9,27.32,38.6,Normal,0,0,1,0,0,Normal operation
ISZ-020,2026-09-08 06:30:00,550.0,0.1,18.5,3.8,83.9,221.5,36.3,27.12,62.7,Normal,0,0,1,0,0,Normal operation
ISZ-020,2026-09-08 06:40:00,1320.0,50.7,72.5,65.7,87.6,300.8,55.6,26.7,78.9,Normal,0,0,0,0,0,Normal operation
ISZ-020,2026-09-08 06:50:00,1734.0,61.3,77.3,28.7,86.9,339.4,66.6,26.85,84.9,Normal,0,0,0,0,0,Normal operation
ISZ-020,2026-09-08 07:00:00,929.0,79.0,37.3,42.8,87.3,331.8,59.4,27.0,68.2,Normal,0,0,0,0,0,Normal operation
ISZ-020,2026-09-08 07:10:00,1774.0,74.8,61.3,14.8,85.5,331.4,66.1,27.19,89.0,Normal,0,0,0,0,0,Normal operation
ISZ-020,2026-09-08 07:20:00,1574.0,57.4,32.0,75.6,83.8,281.6,63.0,26.69,70.9,Normal,0,0,0,0,0,Normal operation
ISZ-020,2026-09-08 07:30:00,1237.0,53.9,81.3,46.9,91.5,355.5,73.8,27.57,82.6,Normal,0,0,0,0,0,Normal operation
ISZ-020,2026-09-08 07:40:00,1777.0,39.3,53.3,32.5,89.9,350.3,59.9,27.64,39.9,Normal,0,0,0,0,0,Normal operation
ISZ-020,2026-09-08 07:50:00,1484.0,41.7,68.9,39.3,81.2,351.9,69.7,27.38,64.5,Normal,0,0,0,0,0,Normal operation
ISZ-020,2026-09-08 08:00:00,1316.0,38.3,61.0,47.8,80.6,368.5,70.6,26.77,95.9,Normal,0,0,0,0,0,Normal operation
ISZ-020,2026-09-08 08:10:00,800,63.0,50.5,39.4,80.3,375.7,53.2,27.36,126.2,Normal,0,0,0,0,0,Normal operation
ISZ-020,2026-09-08 08:20:00,1949.0,56.3,95,44.9,90.7,323.5,61.4,26.79,73.4,Normal,0,0,0,0,0,Normal operation
ISZ-020,2026-09-08 08:30:00,2057.0,66.5,55.2,14.2,88.5,311.0,62.1,27.39,95.0,Normal,0,0,0,0,0,Normal operation
ISZ-020,2026-09-08 08:40:00,1212.0,75.3,64.3,50.7,79.3,361.4,63.3,26.87,81.3,Normal,0,0,0,0,0,Normal operation
ISZ-020,2026-09-08 08:50:00,1671.0,55.6,44.2,62.0,83.8,327.3,55.5,27.74,129.1,Normal,0,0,0,0,0,Normal operation
ISZ-020,2026-09-08 09:00:00,1427.0,48.4,47.7,42.4,88.9,316.3,50.1,26.86,83.4,Normal,0,0,0,0,0,Normal operation
ISZ-020,2026-09-08 09:10:00,2026.0,58.5,70.5,51.6,79.3,352.7,71.9,26.88,78.9,Normal,0,0,0,0,0,Normal operation
ISZ-020,2026-09-08 09:20:00,1650.0,58.3,54.4,47.0,89.6,352.7,50.6,27.06,112.9,Normal,0,0,0,0,0,Normal operation
ISZ-020,2026-09-08 09:30:00,1669.0,67.4,78.7,25.2,81.5,356.4,67.3,27.06,98.3,Normal,0,0,0,0,0,Normal operation
ISZ-020,2026-09-08 09:40:00,1264.0,55.0,35.8,75.9,82.2,332.5,63.4,27.18,103.2,Normal,0,0,0,0,0,Normal operation
ISZ-020,2026-09-08 09:50:00,1624.0,59.3,39.7,16.7,89.8,318.4,69.6,26.83,114.6,Normal,0,0,0,0,0,Normal operation
ISZ-020,2026-09-08 10:00:00,539.0,0,7.4,1.6,80.3,251.1,27.8,27.02,18.6,Normal,0,0,0,0,0,Normal operation
ISZ-020,2026-09-08 10:10:00,535.0,0,31.2,6.2,88.5,191.9,27.4,26.67,48.5,Normal,0,0,0,0,0,Normal operation
ISZ-020,2026-09-08 10:20:00,523.0,2.3,15.9,2.1,88.9,179.0,40.1,27.52,37.2,Normal,0,0,1,0,0,Normal operation
ISZ-020,2026-09-08 10:30:00,536.0,0,18.2,3.7,80.3,280.3,30.6,26.6,34.7,Normal,0,0,0,0,0,Normal operation
ISZ-020,2026-09-08 10:40:00,1316.0,32.1,88.3,73.3,87.0,305.6,54.8,26.74,97.8,Normal,0,0,0,0,0,Normal operation
ISZ-020,2026-09-08 10:50:00,1445.0,46.1,73.0,13.3,84.6,329.0,49.7,27.04,78.0,Normal,0,0,0,0,0,Normal operation
ISZ-020,2026-09-08 11:00:00,1397.0,38.2,28.8,32.5,84.1,356.5,68.8,27.4,88.0,Normal,0,0,0,0,0,Normal operation
ISZ-020,2026-09-08 11:10:00,1821.0,43.5,82.8,37.4,89.3,290.7,58.7,26.99,153.4,Normal,0,0,0,0,0,Normal operation
ISZ-020,2026-09-08 11:20:00,1852.0,31.2,20,81.9,85.3,336.5,64.3,27.96,95.7,Normal,0,0,0,0,0,Normal operation
ISZ-020,2026-09-08 11:30:00,800,47.6,69.9,41.4,89.1,337.0,79.4,27.08,58.7,Normal,0,0,0,0,0,Normal operation
ISZ-020,2026-09-08 11:40:00,2060.0,37.4,51.7,52.3,87.9,308.7,62.3,27.79,109.3,Normal,0,0,0,0,0,Normal operation
ISZ-020,2026-09-08 11:50:00,1775.0,41.5,79.4,31.0,84.0,339.3,58.1,27.64,69.2,Normal,0,0,0,0,0,Normal operation
ISZ-020,2026-09-08 12:00:00,800,53.9,37.1,9.4,86.4,303.8,76.7,27.58,118.7,Normal,0,0,0,0,0,Normal operation
ISZ-020,2026-09-08 12:10:00,1949.0,30.7,52.6,36.4,90.9,354.1,52.8,27.03,144.4,Normal,0,0,0,0,0,Normal operation
ISZ-020,2026-09-08 12:20:00,1744.0,50.7,49.7,41.1,89.2,343.2,58.7,27.04,82.4,Normal,0,0,0,0,0,Normal operation
ISZ-020,2026-09-08 12:30:00,1784.0,66.6,64.5,24.4,82.1,351.6,68.8,27.27,85.2,Normal,0,0,0,0,0,Normal operation
ISZ-020,2026-09-08 12:40:00,1875.0,62.3,53.4,62.3,82.9,342.4,73.9,27.78,68.8,Normal,0,0,0,0,0,Normal operation
ISZ-020,2026-09-08 12:50:00,1072.0,52.9,95,39.0,87.4,259.7,74.5,27.29,91.2,Normal,0,0,0,0,0,Normal operation
ISZ-020,2026-09-08 13:00:00,1771.0,51.3,70.2,60.5,83.9,319.0,60.9,26.86,83.7,Normal,0,0,0,0,0,Normal operation
ISZ-020,2026-09-08 13:10:00,1966.0,78.6,48.3,26.9,87.4,330.9,67.2,26.73,39.0,Normal,0,0,0,0,0,Normal operation
ISZ-020,2026-09-08 13:20:00,1581.0,64.8,53.7,39.0,89.8,341.6,68.9,26.95,98.9,Normal,0,0,0,0,0,Normal operation
ISZ-020,2026-09-08 13:30:00,1835.0,38.4,65.1,30.2,84.0,328.2,63.2,26.69,65.8,Normal,0,0,0,0,0,Normal operation
ISZ-020,2026-09-08 13:40:00,1620.0,73.1,31.7,52.8,79.2,358.0,74.4,26.78,76.1,Normal,0,0,0,0,0,Normal operation
ISZ-020,2026-09-08 13:50:00,1030.0,5,66.8,40.4,82.5,360.6,72.7,27.51,113.3,Normal,0,0,0,0,0,Normal operation
ISZ-020,2026-09-08 14:00:00,547.0,0.6,20.2,3.2,88.5,250.6,14.2,27.19,8,Normal,0,0,0,1,0,Normal operation
ISZ-020,2026-09-08 14:10:00,553.0,1.1,15.9,4.9,88.1,334.9,29.2,27.28,24.8,Normal,0,0,1,0,0,Normal operation
ISZ-020,2026-09-08 14:20:00,541.0,2.6,9.7,3.0,92.0,251.0,24.6,28.21,8,Normal,0,0,0,1,0,Normal operation
ISZ-020,2026-09-08 14:30:00,527.0,0.8,19.0,2.4,91.2,261.8,35.2,26.86,19.7,Normal,0,0,1,0,0,Normal operation
ISZ-020,2026-09-08 14:40:00,1792.0,60.9,66.7,73.2,84.0,309.0,65.9,27.05,78.0,Normal,0,0,0,0,0,Normal operation
ISZ-020,2026-09-08 14:50:00,1441.0,27.9,41.9,67.0,94.0,271.5,68.6,27.26,107.4,Normal,0,0,0,0,0,Normal operation
ISZ-020,2026-09-08 15:00:00,1151.0,30.4,76.3,31.9,89.3,309.5,56.7,26.81,75.4,Normal,0,0,0,0,0,Normal operation
ISZ-020,2026-09-08 15:10:00,1913.0,40.8,67.7,43.1,93.9,310.3,75.7,26.88,130.7,Normal,0,0,0,0,0,Normal operation
ISZ-020,2026-09-08 15:20:00,2025.0,35.5,63.6,43.3,85.8,302.1,57.6,27.29,69.9,Normal,0,0,0,0,0,Normal operation
ISZ-020,2026-09-08 15:30:00,1927.0,79.3,37.2,57.4,81.3,328.0,62.1,27.34,113.0,Normal,0,0,0,0,0,Normal operation
ISZ-020,2026-09-08 15:40:00,1419.0,63.8,52.9,54.6,75.3,377.4,60.0,26.98,133.4,Normal,0,0,0,0,0,Normal operation
ISZ-020,2026-09-08 15:50:00,2005.0,62.0,48.2,17.9,90.4,310.3,66.5,26.75,107.6,Normal,0,0,0,0,0,Normal operation
ISZ-020,2026-09-08 16:00:00,1275.0,25.3,56.5,51.7,86.1,345.9,74.9,27.01,64.7,Normal,0,0,0,0,0,Normal operation
ISZ-020,2026-09-08 16:10:00,1642.0,43.3,56.5,43.1,85.9,326.5,57.5,27.81,111.9,Normal,0,0,0,0,0,Normal operation
ISZ-020,2026-09-08 16:20:00,1383.0,5,64.2,41.1,87.9,348.0,59.0,27.64,108.0,Normal,0,0,0,0,0,Normal operation
ISZ-020,2026-09-08 16:30:00,897.0,60.0,70.9,52.1,91.9,283.2,67.6,27.67,120.3,Normal,0,0,0,0,0,Normal operation
ISZ-020,2026-09-08 16:40:00,2360.0,55.1,84.4,67.7,85.4,351.6,62.4,27.33,103.0,Normal,0,0,0,0,0,Normal operation
ISZ-020,2026-09-08 16:50:00,1758.0,38.2,77.9,38.9,81.4,368.0,58.1,27.33,107.2,Normal,0,0,0,0,0,Normal operation
ISZ-020,2026-09-08 17:00:00,1430.0,16.6,25.7,47.5,88.3,338.2,67.4,27.45,90.8,Normal,0,0,0,0,0,Normal operation
ISZ-020,2026-09-08 17:10:00,939.0,63.0,84.4,57.2,87.3,299.7,67.7,26.88,40.3,Normal,0,0,0,0,0,Normal operation
ISZ-020,2026-09-08 17:20:00,1555.0,61.9,73.0,65.7,87.3,340.8,57.0,27.28,76.5,Normal,0,0,0,0,0,Normal operation
ISZ-020,2026-09-08 17:30:00,1328.0,8.8,81.7,38.5,84.1,324.7,58.5,27.69,107.2,Normal,0,0,0,0,0,Normal operation
ISZ-020,2026-09-08 17:40:00,1946.0,46.2,63.2,49.1,86.4,303.0,79.6,27.11,115.4,Normal,0,0,0,0,0,Normal operation
ISZ-020,2026-09-08 17:50:00,1512.0,79.1,47.2,22.7,78.8,358.6,65.0,27.52,72.3,Normal,0,0,0,0,0,Normal operation
ISZ-020,2026-09-08 18:00:00,543.0,0,21.0,1.3,93.1,219.8,27.0,26.96,39.1,Normal,0,0,0,0,0,Normal operation
ISZ-020,2026-09-08 18:10:00,536.0,0,12.3,0.9,85.8,200.9,28.8,27.86,18.4,Normal,0,0,0,0,0,Normal operation
ISZ-020,2026-09-08 18:20:00,562.0,2.5,13.2,0,88.0,229.6,21.8,26.88,55.9,Normal,0,0,1,1,0,Normal operation
ISZ-020,2026-09-08 18:30:00,559.0,0,19.3,1.3,84.9,275.8,18.4,27.38,16.4,Normal,0,0,1,1,0,Normal operation
ISZ-020,2026-09-08 18:40:00,1608.0,78.0,83.3,53.6,90.9,350.3,48.1,27.45,124.2,Normal,0,0,0,0,0,Normal operation
ISZ-020,2026-09-08 18:50:00,1362.0,95,63.5,60.9,90.2,300.1,69.6,27.09,89.8,Normal,0,0,0,0,0,Normal operation
ISZ-020,2026-09-08 19:00:00,1078.0,51.9,55.9,30.4,94.6,322.5,65.6,27.12,75.2,Normal,0,0,0,0,0,Normal operation
ISZ-020,2026-09-08 19:10:00,1826.0,70.3,79.3,46.8,87.2,275.9,52.7,27.65,100.0,Normal,0,0,0,0,0,Normal operation
ISZ-020,2026-09-08 19:20:00,1382.0,33.5,51.4,74.5,86.3,300.3,55.0,27.46,113.6,Normal,0,0,0,0,0,Normal operation
ISZ-020,2026-09-08 19:30:00,1723.0,57.1,51.6,43.8,91.1,393.1,53.2,27.72,132.8,Normal,0,0,0,0,0,Normal operation
ISZ-020,2026-09-08 19:40:00,1153.0,16.4,76.7,36.6,93.5,336.9,71.2,27.9,92.2,Normal,0,0,0,0,0,Normal operation
ISZ-020,2026-09-08 19:50:00,1619.0,21.8,65.9,64.6,89.1,332.9,63.6,27.21,101.3,Normal,0,0,0,0,0,Normal operation
ISZ-020,2026-09-08 20:00:00,1535.0,43.9,77.3,53.9,92.1,347.9,71.6,27.59,85.6,Normal,0,0,0,0,0,Normal operation
ISZ-020,2026-09-08 20:10:00,1756.0,53.5,65.7,63.1,91.9,359.0,73.7,27.15,101.7,Normal,0,0,0,0,0,Normal operation
ISZ-020,2026-09-08 20:20:00,1531.0,60.9,67.7,52.1,87.8,365.9,74.7,27.89,104.4,Normal,0,0,0,0,0,Normal operation
ISZ-020,2026-09-08 20:30:00,1517.0,33.0,45.0,55.9,89.6,351.7,57.7,27.44,71.4,Normal,0,0,0,0,0,Normal operation
ISZ-020,2026-09-08 20:40:00,2222.0,52.0,69.7,42.4,88.4,271.5,62.1,27.57,92.0,Normal,0,0,0,0,0,Normal operation
ISZ-020,2026-09-08 20:50:00,2020.0,76.1,66.9,31.9,86.1,297.5,65.7,26.98,119.6,Normal,0,0,0,0,0,Normal operation
ISZ-020,2026-09-08 21:00:00,1418.0,64.3,51.1,39.2,87.9,307.1,62.5,26.87,145.8,Normal,0,0,0,0,0,Normal operation
ISZ-020,2026-09-08 21:10:00,1821.0,63.1,91.2,48.2,84.7,314.1,51.0,27.69,117.9,Normal,0,0,0,0,0,Normal operation
ISZ-020,2026-09-08 21:20:00,1329.0,72.0,32.3,33.6,86.1,360.1,69.2,26.15,130.5,Normal,0,0,0,0,0,Normal operation
ISZ-020,2026-09-08 21:30:00,1400.0,33.5,77.3,60.8,92.0,297.2,60.2,27.24,76.8,Normal,0,0,0,0,0,Normal operation
ISZ-020,2026-09-08 21:40:00,1526.0,32.8,60.1,72.0,90.6,324.7,59.0,27.12,134.2,Normal,0,0,0,0,0,Normal operation
ISZ-020,2026-09-08 21:50:00,1380.0,60.0,51.5,16.5,88.5,382.6,62.0,26.68,81.4,Normal,0,0,0,0,0,Normal operation
ISZ-020,2026-09-08 22:00:00,538.0,0.6,14.7,0,78.0,226.3,19.1,27.39,31.9,Normal,0,0,0,1,0,Normal operation
ISZ-020,2026-09-08 22:10:00,565.0,3.7,18.1,1.6,83.9,290.8,29.3,26.75,62.8,Normal,0,0,1,0,0,Normal operation
ISZ-020,2026-09-08 22:20:00,546.0,1.1,13.6,2.7,80.0,218.6,28.3,27.22,34.5,Normal,0,0,0,0,0,Normal operation
ISZ-020,2026-09-08 22:30:00,540.0,0.8,21.4,4.2,83.5,292.1,34.0,27.19,97.0,Normal,0,0,0,0,0,Normal operation
ISZ-020,2026-09-08 22:40:00,1556.0,53.9,48.9,8.5,82.2,383.1,55.4,27.34,144.7,Normal,0,0,0,0,0,Normal operation
ISZ-020,2026-09-08 22:50:00,1964.0,50.7,55.8,24.7,86.0,316.9,71.3,27.12,73.0,Normal,0,0,0,0,0,Normal operation
ISZ-020,2026-09-08 23:00:00,2008.0,52.7,33.4,33.1,84.6,350.2,66.2,27.04,82.0,Normal,0,0,0,0,0,Normal operation
ISZ-020,2026-09-08 23:10:00,1345.0,50.4,47.2,29.6,83.7,340.2,60.8,27.34,90.4,Normal,0,0,0,0,0,Normal operation
ISZ-020,2026-09-08 23:20:00,1324.0,25.4,55.5,65.7,85.7,358.9,70.3,27.38,91.2,Normal,0,0,0,0,0,Normal operation
ISZ-020,2026-09-08 23:30:00,800,46.2,80.0,32.6,83.9,309.1,63.1,27.82,89.7,Normal,0,0,0,0,0,Normal operation
ISZ-020,2026-09-08 23:40:00,1053.0,67.0,51.0,73.1,82.3,324.6,73.6,26.83,117.7,Normal,0,0,0,0,0,Normal operation
ISZ-020,2026-09-08 23:50:00,1737.0,59.7,47.3,66.7,85.9,347.7,64.5,27.94,63.1,Normal,0,0,0,0,0,Normal operation
ISZ-020,2026-09-09 00:00:00,1906.0,32.0,72.1,31.2,85.3,314.4,69.8,27.34,87.5,Normal,0,0,0,0,0,Normal operation
ISZ-020,2026-09-09 00:10:00,946.0,33.5,85.5,44.6,91.2,350.6,66.8,27.14,69.8,Normal,0,0,0,0,0,Normal operation
ISZ-020,2026-09-09 00:20:00,1387.0,40.7,49.1,22.2,83.5,328.3,73.7,27.47,85.8,Normal,0,0,0,0,0,Normal operation
ISZ-020,2026-09-09 00:30:00,1128.0,39.8,87.5,49.8,77.5,355.6,60.1,27.82,109.9,Normal,0,0,0,0,0,Normal operation
ISZ-020,2026-09-09 00:40:00,1618.0,72.4,79.8,24.0,89.5,327.4,57.5,28.04,73.5,Normal,0,0,0,0,0,Normal operation
ISZ-020,2026-09-09 00:50:00,1322.0,69.6,54.1,25.2,87.0,300.7,57.5,28.07,94.6,Normal,0,0,0,0,0,Normal operation
ISZ-020,2026-09-09 01:00:00,1735.0,50.4,51.6,12.0,89.7,305.2,68.4,26.9,113.8,Normal,0,0,0,0,0,Normal operation
ISZ-020,2026-09-09 01:10:00,1882.0,43.4,51.3,54.3,88.3,323.4,67.1,26.72,89.7,Normal,0,0,0,0,0,Normal operation
ISZ-020,2026-09-09 01:20:00,2017.0,55.3,67.6,89.0,87.1,270.9,68.1,27.22,60.8,Normal,0,0,0,0,0,Normal operation
ISZ-020,2026-09-09 01:30:00,945.0,61.9,66.9,48.1,88.1,308.6,66.6,27.12,79.2,Normal,0,0,0,0,0,Normal operation
ISZ-020,2026-09-09 01:40:00,1381.0,55.4,48.1,8,88.9,351.3,60.1,27.04,91.6,Normal,0,0,0,0,0,Normal operation
ISZ-020,2026-09-09 01:50:00,1977.0,19.6,73.1,78.7,89.1,365.4,71.3,27.98,133.3,Normal,0,0,0,0,0,Normal operation
ISZ-021,2026-09-08 06:00:00,558.0,3.0,22.4,1.7,93.4,246.4,23.6,26.94,8,Normal,0,0,1,1,0,Normal operation
ISZ-021,2026-09-08 06:10:00,537.0,0.8,18.0,3.0,86.6,227.6,26.3,27.07,30.7,Normal,0,0,0,0,0,Normal operation
ISZ-021,2026-09-08 06:20:00,540.0,5.1,7.1,5.2,86.7,248.6,42.6,27.04,8,Normal,0,0,0,0,0,Normal operation
ISZ-021,2026-09-08 06:30:00,530.0,2.8,12.7,3.5,83.4,243.6,38.2,27.09,25.6,Normal,0,0,1,0,0,Normal operation
ISZ-021,2026-09-08 06:40:00,1576.0,54.3,61.3,8,88.2,337.0,79.5,27.82,81.8,Normal,0,0,0,0,0,Normal operation
ISZ-021,2026-09-08 06:50:00,944.0,61.6,34.1,72.4,94.6,340.6,50.9,27.95,102.4,Normal,0,0,0,0,0,Normal operation
ISZ-021,2026-09-08 07:00:00,1020.0,29.9,53.9,23.9,92.0,302.1,65.9,26.88,112.3,Normal,0,0,0,0,0,Normal operation
ISZ-021,2026-09-08 07:10:00,1231.0,80.8,81.5,67.8,96.8,312.3,60.4,27.24,63.5,Normal,0,0,0,0,0,Normal operation
ISZ-021,2026-09-08 07:20:00,1407.0,80.8,65.0,38.7,82.2,364.8,57.9,27.62,84.7,Normal,0,0,0,0,0,Normal operation
ISZ-021,2026-09-08 07:30:00,1887.0,61.7,78.7,56.7,89.3,311.1,80.0,27.61,99.3,Normal,0,0,0,0,0,Normal operation
ISZ-021,2026-09-08 07:40:00,2136.0,43.3,48.6,23.0,84.5,333.3,59.8,27.36,131.1,Normal,0,0,0,0,0,Normal operation
ISZ-021,2026-09-08 07:50:00,1044.0,66.5,47.1,74.0,85.2,322.3,64.8,27.52,96.1,Normal,0,0,0,0,0,Normal operation
ISZ-021,2026-09-08 08:00:00,1767.0,61.7,43.1,27.2,88.7,340.9,78.2,27.59,48.4,Normal,0,0,0,0,0,Normal operation
ISZ-021,2026-09-08 08:10:00,1714.0,64.8,46.1,47.8,84.6,335.2,54.0,26.88,78.3,Normal,0,0,0,0,0,Normal operation
ISZ-021,2026-09-08 08:20:00,2145.0,58.0,59.2,39.5,87.2,396.3,51.3,27.27,61.2,Normal,0,0,0,0,0,Normal operation
ISZ-021,2026-09-08 08:30:00,926.0,59.9,65.7,29.1,86.9,339.2,56.4,27.3,118.7,Normal,0,0,0,0,0,Normal operation
ISZ-021,2026-09-08 08:40:00,1423.0,51.2,52.4,27.1,84.7,309.3,67.4,26.95,101.6,Normal,0,0,0,0,0,Normal operation
ISZ-021,2026-09-08 08:50:00,1420.0,30.8,74.5,20.9,88.9,314.0,68.4,27.95,120.3,Normal,0,0,0,0,0,Normal operation
ISZ-021,2026-09-08 09:00:00,800,49.2,54.5,8,87.0,341.7,56.1,28.09,126.0,Normal,0,0,0,0,0,Normal operation
ISZ-021,2026-09-08 09:10:00,958.0,72.4,77.7,50.6,87.5,305.6,54.3,27.26,123.9,Normal,0,0,0,0,0,Normal operation
ISZ-021,2026-09-08 09:20:00,986.0,88.3,78.5,30.3,87.3,319.9,71.8,26.81,131.7,Normal,0,0,0,0,0,Normal operation
ISZ-021,2026-09-08 09:30:00,2291.0,31.3,76.9,67.9,84.1,331.6,57.4,27.6,122.0,Normal,0,0,0,0,0,Normal operation
ISZ-021,2026-09-08 09:40:00,946.0,38.6,53.4,55.2,83.3,340.2,68.1,27.39,62.8,Normal,0,0,0,0,0,Normal operation
ISZ-021,2026-09-08 09:50:00,2091.0,56.6,57.4,70.0,92.7,340.6,80.2,27.68,70.1,Normal,0,0,0,0,0,Normal operation
ISZ-021,2026-09-08 10:00:00,546.0,2.8,11.8,0.2,89.3,287.8,18.6,26.97,23.4,Normal,0,0,0,1,0,Normal operation
ISZ-021,2026-09-08 10:10:00,536.0,0,22.3,0,83.1,246.7,25.0,27.63,24.3,Normal,0,0,0,0,0,Normal operation
ISZ-021,2026-09-08 10:20:00,541.0,0.2,12.1,3.5,87.8,171.7,19.0,27.46,44.3,Normal,0,0,0,1,0,Normal operation
ISZ-021,2026-09-08 10:30:00,545.0,1.3,14.0,0,93.2,220.4,31.0,27.0,21.3,Normal,0,0,0,0,0,Normal operation
ISZ-021,2026-09-08 10:40:00,2049.0,53.0,95,51.3,86.3,347.2,65.2,26.89,34.0,Normal,0,0,0,0,0,Normal operation
ISZ-021,2026-09-08 10:50:00,1323.0,68.7,40.3,79.8,86.7,338.6,54.4,26.27,89.2,Normal,0,0,0,0,0,Normal operation
ISZ-021,2026-09-08 11:00:00,1543.0,63.6,58.0,21.1,87.8,331.1,45.0,27.31,89.7,Normal,0,0,0,0,0,Normal operation
ISZ-021,2026-09-08 11:10:00,1614.0,40.3,91.3,70.0,92.1,295.3,57.9,27.03,67.0,Normal,0,0,0,0,0,Normal operation
ISZ-021,2026-09-08 11:20:00,1334.0,54.2,74.6,14.3,84.0,277.0,55.2,27.54,96.4,Normal,0,0,0,0,0,Normal operation
ISZ-021,2026-09-08 11:30:00,2054.0,66.1,56.8,28.9,84.9,312.4,59.6,27.03,89.9,Normal,0,0,0,0,0,Normal operation
ISZ-021,2026-09-08 11:40:00,1458.0,14.5,76.8,89.8,82.6,333.5,52.0,27.98,74.2,Normal,0,0,0,0,0,Normal operation
ISZ-021,2026-09-08 11:50:00,1367.0,35.9,81.5,69.3,86.2,358.4,51.2,26.6,48.6,Normal,0,0,0,0,0,Normal operation
ISZ-021,2026-09-08 12:00:00,1947.0,42.7,83.5,23.7,84.3,341.9,74.0,27.37,36.6,Normal,0,0,0,0,0,Normal operation
ISZ-021,2026-09-08 12:10:00,1339.0,49.9,25.9,24.9,98.7,345.2,77.6,26.91,108.9,Normal,0,0,0,0,0,Normal operation
ISZ-021,2026-09-08 12:20:00,1725.0,67.5,60.3,45.3,94.1,316.8,74.2,27.76,103.3,Normal,0,0,0,0,0,Normal operation
ISZ-021,2026-09-08 12:30:00,1600.0,37.5,52.4,51.6,84.1,359.5,64.5,26.62,84.5,Normal,0,0,0,0,0,Normal operation
ISZ-021,2026-09-08 12:40:00,1471.0,60.4,86.0,44.4,91.1,350.3,59.9,27.35,54.3,Normal,0,0,0,0,0,Normal operation
ISZ-021,2026-09-08 12:50:00,1729.0,43.2,75.7,39.0,83.3,275.1,73.1,26.5,44.5,Normal,0,0,0,0,0,Normal operation
ISZ-021,2026-09-08 13:00:00,811.0,26.7,95,67.6,80.9,328.2,70.6,27.62,140.4,Normal,0,0,0,0,0,Normal operation
ISZ-021,2026-09-08 13:10:00,1600.0,72.8,76.8,36.1,80.6,338.1,69.2,27.58,105.1,Normal,0,0,0,0,0,Normal operation
ISZ-021,2026-09-08 13:20:00,987.0,49.2,49.2,25.0,84.5,306.4,51.9,26.78,105.4,Normal,0,0,0,0,0,Normal operation
ISZ-021,2026-09-08 13:30:00,1156.0,44.2,37.0,8,91.7,394.5,70.0,27.58,111.5,Normal,0,0,0,0,0,Normal operation
ISZ-021,2026-09-08 13:40:00,1449.0,83.6,59.8,63.5,86.6,300.3,60.1,27.49,68.9,Normal,0,0,0,0,0,Normal operation
ISZ-021,2026-09-08 13:50:00,1415.0,59.7,72.1,63.7,89.2,331.8,61.7,27.18,73.3,Normal,0,0,0,0,0,Normal operation
ISZ-021,2026-09-08 14:00:00,553.0,0.9,13.5,0.7,87.8,232.7,22.4,26.99,8,Normal,0,0,1,1,0,Normal operation
ISZ-021,2026-09-08 14:10:00,547.0,0,27.8,0,89.0,250.9,28.4,27.47,10.0,Normal,0,0,0,0,0,Normal operation
ISZ-021,2026-09-08 14:20:00,536.0,0,14.8,0.0,80.3,255.9,34.6,26.77,39.7,Normal,0,0,0,0,0,Normal operation
ISZ-021,2026-09-08 14:30:00,534.0,5.1,10.9,5.2,81.0,228.9,26.4,27.19,35.2,Normal,0,0,0,0,0,Normal operation
ISZ-021,2026-09-08 14:40:00,2128.0,42.1,34.7,15.0,82.7,293.7,76.7,26.38,115.4,Normal,0,0,0,0,0,Normal operation
ISZ-021,2026-09-08 14:50:00,1393.0,36.5,67.6,56.9,84.0,371.6,65.5,27.32,101.4,Normal,0,0,0,0,0,Normal operation
ISZ-021,2026-09-08 15:00:00,2416.0,91.2,46.8,55.1,95.9,351.3,65.8,27.33,74.6,Normal,0,0,0,0,0,Normal operation
ISZ-021,2026-09-08 15:10:00,1171.0,51.4,67.1,33.4,87.0,337.0,65.9,27.84,127.6,Normal,0,0,0,0,0,Normal operation
ISZ-021,2026-09-08 15:20:00,1843.0,59.8,54.1,27.8,92.9,336.6,72.9,26.48,113.0,Normal,0,0,0,0,0,Normal operation
ISZ-021,2026-09-08 15:30:00,1728.0,50.2,81.8,64.0,89.6,359.7,67.5,27.45,89.9,Normal,0,0,0,0,0,Normal operation
ISZ-021,2026-09-08 15:40:00,2019.0,50.4,72.0,97.0,91.6,332.4,68.2,27.16,71.6,Normal,0,0,0,0,0,Normal operation
ISZ-021,2026-09-08 15:50:00,1764.0,31.5,46.8,73.8,89.2,358.5,66.8,26.83,112.6,Normal,0,0,0,0,0,Normal operation
ISZ-021,2026-09-08 16:00:00,1702.0,54.4,64.2,33.7,85.2,306.8,56.1,27.3,117.9,Normal,0,0,0,0,0,Normal operation
ISZ-021,2026-09-08 16:10:00,1427.0,89.9,32.7,26.9,80.8,311.2,62.3,26.58,119.5,Normal,0,0,0,0,0,Normal operation
ISZ-021,2026-09-08 16:20:00,1321.0,41.2,67.9,11.7,82.3,315.4,70.1,27.29,75.2,Normal,0,0,0,0,0,Normal operation
ISZ-021,2026-09-08 16:30:00,1473.0,35.5,48.2,75.3,87.6,342.6,52.2,27.16,78.1,Normal,0,0,0,0,0,Normal operation
ISZ-021,2026-09-08 16:40:00,2250.0,74.3,73.1,15.1,86.1,350.7,61.6,28.79,110.6,Normal,0,0,0,0,0,Normal operation
ISZ-021,2026-09-08 16:50:00,1262.0,55.5,76.5,95.1,83.5,358.1,62.3,27.17,54.1,Normal,0,0,0,0,0,Normal operation
ISZ-021,2026-09-08 17:00:00,1578.0,43.6,75.2,30.7,89.8,350.6,66.8,27.17,104.3,Normal,0,0,0,0,0,Normal operation
ISZ-021,2026-09-08 17:10:00,1534.0,32.2,20,65.1,87.8,342.5,56.7,27.55,82.5,Normal,0,0,0,0,0,Normal operation
ISZ-021,2026-09-08 17:20:00,1511.0,20.1,57.7,16.4,87.1,348.6,60.9,27.23,119.7,Normal,0,0,0,0,0,Normal operation
ISZ-021,2026-09-08 17:30:00,1117.0,54.6,42.1,73.5,83.9,304.5,70.1,26.95,85.9,Normal,0,0,0,0,0,Normal operation
ISZ-021,2026-09-08 17:40:00,1519.0,67.8,63.6,58.0,80.0,400.5,61.5,27.38,148.3,Normal,0,0,0,0,0,Normal operation
ISZ-021,2026-09-08 17:50:00,1890.0,69.4,52.4,49.0,82.2,323.3,71.4,27.62,103.3,Normal,0,0,0,0,0,Normal operation
ISZ-021,2026-09-08 18:00:00,545.0,2.9,18.8,4.7,92.2,266.3,35.2,26.82,61.0,Normal,0,0,0,0,0,Normal operation
ISZ-021,2026-09-08 18:10:00,552.0,0,23.8,4.1,88.8,254.1,24.0,27.42,37.8,Normal,0,0,1,1,0,Normal operation
ISZ-021,2026-09-08 18:20:00,558.0,1.3,23.0,4.5,87.5,230.6,29.0,26.89,8,Normal,0,0,1,0,0,Normal operation
ISZ-021,2026-09-08 18:30:00,531.0,0,10.4,2.2,87.1,213.8,41.0,27.67,25.5,Normal,0,0,0,0,0,Normal operation
ISZ-021,2026-09-08 18:40:00,1757.0,18.3,58.5,27.2,86.0,305.0,56.3,26.48,62.1,Normal,0,0,0,0,0,Normal operation
ISZ-021,2026-09-08 18:50:00,1989.0,58.9,45.8,54.6,88.4,324.8,62.9,27.72,51.5,Normal,0,0,0,0,0,Normal operation
ISZ-021,2026-09-08 19:00:00,1839.0,77.0,43.5,23.1,89.1,180.5,52.0,28.01,45.2,Normal,1,1,0,0,0,Low oil pressure
ISZ-021,2026-09-08 19:10:00,1366.0,59.6,30.0,47.2,83.9,169.0,64.7,28.21,134.0,Normal,1,1,0,0,0,Low oil pressure
ISZ-021,2026-09-08 19:20:00,1426.0,37.8,41.1,64.8,88.2,133.0,68.6,27.22,85.5,Normal,1,1,0,0,0,Low oil pressure
ISZ-021,2026-09-08 19:30:00,1472.0,6.3,83.1,61.3,87.8,155.8,59.1,26.42,91.5,Normal,1,1,0,0,0,Low oil pressure
ISZ-021,2026-09-08 19:40:00,925.0,15.5,52.0,63.2,80.7,176.1,64.4,27.48,97.3,Normal,1,0,0,0,0,Low oil pressure
ISZ-021,2026-09-08 19:50:00,1425.0,67.0,85.0,82.2,88.5,161.6,74.5,26.97,87.0,Normal,1,1,0,0,0,Low oil pressure
ISZ-021,2026-09-08 20:00:00,1030.0,57.1,64.0,65.6,91.6,167.2,59.3,27.13,104.2,Normal,1,0,0,0,0,Low oil pressure
ISZ-021,2026-09-08 20:10:00,1080.0,34.6,56.1,44.7,80.9,137.1,69.3,27.49,134.4,Normal,1,0,0,0,0,Low oil pressure
ISZ-021,2026-09-08 20:20:00,800,46.5,54.6,69.7,94.1,185.5,59.4,27.69,133.6,Normal,1,0,0,0,0,Low oil pressure
ISZ-021,2026-09-08 20:30:00,1355.0,40.9,44.4,40.1,85.8,160.6,56.5,27.52,111.0,Normal,1,1,0,0,0,Low oil pressure
ISZ-021,2026-09-08 20:40:00,2133.0,54.9,63.8,39.0,95.2,174.9,55.8,27.26,57.2,Normal,1,1,0,0,0,Low oil pressure
ISZ-021,2026-09-08 20:50:00,1653.0,45.5,64.9,36.2,86.6,130.4,53.9,27.23,51.1,Normal,1,1,0,0,0,Low oil pressure
ISZ-021,2026-09-08 21:00:00,1456.0,30.5,77.8,33.0,89.2,160.3,76.1,26.98,90.8,Normal,1,1,0,0,0,Low oil pressure
ISZ-021,2026-09-08 21:10:00,1915.0,42.9,54.5,8,82.6,144.1,57.0,27.55,114.1,Normal,1,1,0,0,0,Low oil pressure
ISZ-021,2026-09-08 21:20:00,900.0,11.9,58.4,41.3,95.7,149.8,55.8,26.83,68.6,Normal,1,0,0,0,0,Low oil pressure
ISZ-021,2026-09-08 21:30:00,1408.0,43.5,59.8,61.7,82.7,189.7,56.3,26.95,114.6,Normal,1,1,0,0,0,Low oil pressure
ISZ-021,2026-09-08 21:40:00,2103.0,59.0,53.3,42.9,91.8,165.6,65.5,26.59,133.5,Normal,1,1,0,0,0,Low oil pressure
ISZ-021,2026-09-08 21:50:00,1636.0,57.9,41.6,59.8,86.4,195.4,65.5,28.26,87.1,Normal,1,1,0,0,0,Low oil pressure
ISZ-021,2026-09-08 22:00:00,534.0,0,5.9,3.7,90.7,192.8,41.5,27.47,23.3,Normal,1,0,0,0,0,Low oil pressure
ISZ-021,2026-09-08 22:10:00,535.0,5.6,21.4,3.2,90.5,188.1,36.7,27.08,18.7,Normal,1,0,0,0,0,Low oil pressure
ISZ-021,2026-09-08 22:20:00,530.0,1.9,19.7,0,82.4,192.0,21.1,26.99,49.4,Normal,1,0,1,1,0,Low oil pressure
ISZ-021,2026-09-08 22:30:00,536.0,1.3,25.0,2.3,86.4,190.9,21.5,27.35,25.8,Normal,1,0,0,1,0,Low oil pressure
ISZ-021,2026-09-08 22:40:00,800,73.4,42.4,47.7,78.2,157.0,68.1,26.49,92.0,Normal,1,0,0,0,0,Low oil pressure
ISZ-021,2026-09-08 22:50:00,800,71.7,68.3,54.4,85.5,197.2,68.5,27.39,117.2,Normal,1,0,0,0,0,Low oil pressure
ISZ-021,2026-09-08 23:00:00,844.0,48.3,44.4,22.2,83.9,130.2,53.4,27.22,106.2,Normal,1,0,0,0,0,Low oil pressure
ISZ-021,2026-09-08 23:10:00,1126.0,36.3,66.4,94.4,87.6,159.9,57.4,27.32,82.8,Normal,1,0,0,0,0,Low oil pressure
ISZ-021,2026-09-08 23:20:00,1269.0,44.3,32.3,9.6,87.2,169.0,63.4,26.91,115.2,Normal,1,0,0,0,0,Low oil pressure
ISZ-021,2026-09-08 23:30:00,800,43.9,47.6,76.4,89.2,132.0,59.3,26.85,124.6,Normal,1,0,0,0,0,Low oil pressure
ISZ-021,2026-09-08 23:40:00,2020.0,35.7,28.0,58.0,88.5,145.3,67.9,27.62,56.7,Normal,1,1,0,0,0,Low oil pressure
ISZ-021,2026-09-08 23:50:00,1325.0,88.4,46.0,73.7,90.9,160.5,40.6,27.32,75.3,Normal,1,1,0,0,0,Low oil pressure
ISZ-021,2026-09-09 00:00:00,1209.0,25.7,56.1,18.1,86.4,162.3,65.0,27.06,51.1,Normal,1,0,0,0,0,Low oil pressure
ISZ-021,2026-09-09 00:10:00,1450.0,39.2,28.1,23.9,85.8,167.5,73.0,26.74,53.6,Normal,1,1,0,0,0,Low oil pressure
ISZ-021,2026-09-09 00:20:00,1705.0,54.2,66.8,36.4,91.8,187.4,56.8,27.82,90.6,Normal,1,1,0,0,0,Low oil pressure
ISZ-021,2026-09-09 00:30:00,1326.0,22.4,95,62.0,87.0,131.9,62.6,27.32,136.7,Normal,1,1,0,0,0,Low oil pressure
ISZ-021,2026-09-09 00:40:00,1936.0,22.3,46.7,55.1,81.6,178.4,64.4,26.86,86.0,Normal,1,1,0,0,0,Low oil pressure
ISZ-021,2026-09-09 00:50:00,1381.0,48.8,44.3,50.4,91.8,200.0,67.7,27.39,118.0,Normal,1,1,0,0,0,Low oil pressure
ISZ-021,2026-09-09 01:00:00,1216.0,41.3,36.4,59.7,84.0,183.4,62.7,26.94,27.6,Normal,1,0,0,0,0,Low oil pressure
ISZ-021,2026-09-09 01:10:00,888.0,46.0,75.9,66.5,80.1,182.0,51.7,27.18,88.2,Normal,1,0,0,0,0,Low oil pressure
ISZ-021,2026-09-09 01:20:00,2185.0,63.5,74.9,9.7,90.0,157.9,63.8,27.09,78.4,Normal,1,1,0,0,0,Low oil pressure
ISZ-021,2026-09-09 01:30:00,1040.0,44.6,83.2,31.9,90.8,130.5,75.1,26.89,82.3,Normal,1,0,0,0,0,Low oil pressure
ISZ-021,2026-09-09 01:40:00,1548.0,46.7,50.3,37.7,83.7,169.6,71.7,27.12,109.1,Normal,1,1,0,0,0,Low oil pressure
ISZ-021,2026-09-09 01:50:00,1598.0,19.9,20,8,87.0,192.6,56.5,26.85,101.6,Normal,1,1,0,0,0,Low oil pressure
ISZ-022,2026-09-08 06:00:00,542.0,0,11.1,1.7,84.7,232.3,31.1,27.86,16.3,Normal,0,0,0,0,0,Normal operation
ISZ-022,2026-09-08 06:10:00,542.0,3.4,7.0,0,85.5,262.3,36.8,28.24,8,Normal,0,0,0,0,0,Normal operation
ISZ-022,2026-09-08 06:20:00,549.0,1.5,19.3,4.3,85.4,265.6,32.0,27.02,8,Normal,0,0,0,0,0,Normal operation
ISZ-022,2026-09-08 06:30:00,550.0,0.2,27.9,2.4,90.5,197.9,29.1,27.36,27.0,Normal,0,0,0,0,0,Normal operation
ISZ-022,2026-09-08 06:40:00,1104.0,73.0,63.3,63.6,86.5,345.7,68.7,27.83,113.2,Normal,0,0,0,0,0,Normal operation
ISZ-022,2026-09-08 06:50:00,1997.0,69.2,39.5,14.6,93.5,322.7,68.2,26.6,97.1,Normal,0,0,0,0,0,Normal operation
ISZ-022,2026-09-08 07:00:00,2212.0,41.3,59.3,28.1,87.2,292.0,56.4,27.77,74.6,Normal,0,0,0,0,0,Normal operation
ISZ-022,2026-09-08 07:10:00,1317.0,53.9,61.1,38.2,85.3,373.9,61.6,27.24,79.7,Normal,0,0,0,0,0,Normal operation
ISZ-022,2026-09-08 07:20:00,959.0,87.6,74.0,37.1,85.3,356.0,59.4,27.31,80.8,Normal,0,0,0,0,0,Normal operation
ISZ-022,2026-09-08 07:30:00,1288.0,62.8,51.1,33.5,83.7,356.1,66.5,27.44,92.2,Normal,0,0,0,0,0,Normal operation
ISZ-022,2026-09-08 07:40:00,1391.0,56.1,90.3,66.1,86.2,338.1,58.7,27.23,70.3,Normal,0,0,0,0,0,Normal operation
ISZ-022,2026-09-08 07:50:00,1341.0,52.1,72.7,25.8,81.2,336.6,61.9,28.22,60.2,Normal,0,0,0,0,0,Normal operation
ISZ-022,2026-09-08 08:00:00,1182.0,41.5,29.4,46.6,90.4,333.9,69.8,26.74,73.0,Normal,0,0,0,0,0,Normal operation
ISZ-022,2026-09-08 08:10:00,1695.0,29.6,32.6,21.1,90.5,338.5,61.0,27.81,92.6,Normal,0,0,0,0,0,Normal operation
ISZ-022,2026-09-08 08:20:00,1902.0,63.8,66.8,12.9,90.1,264.7,69.2,27.1,124.7,Normal,0,0,0,0,0,Normal operation
ISZ-022,2026-09-08 08:30:00,1898.0,62.8,44.1,33.0,87.3,356.0,63.9,26.61,90.4,Normal,0,0,0,0,0,Normal operation
ISZ-022,2026-09-08 08:40:00,1482.0,56.7,46.7,73.8,89.9,320.4,79.7,27.66,105.6,Normal,0,0,0,0,0,Normal operation
ISZ-022,2026-09-08 08:50:00,1640.0,45.9,46.1,25.0,89.1,374.3,47.8,27.38,101.2,Normal,0,0,0,0,0,Normal operation
ISZ-022,2026-09-08 09:00:00,2031.0,52.5,63.5,38.0,90.2,346.8,60.2,26.62,73.0,Normal,0,0,0,0,0,Normal operation
ISZ-022,2026-09-08 09:10:00,1778.0,54.5,63.8,8,80.7,348.0,65.8,27.53,85.8,Normal,0,0,0,0,0,Normal operation
ISZ-022,2026-09-08 09:20:00,1180.0,53.7,72.6,70.2,86.9,332.9,49.2,26.7,124.4,Normal,0,0,0,0,0,Normal operation
ISZ-022,2026-09-08 09:30:00,1538.0,56.9,40.5,42.0,80.1,299.9,67.9,27.24,98.4,Normal,0,0,0,0,0,Normal operation
ISZ-022,2026-09-08 09:40:00,2595.0,25.4,65.3,77.4,86.7,368.2,60.4,27.34,85.3,Normal,0,0,0,0,0,Normal operation
ISZ-022,2026-09-08 09:50:00,2304.0,75.3,73.8,51.2,86.8,328.1,60.7,26.63,118.2,Normal,0,0,0,0,0,Normal operation
ISZ-022,2026-09-08 10:00:00,538.0,0,22.8,1.4,92.1,254.0,26.4,27.53,70.9,Normal,0,0,0,0,0,Normal operation
ISZ-022,2026-09-08 10:10:00,547.0,1.3,14.8,4.6,77.6,228.2,32.7,25.89,48.4,Normal,0,0,0,0,0,Normal operation
ISZ-022,2026-09-08 10:20:00,536.0,0,27.1,1.5,87.8,257.5,34.4,26.49,46.0,Normal,0,0,0,0,0,Normal operation
ISZ-022,2026-09-08 10:30:00,524.0,0.8,16.3,1.3,88.9,191.8,22.3,26.7,74.1,Normal,0,0,1,1,0,Normal operation
ISZ-022,2026-09-08 10:40:00,1953.0,56.0,61.8,36.3,88.6,312.4,66.8,27.0,118.7,Normal,0,0,0,0,0,Normal operation
ISZ-022,2026-09-08 10:50:00,1611.0,15.8,95,47.2,85.7,338.5,65.4,27.4,102.7,Normal,0,0,0,0,0,Normal operation
ISZ-022,2026-09-08 11:00:00,1254.0,50.1,69.9,43.5,82.9,306.5,73.9,26.96,63.5,Normal,0,0,0,0,0,Normal operation
ISZ-022,2026-09-08 11:10:00,1618.0,81.1,75.3,44.4,87.5,319.8,70.8,27.2,100.6,Normal,0,0,0,0,0,Normal operation
ISZ-022,2026-09-08 11:20:00,1879.0,33.4,73.9,66.9,85.4,335.1,72.9,27.19,144.3,Normal,0,0,0,0,0,Normal operation
ISZ-022,2026-09-08 11:30:00,1727.0,53.2,62.5,42.5,86.6,309.9,69.6,27.22,84.4,Normal,0,0,0,0,0,Normal operation
ISZ-022,2026-09-08 11:40:00,1661.0,18.0,71.4,37.7,89.9,361.3,68.4,26.79,91.1,Normal,0,0,0,0,0,Normal operation
ISZ-022,2026-09-08 11:50:00,1581.0,45.5,37.7,39.4,81.0,301.3,68.0,27.29,102.6,Normal,0,0,0,0,0,Normal operation
ISZ-022,2026-09-08 12:00:00,1518.0,71.4,60.0,35.2,84.1,320.0,60.4,26.77,96.2,Normal,0,0,0,0,0,Normal operation
ISZ-022,2026-09-08 12:10:00,1086.0,48.5,40.9,44.7,91.4,295.9,54.4,27.59,103.7,Normal,0,0,0,0,0,Normal operation
ISZ-022,2026-09-08 12:20:00,1370.0,48.2,42.2,38.9,89.9,290.3,59.5,26.93,98.8,Normal,0,0,0,0,0,Normal operation
ISZ-022,2026-09-08 12:30:00,1580.0,71.7,74.0,8,85.6,345.3,58.9,27.18,74.2,Normal,0,0,0,0,0,Normal operation
ISZ-022,2026-09-08 12:40:00,1435.0,64.4,70.4,63.9,84.8,318.9,64.6,27.44,109.3,Normal,0,0,0,0,0,Normal operation
ISZ-022,2026-09-08 12:50:00,2112.0,70.7,55.1,72.4,81.9,333.8,70.5,26.78,106.3,Normal,0,0,0,0,0,Normal operation
ISZ-022,2026-09-08 13:00:00,1766.0,71.2,53.2,56.2,84.8,308.2,59.7,27.4,92.7,Normal,0,0,0,0,0,Normal operation
ISZ-022,2026-09-08 13:10:00,897.0,59.4,71.0,12.9,86.7,329.9,57.2,27.7,119.7,Normal,0,0,0,0,0,Normal operation
ISZ-022,2026-09-08 13:20:00,1204.0,47.9,62.7,66.7,84.9,342.2,54.9,27.1,78.8,Normal,0,0,0,0,0,Normal operation
ISZ-022,2026-09-08 13:30:00,2155.0,66.4,67.8,30.2,91.9,356.1,61.3,26.86,63.9,Normal,0,0,0,0,0,Normal operation
ISZ-022,2026-09-08 13:40:00,1643.0,34.0,51.8,100,79.9,317.5,61.1,26.69,95.7,Normal,0,0,0,0,0,Normal operation
ISZ-022,2026-09-08 13:50:00,2208.0,63.1,42.6,8,85.8,329.4,78.0,27.45,66.0,Normal,0,0,0,0,0,Normal operation
ISZ-022,2026-09-08 14:00:00,557.0,4.4,26.5,1.4,83.4,250.6,27.0,27.37,22.0,Normal,0,0,1,0,0,Normal operation
ISZ-022,2026-09-08 14:10:00,531.0,4.3,18.9,1.4,86.6,258.0,48.0,26.51,33.5,Normal,0,0,0,0,0,Normal operation
ISZ-022,2026-09-08 14:20:00,539.0,2.0,23.4,4.1,88.5,279.8,20.4,26.74,40.5,Normal,0,0,0,1,0,Normal operation
ISZ-022,2026-09-08 14:30:00,539.0,0,16.0,0,89.2,266.0,35.2,26.52,8,Normal,0,0,0,0,0,Normal operation
ISZ-022,2026-09-08 14:40:00,1439.0,46.4,54.9,44.5,82.3,344.2,71.6,27.62,80.6,Normal,0,0,0,0,0,Normal operation
ISZ-022,2026-09-08 14:50:00,1424.0,81.1,76.9,26.3,89.2,374.5,74.9,27.81,109.3,Normal,0,0,0,0,0,Normal operation
ISZ-022,2026-09-08 15:00:00,1841.0,56.1,95,46.3,82.3,294.1,64.0,26.94,108.6,Normal,0,0,0,0,0,Normal operation
ISZ-022,2026-09-08 15:10:00,2108.0,46.1,53.2,45.5,88.1,349.2,77.9,27.65,92.6,Normal,0,0,0,0,0,Normal operation
ISZ-022,2026-09-08 15:20:00,1686.0,26.6,79.4,34.2,90.1,347.3,64.2,27.61,76.3,Normal,0,0,0,0,0,Normal operation
ISZ-022,2026-09-08 15:30:00,2350.0,29.3,82.8,55.0,86.8,345.0,61.2,26.63,110.9,Normal,0,0,0,0,0,Normal operation
ISZ-022,2026-09-08 15:40:00,1535.0,52.5,72.2,35.3,86.7,343.2,53.1,27.37,27.3,Normal,0,0,0,0,0,Normal operation
ISZ-022,2026-09-08 15:50:00,1674.0,44.4,48.1,49.8,89.3,308.2,57.3,26.52,78.1,Normal,0,0,0,0,0,Normal operation
ISZ-022,2026-09-08 16:00:00,1810.0,47.0,81.4,59.3,92.1,315.1,54.3,26.91,112.7,Normal,0,0,0,0,0,Normal operation
ISZ-022,2026-09-08 16:10:00,1561.0,62.5,53.5,41.7,89.6,347.3,59.0,27.02,91.4,Normal,0,0,0,0,0,Normal operation
ISZ-022,2026-09-08 16:20:00,1792.0,19.6,51.1,53.5,79.6,311.2,65.8,27.24,75.6,Normal,0,0,0,0,0,Normal operation
ISZ-022,2026-09-08 16:30:00,1450.0,50.7,53.9,54.3,90.0,354.7,56.8,27.09,96.5,Normal,0,0,0,0,0,Normal operation
ISZ-022,2026-09-08 16:40:00,1211.0,60.3,57.7,46.0,83.9,363.6,49.8,27.18,126.7,Normal,0,0,0,0,0,Normal operation
ISZ-022,2026-09-08 16:50:00,953.0,34.8,84.7,61.6,89.3,282.1,64.2,26.9,112.8,Normal,0,0,0,0,0,Normal operation
ISZ-022,2026-09-08 17:00:00,1761.0,52.3,65.3,37.9,83.1,353.1,64.3,27.69,127.0,Normal,0,0,0,0,0,Normal operation
ISZ-022,2026-09-08 17:10:00,2045.0,25.1,32.0,34.9,83.4,356.0,60.6,27.09,132.8,Normal,0,0,0,0,0,Normal operation
ISZ-022,2026-09-08 17:20:00,1401.0,67.0,68.1,63.0,95.6,396.0,71.0,27.04,143.6,Normal,0,0,0,0,0,Normal operation
ISZ-022,2026-09-08 17:30:00,1902.0,47.7,82.6,74.9,84.9,348.7,63.0,27.28,137.2,Normal,0,0,0,0,0,Normal operation
ISZ-022,2026-09-08 17:40:00,1302.0,79.1,53.9,60.2,81.6,297.5,62.9,28.07,86.2,Normal,0,0,0,0,0,Normal operation
ISZ-022,2026-09-08 17:50:00,1642.0,52.0,82.4,35.1,83.1,283.9,50.9,27.37,103.0,Normal,0,0,0,0,0,Normal operation
ISZ-022,2026-09-08 18:00:00,547.0,0.5,24.2,3.2,94.9,230.0,32.6,27.5,8,Normal,0,0,0,0,0,Normal operation
ISZ-022,2026-09-08 18:10:00,541.0,0,16.6,1.6,86.5,209.7,34.7,26.66,39.7,Normal,0,0,0,0,0,Normal operation
ISZ-022,2026-09-08 18:20:00,542.0,3.0,16.2,5.2,83.7,268.6,36.6,26.92,31.3,Normal,0,0,0,0,0,Normal operation
ISZ-022,2026-09-08 18:30:00,524.0,4.0,35,2.1,86.9,249.0,40.5,27.03,51.1,Normal,0,0,1,0,0,Normal operation
ISZ-022,2026-09-08 18:40:00,1793.0,59.5,58.4,19.2,92.3,325.3,67.9,26.9,75.1,Normal,0,0,0,0,0,Normal operation
ISZ-022,2026-09-08 18:50:00,1902.0,26.8,56.6,53.6,86.0,308.6,69.8,26.84,97.4,Normal,0,0,0,0,0,Normal operation
ISZ-022,2026-09-08 19:00:00,1600.0,62.6,51.2,8,88.9,272.7,68.9,27.05,79.4,Normal,0,0,0,0,0,Normal operation
ISZ-022,2026-09-08 19:10:00,1631.0,50.1,37.0,19.0,84.2,316.7,62.5,27.41,109.0,Normal,0,0,0,0,0,Normal operation
ISZ-022,2026-09-08 19:20:00,2232.0,53.5,58.3,17.2,90.9,370.9,70.3,28.1,97.0,Normal,0,0,0,0,0,Normal operation
ISZ-022,2026-09-08 19:30:00,1291.0,40.1,50.4,61.6,90.5,362.8,65.2,26.53,102.7,Normal,0,0,0,0,0,Normal operation
ISZ-022,2026-09-08 19:40:00,1420.0,16.6,66.3,23.4,83.3,350.4,59.1,27.4,58.6,Normal,0,0,0,0,0,Normal operation
ISZ-022,2026-09-08 19:50:00,1581.0,62.0,85.6,31.6,86.2,333.8,64.6,27.96,107.8,Normal,0,0,0,0,0,Normal operation
ISZ-022,2026-09-08 20:00:00,1759.0,40.0,85.0,50.9,91.3,310.5,66.8,27.18,123.4,Normal,0,0,0,0,0,Normal operation
ISZ-022,2026-09-08 20:10:00,1406.0,35.3,74.4,32.9,85.6,290.6,64.6,26.95,85.7,Normal,0,0,0,0,0,Normal operation
ISZ-022,2026-09-08 20:20:00,1312.0,26.6,55.2,34.5,88.6,261.6,58.8,27.21,115.1,Normal,0,0,0,0,0,Normal operation
ISZ-022,2026-09-08 20:30:00,1837.0,79.9,50.0,8,81.6,289.0,71.8,27.68,111.3,Normal,0,0,0,0,0,Normal operation
ISZ-022,2026-09-08 20:40:00,1670.0,31.6,59.0,8,83.8,307.5,60.1,27.05,121.3,Normal,0,0,0,0,0,Normal operation
ISZ-022,2026-09-08 20:50:00,1763.0,41.5,95,52.0,90.6,331.6,58.8,27.08,88.0,Normal,0,0,0,0,0,Normal operation
ISZ-022,2026-09-08 21:00:00,1926.0,44.9,50.5,61.6,90.5,358.6,56.0,27.51,103.2,Normal,0,0,0,0,0,Normal operation
ISZ-022,2026-09-08 21:10:00,1505.0,82.6,62.0,72.9,83.7,299.6,70.0,26.59,112.7,Normal,0,0,0,0,0,Normal operation
ISZ-022,2026-09-08 21:20:00,1246.0,52.4,64.3,34.2,80.4,328.0,48.8,27.11,88.0,Normal,0,0,0,0,0,Normal operation
ISZ-022,2026-09-08 21:30:00,1716.0,30.3,76.4,72.5,86.1,335.0,68.3,26.83,88.9,Normal,0,0,0,0,0,Normal operation
ISZ-022,2026-09-08 21:40:00,1767.0,55.7,53.8,27.9,85.9,334.2,78.5,27.26,88.7,Normal,0,0,0,0,0,Normal operation
ISZ-022,2026-09-08 21:50:00,1394.0,28.2,65.3,69.8,81.7,343.4,65.9,27.25,88.3,Normal,0,0,0,0,0,Normal operation
ISZ-022,2026-09-08 22:00:00,545.0,4.2,22.5,0.2,87.1,201.6,25.3,27.31,31.0,Normal,0,0,0,0,0,Normal operation
ISZ-022,2026-09-08 22:10:00,541.0,1.1,28.9,1.4,82.8,197.7,26.8,26.81,8,Normal,0,0,0,0,0,Normal operation
ISZ-022,2026-09-08 22:20:00,555.0,2.2,15.2,0.3,86.8,308.0,28.6,26.7,14.4,Normal,0,0,1,0,0,Normal operation
ISZ-022,2026-09-08 22:30:00,530.0,0,26.7,1.4,90.2,200.4,38.0,26.79,18.3,Normal,0,0,1,0,0,Normal operation
ISZ-022,2026-09-08 22:40:00,1915.0,48.9,60.4,21.4,86.9,315.6,78.9,27.41,85.4,Normal,0,0,0,0,0,Normal operation
ISZ-022,2026-09-08 22:50:00,819.0,67.8,37.4,46.3,83.4,267.5,69.4,28.37,84.6,Normal,0,0,0,0,0,Normal operation
ISZ-022,2026-09-08 23:00:00,1169.0,51.1,20,46.5,94.8,341.3,62.8,26.95,110.1,Normal,0,0,0,0,0,Normal operation
ISZ-022,2026-09-08 23:10:00,1165.0,26.6,77.1,26.4,90.9,321.7,79.5,27.9,61.2,Normal,0,0,0,0,0,Normal operation
ISZ-022,2026-09-08 23:20:00,1365.0,57.6,82.6,21.9,85.8,316.6,61.0,27.51,55.2,Normal,0,0,0,0,0,Normal operation
ISZ-022,2026-09-08 23:30:00,2169.0,27.5,47.9,34.9,90.2,316.7,67.4,27.5,83.7,Normal,0,0,0,0,0,Normal operation
ISZ-022,2026-09-08 23:40:00,800,74.4,40.8,32.7,88.3,303.6,72.4,26.46,90.8,Normal,0,0,0,0,0,Normal operation
ISZ-022,2026-09-08 23:50:00,1596.0,58.3,61.7,52.8,84.9,328.3,51.8,27.3,35.2,Normal,0,0,0,0,0,Normal operation
ISZ-022,2026-09-09 00:00:00,1533.0,58.5,64.6,48.1,90.9,303.6,53.8,27.74,46.8,Normal,0,0,0,0,0,Normal operation
ISZ-022,2026-09-09 00:10:00,1579.0,44.0,78.0,42.7,88.8,271.2,67.7,26.51,65.9,Normal,0,0,0,0,0,Normal operation
ISZ-022,2026-09-09 00:20:00,1437.0,57.7,69.4,43.1,85.5,306.5,54.6,26.89,95.2,Normal,0,0,0,0,0,Normal operation
ISZ-022,2026-09-09 00:30:00,1190.0,40.4,60.1,11.9,91.5,301.3,64.6,27.12,101.0,Normal,0,0,0,0,0,Normal operation
ISZ-022,2026-09-09 00:40:00,1118.0,48.3,66.7,96.5,89.9,342.5,59.5,27.44,147.5,Normal,0,0,0,0,0,Normal operation
ISZ-022,2026-09-09 00:50:00,1568.0,40.8,74.9,17.8,84.8,357.2,69.5,26.9,46.8,Normal,0,0,0,0,0,Normal operation
ISZ-022,2026-09-09 01:00:00,1011.0,23.5,47.4,64.3,85.3,327.5,72.2,26.62,97.7,Normal,0,0,0,0,0,Normal operation
ISZ-022,2026-09-09 01:10:00,1221.0,14.7,39.6,38.2,83.4,389.3,63.8,28.02,141.1,Normal,0,0,0,0,0,Normal operation
ISZ-022,2026-09-09 01:20:00,1856.0,5,86.2,67.5,81.3,355.4,75.4,27.27,82.5,Normal,0,0,0,0,0,Normal operation
ISZ-022,2026-09-09 01:30:00,1478.0,57.7,70.9,35.5,91.2,305.2,65.0,27.94,96.2,Normal,0,0,0,0,0,Normal operation
ISZ-022,2026-09-09 01:40:00,1496.0,63.4,60.0,28.9,93.5,353.1,60.4,26.91,78.1,Normal,0,0,0,0,0,Normal operation
ISZ-022,2026-09-09 01:50:00,1637.0,60.2,95,82.1,90.2,308.6,64.6,27.25,67.5,Normal,0,0,0,0,0,Normal operation
ISZ-023,2026-09-08 06:00:00,550.0,2.1,23.1,3.3,85.7,295.2,28.9,26.98,19.7,Normal,0,0,0,0,0,Normal operation
ISZ-023,2026-09-08 06:10:00,547.0,0.3,11.5,1.0,91.2,256.3,25.8,27.1,58.3,Normal,0,0,0,0,0,Normal operation
ISZ-023,2026-09-08 06:20:00,528.0,0,20.7,0.3,87.6,252.6,13.5,26.1,8,Normal,0,0,1,1,0,Normal operation
ISZ-023,2026-09-08 06:30:00,517.0,2.1,23.8,4.1,81.7,244.2,34.8,27.14,69.4,Normal,0,0,1,0,0,Normal operation
ISZ-023,2026-09-08 06:40:00,935.0,50.6,64.6,59.7,82.2,304.9,60.1,27.85,81.4,Normal,0,0,0,0,0,Normal operation
ISZ-023,2026-09-08 06:50:00,1868.0,42.6,48.7,17.3,90.6,356.9,67.4,27.61,121.7,Normal,0,0,0,0,0,Normal operation
ISZ-023,2026-09-08 07:00:00,1623.0,28.8,51.3,8,88.2,319.0,82.3,26.8,107.5,Normal,0,0,0,0,0,Normal operation
ISZ-023,2026-09-08 07:10:00,800,44.0,61.4,38.4,93.0,351.8,49.9,27.51,80.8,Normal,0,0,0,0,0,Normal operation
ISZ-023,2026-09-08 07:20:00,1847.0,52.3,70.7,36.7,86.0,345.5,51.9,26.75,128.0,Normal,0,0,0,0,0,Normal operation
ISZ-023,2026-09-08 07:30:00,1701.0,78.7,32.0,49.4,92.3,325.9,66.8,27.57,40.5,Normal,0,0,0,0,0,Normal operation
ISZ-023,2026-09-08 07:40:00,1129.0,45.2,85.3,24.9,83.5,362.4,66.4,27.42,92.9,Normal,0,0,0,0,0,Normal operation
ISZ-023,2026-09-08 07:50:00,1458.0,76.4,70.1,25.7,88.7,333.6,44.1,27.11,75.5,Normal,0,0,0,0,0,Normal operation
ISZ-023,2026-09-08 08:00:00,2220.0,71.3,58.9,23.0,88.7,311.0,59.2,27.65,85.1,Normal,0,0,0,0,0,Normal operation
ISZ-023,2026-09-08 08:10:00,1269.0,60.5,53.5,85.0,86.8,308.6,55.5,26.8,127.8,Normal,0,0,0,0,0,Normal operation
ISZ-023,2026-09-08 08:20:00,1825.0,57.8,81.0,36.7,87.8,355.9,69.0,27.2,62.9,Normal,0,0,0,0,0,Normal operation
ISZ-023,2026-09-08 08:30:00,1488.0,58.0,43.5,42.7,80.8,327.9,67.0,27.69,71.1,Normal,0,0,0,0,0,Normal operation
ISZ-023,2026-09-08 08:40:00,1045.0,48.8,56.9,47.0,88.1,338.8,64.3,27.61,90.6,Normal,0,0,0,0,0,Normal operation
ISZ-023,2026-09-08 08:50:00,1863.0,34.2,52.3,40.4,85.9,298.1,64.0,26.6,108.4,Normal,0,0,0,0,0,Normal operation
ISZ-023,2026-09-08 09:00:00,898.0,73.2,41.7,58.2,85.6,310.9,54.5,27.18,43.3,Normal,0,0,0,0,0,Normal operation
ISZ-023,2026-09-08 09:10:00,1145.0,60.6,50.8,26.5,82.2,363.1,73.6,27.4,36.1,Normal,0,0,0,0,0,Normal operation
ISZ-023,2026-09-08 09:20:00,2007.0,61.1,44.1,64.2,92.4,346.6,52.9,26.79,88.7,Normal,0,0,0,0,0,Normal operation
ISZ-023,2026-09-08 09:30:00,1675.0,57.8,90.5,51.4,82.2,323.0,70.2,26.91,74.3,Normal,0,0,0,0,0,Normal operation
ISZ-023,2026-09-08 09:40:00,1962.0,55.0,74.5,46.6,89.3,308.6,51.7,27.66,53.6,Normal,0,0,0,0,0,Normal operation
ISZ-023,2026-09-08 09:50:00,1923.0,48.5,45.8,22.5,84.3,287.9,69.6,26.53,90.9,Normal,0,0,0,0,0,Normal operation
ISZ-023,2026-09-08 10:00:00,529.0,1.4,16.9,2.8,84.5,223.1,26.6,26.92,36.6,Normal,0,0,1,0,0,Normal operation
ISZ-023,2026-09-08 10:10:00,537.0,0,24.1,3.8,87.9,252.8,25.6,27.03,28.6,Normal,0,0,0,0,0,Normal operation
ISZ-023,2026-09-08 10:20:00,535.0,1.0,19.4,0,86.8,296.4,18.4,27.65,59.0,Normal,0,0,0,1,0,Normal operation
ISZ-023,2026-09-08 10:30:00,541.0,2.9,18.5,3.1,97.9,246.4,39.6,27.1,50.1,Normal,0,0,0,0,0,Normal operation
ISZ-023,2026-09-08 10:40:00,1324.0,58.8,75.3,70.1,83.0,287.8,61.9,27.84,104.2,Normal,0,0,0,0,0,Normal operation
ISZ-023,2026-09-08 10:50:00,1444.0,81.4,57.4,81.6,90.6,345.1,63.7,27.87,95.6,Normal,0,0,0,0,0,Normal operation
ISZ-023,2026-09-08 11:00:00,2036.0,56.2,53.3,47.1,85.8,317.8,69.3,26.59,82.2,Normal,0,0,0,0,0,Normal operation
ISZ-023,2026-09-08 11:10:00,1195.0,42.7,95,46.1,84.7,300.4,60.2,27.12,103.8,Normal,0,0,0,0,0,Normal operation
ISZ-023,2026-09-08 11:20:00,1542.0,35.8,40.7,49.6,81.0,407.8,74.0,27.01,128.8,Normal,0,0,0,0,0,Normal operation
ISZ-023,2026-09-08 11:30:00,1604.0,45.1,49.8,59.7,87.1,361.2,64.5,27.66,87.5,Normal,0,0,0,0,0,Normal operation
ISZ-023,2026-09-08 11:40:00,1925.0,6.3,67.0,42.7,85.3,330.0,65.6,27.06,98.0,Normal,0,0,0,0,0,Normal operation
ISZ-023,2026-09-08 11:50:00,1659.0,77.4,61.8,34.3,85.0,369.5,61.8,27.3,75.5,Normal,0,0,0,0,0,Normal operation
ISZ-023,2026-09-08 12:00:00,1251.0,70.3,63.3,25.4,86.9,330.6,64.2,27.21,100.4,Normal,0,0,0,0,0,Normal operation
ISZ-023,2026-09-08 12:10:00,2251.0,41.0,61.4,13.8,86.6,391.3,57.1,27.58,95.8,Normal,0,0,0,0,0,Normal operation
ISZ-023,2026-09-08 12:20:00,1324.0,85.3,76.4,43.1,82.4,256.4,61.8,27.24,99.4,Normal,0,0,0,0,0,Normal operation
ISZ-023,2026-09-08 12:30:00,1609.0,93.0,47.4,55.8,90.2,317.9,62.3,27.25,103.9,Normal,0,0,0,0,0,Normal operation
ISZ-023,2026-09-08 12:40:00,1963.0,38.7,52.6,66.3,78.9,305.2,73.8,26.74,72.4,Normal,0,0,0,0,0,Normal operation
ISZ-023,2026-09-08 12:50:00,1648.0,46.5,42.4,19.3,89.1,334.2,61.3,27.58,106.0,Normal,0,0,0,0,0,Normal operation
ISZ-023,2026-09-08 13:00:00,1313.0,42.2,80.8,58.9,88.4,301.6,68.4,27.25,30.4,Normal,0,0,0,0,0,Normal operation
ISZ-023,2026-09-08 13:10:00,937.0,21.5,62.3,42.6,87.2,309.6,57.5,27.74,97.8,Normal,0,0,0,0,0,Normal operation
ISZ-023,2026-09-08 13:20:00,1689.0,36.7,39.8,53.3,84.8,314.3,72.4,26.49,32.3,Normal,0,0,0,0,0,Normal operation
ISZ-023,2026-09-08 13:30:00,1286.0,6.1,27.2,75.9,81.8,312.9,59.7,27.58,64.9,Normal,0,0,0,0,0,Normal operation
ISZ-023,2026-09-08 13:40:00,1587.0,56.9,54.8,71.3,90.8,367.7,65.5,27.29,104.1,Normal,0,0,0,0,0,Normal operation
ISZ-023,2026-09-08 13:50:00,1584.0,68.6,57.4,39.6,85.4,284.3,55.4,27.15,101.2,Normal,0,0,0,0,0,Normal operation
ISZ-023,2026-09-08 14:00:00,541.0,3.8,18.1,0.8,88.2,288.1,30.7,27.65,43.3,Normal,0,0,0,0,0,Normal operation
ISZ-023,2026-09-08 14:10:00,535.0,0,18.1,3.2,89.6,206.8,34.3,26.5,64.8,Normal,0,0,0,0,0,Normal operation
ISZ-023,2026-09-08 14:20:00,551.0,1.5,16.1,5.0,90.1,255.4,38.3,26.88,8,Normal,0,0,1,0,0,Normal operation
ISZ-023,2026-09-08 14:30:00,531.0,3.3,10.6,1.7,91.9,204.8,26.8,27.96,66.7,Normal,0,0,0,0,0,Normal operation
ISZ-023,2026-09-08 14:40:00,2170.0,52.8,77.4,28.3,83.8,348.0,79.9,27.62,76.1,Normal,0,0,0,0,0,Normal operation
ISZ-023,2026-09-08 14:50:00,800,67.4,95,76.7,87.5,309.4,78.2,27.19,116.0,Normal,0,0,0,0,0,Normal operation
ISZ-023,2026-09-08 15:00:00,1849.0,24.4,79.5,32.3,90.7,315.1,59.2,26.38,79.4,Normal,0,0,0,0,0,Normal operation
ISZ-023,2026-09-08 15:10:00,1516.0,64.9,33.8,45.8,80.6,301.5,52.0,27.9,97.3,Normal,0,0,0,0,0,Normal operation
ISZ-023,2026-09-08 15:20:00,1589.0,63.2,48.7,55.6,86.5,310.0,61.1,27.81,98.4,Normal,0,0,0,0,0,Normal operation
ISZ-023,2026-09-08 15:30:00,1106.0,74.0,52.8,33.7,81.8,349.8,60.9,27.52,45.1,Normal,0,0,0,0,0,Normal operation
ISZ-023,2026-09-08 15:40:00,1913.0,38.0,55.6,59.1,88.9,328.8,55.1,27.9,78.9,Normal,0,0,0,0,0,Normal operation
ISZ-023,2026-09-08 15:50:00,1942.0,52.5,22.1,73.4,88.8,336.9,67.7,27.88,81.0,Normal,0,0,0,0,0,Normal operation
ISZ-023,2026-09-08 16:00:00,1502.0,54.5,29.6,8,85.1,336.2,56.4,27.79,108.4,Normal,0,0,0,0,0,Normal operation
ISZ-023,2026-09-08 16:10:00,2076.0,48.0,33.4,20.3,91.6,323.3,62.3,27.84,96.4,Normal,0,0,0,0,0,Normal operation
ISZ-023,2026-09-08 16:20:00,894.0,61.4,38.1,25.0,84.9,360.4,83.4,27.43,113.1,Normal,0,0,0,0,0,Normal operation
ISZ-023,2026-09-08 16:30:00,1762.0,61.3,42.5,51.7,92.6,364.1,53.8,27.59,106.4,Normal,0,0,0,0,0,Normal operation
ISZ-023,2026-09-08 16:40:00,1340.0,67.8,69.9,13.4,86.3,260.9,57.7,26.95,93.4,Normal,0,0,0,0,0,Normal operation
ISZ-023,2026-09-08 16:50:00,1158.0,37.4,57.2,37.6,84.0,346.0,61.3,27.9,116.0,Normal,0,0,0,0,0,Normal operation
ISZ-023,2026-09-08 17:00:00,1978.0,46.6,38.7,45.0,81.4,372.1,61.4,27.71,115.1,Normal,0,0,0,0,0,Normal operation
ISZ-023,2026-09-08 17:10:00,1673.0,60.4,30.8,39.8,81.4,289.4,57.1,27.15,100.3,Normal,0,0,0,0,0,Normal operation
ISZ-023,2026-09-08 17:20:00,1632.0,32.5,68.9,8,84.6,368.9,65.1,26.83,105.5,Normal,0,0,0,0,0,Normal operation
ISZ-023,2026-09-08 17:30:00,1290.0,58.7,63.3,16.7,85.9,313.2,65.3,27.2,113.0,Normal,0,0,0,0,0,Normal operation
ISZ-023,2026-09-08 17:40:00,1871.0,45.8,59.2,45.0,85.8,360.4,65.7,27.23,106.6,Normal,0,0,0,0,0,Normal operation
ISZ-023,2026-09-08 17:50:00,1300.0,54.3,86.7,34.1,88.8,379.2,67.9,27.52,114.1,Normal,0,0,0,0,0,Normal operation
ISZ-023,2026-09-08 18:00:00,556.0,0,20.3,2.7,79.8,235.3,21.0,27.47,45.5,Normal,0,0,1,1,0,Normal operation
ISZ-023,2026-09-08 18:10:00,520.0,1.4,30.2,1.3,88.5,214.5,16.8,27.23,42.4,Normal,0,0,1,1,0,Normal operation
ISZ-023,2026-09-08 18:20:00,563.0,0.9,23.5,2.4,86.7,242.8,39.4,28.05,10.0,Normal,0,0,1,0,0,Normal operation
ISZ-023,2026-09-08 18:30:00,544.0,1.1,23.0,0.6,89.8,208.9,25.9,27.34,50.0,Normal,0,0,0,0,0,Normal operation
ISZ-023,2026-09-08 18:40:00,814.0,48.7,42.8,55.5,93.8,317.9,54.8,26.47,83.4,Normal,0,0,0,0,0,Normal operation
ISZ-023,2026-09-08 18:50:00,1674.0,50.8,34.8,29.2,91.8,240.7,58.8,27.79,67.6,Normal,0,0,0,0,0,Normal operation
ISZ-023,2026-09-08 19:00:00,1560.0,73.1,62.3,62.9,91.3,363.5,75.6,28.05,63.0,Normal,0,0,0,0,0,Normal operation
ISZ-023,2026-09-08 19:10:00,1439.0,55.1,61.5,81.0,90.3,282.1,63.9,27.06,70.4,Normal,0,0,0,0,0,Normal operation
ISZ-023,2026-09-08 19:20:00,1540.0,20.8,86.1,17.3,83.2,328.2,68.9,27.51,92.3,Normal,0,0,0,0,0,Normal operation
ISZ-023,2026-09-08 19:30:00,2057.0,74.6,43.3,56.2,93.7,328.0,66.0,27.26,113.9,Normal,0,0,0,0,0,Normal operation
ISZ-023,2026-09-08 19:40:00,800,50.3,44.1,22.2,84.4,371.7,59.2,26.76,84.7,Normal,0,0,0,0,0,Normal operation
ISZ-023,2026-09-08 19:50:00,2150.0,63.3,70.7,29.2,96.1,331.1,60.4,26.99,129.9,Normal,0,0,0,0,0,Normal operation
ISZ-023,2026-09-08 20:00:00,1917.0,33.9,75.9,53.2,88.7,337.3,57.7,27.47,77.7,Normal,0,0,0,0,0,Normal operation
ISZ-023,2026-09-08 20:10:00,1479.0,47.3,50.0,77.8,87.0,375.6,74.8,26.17,94.0,Normal,0,0,0,0,0,Normal operation
ISZ-023,2026-09-08 20:20:00,1379.0,54.1,68.2,40.7,91.3,336.1,59.6,27.77,92.5,Normal,0,0,0,0,0,Normal operation
ISZ-023,2026-09-08 20:30:00,1447.0,34.5,54.5,43.7,84.5,305.8,63.0,27.48,93.7,Normal,0,0,0,0,0,Normal operation
ISZ-023,2026-09-08 20:40:00,1340.0,37.0,58.1,26.3,82.9,336.1,62.9,27.36,89.0,Normal,0,0,0,0,0,Normal operation
ISZ-023,2026-09-08 20:50:00,1381.0,51.7,37.8,26.7,91.3,365.8,73.6,26.41,124.4,Normal,0,0,0,0,0,Normal operation
ISZ-023,2026-09-08 21:00:00,1768.0,70.0,67.4,59.6,83.4,346.7,62.7,26.83,106.5,Normal,0,0,0,0,0,Normal operation
ISZ-023,2026-09-08 21:10:00,1766.0,57.1,88.7,35.7,84.3,369.6,60.2,26.61,80.7,Normal,0,0,0,0,0,Normal operation
ISZ-023,2026-09-08 21:20:00,1069.0,25.0,38.6,12.4,84.4,343.9,54.4,26.96,102.7,Normal,0,0,0,0,0,Normal operation
ISZ-023,2026-09-08 21:30:00,800,46.8,49.2,60.3,86.0,293.2,70.2,27.33,95.6,Normal,0,0,0,0,0,Normal operation
ISZ-023,2026-09-08 21:40:00,2093.0,40.8,42.5,61.6,87.9,337.1,77.2,26.97,99.9,Normal,0,0,0,0,0,Normal operation
ISZ-023,2026-09-08 21:50:00,1639.0,51.9,49.7,71.2,89.4,315.2,53.6,26.33,103.4,Normal,0,0,0,0,0,Normal operation
ISZ-023,2026-09-08 22:00:00,546.0,0,18.6,2.2,84.1,236.8,11.7,27.01,29.4,Normal,0,0,0,1,0,Normal operation
ISZ-023,2026-09-08 22:10:00,545.0,3.4,9.1,0.7,80.4,282.4,33.7,27.1,8,Normal,0,0,0,0,0,Normal operation
ISZ-023,2026-09-08 22:20:00,532.0,1.1,21.5,4.9,84.8,224.4,26.1,26.82,8,Normal,0,0,0,0,0,Normal operation
ISZ-023,2026-09-08 22:30:00,545.0,0,17.0,5.5,89.3,265.0,29.5,26.88,12.4,Normal,0,0,0,0,0,Normal operation
ISZ-023,2026-09-08 22:40:00,1819.0,36.7,44.0,22.4,79.5,320.7,60.8,26.99,101.9,Normal,0,0,0,0,0,Normal operation
ISZ-023,2026-09-08 22:50:00,2600,79.5,65.4,44.8,93.0,287.6,72.7,27.42,94.7,Normal,0,0,0,0,0,Normal operation
ISZ-023,2026-09-08 23:00:00,1733.0,61.5,60.3,56.8,90.3,319.9,56.8,26.92,59.7,Normal,0,0,0,0,0,Normal operation
ISZ-023,2026-09-08 23:10:00,1369.0,70.5,72.1,42.5,84.2,341.7,73.0,27.1,120.5,Normal,0,0,0,0,0,Normal operation
ISZ-023,2026-09-08 23:20:00,1724.0,62.2,48.8,42.9,87.7,338.0,71.7,27.11,98.8,Normal,0,0,0,0,0,Normal operation
ISZ-023,2026-09-08 23:30:00,1506.0,95,63.0,42.5,82.9,321.8,62.8,26.98,167.4,Normal,0,0,0,0,0,Normal operation
ISZ-023,2026-09-08 23:40:00,1846.0,68.7,68.1,88.8,85.0,340.6,55.6,27.24,47.0,Normal,0,0,0,0,0,Normal operation
ISZ-023,2026-09-08 23:50:00,1888.0,40.6,79.8,26.7,85.0,341.1,69.4,27.46,118.6,Normal,0,0,0,0,0,Normal operation
ISZ-023,2026-09-09 00:00:00,1658.0,64.1,56.7,55.5,87.6,354.3,59.7,27.0,118.3,Normal,0,0,0,0,0,Normal operation
ISZ-023,2026-09-09 00:10:00,1451.0,57.0,58.9,54.2,86.9,324.9,61.1,27.26,102.8,Normal,0,0,0,0,0,Normal operation
ISZ-023,2026-09-09 00:20:00,1557.0,39.2,40.8,52.6,83.2,327.5,64.0,27.48,65.5,Normal,0,0,0,0,0,Normal operation
ISZ-023,2026-09-09 00:30:00,2048.0,66.8,59.2,44.1,85.3,332.6,61.2,27.16,111.6,Normal,0,0,0,0,0,Normal operation
ISZ-023,2026-09-09 00:40:00,1304.0,30.6,51.2,62.8,86.7,332.0,77.0,26.54,105.0,Normal,0,0,0,0,0,Normal operation
ISZ-023,2026-09-09 00:50:00,1410.0,5,42.6,95.5,94.0,342.1,65.5,27.59,103.7,Normal,0,0,0,0,0,Normal operation
ISZ-023,2026-09-09 01:00:00,2302.0,65.2,83.2,52.6,86.7,347.2,54.0,27.59,121.0,Normal,0,0,0,0,0,Normal operation
ISZ-023,2026-09-09 01:10:00,1302.0,65.6,30.5,44.4,90.0,304.8,53.8,27.25,120.9,Normal,0,0,0,0,0,Normal operation
ISZ-023,2026-09-09 01:20:00,877.0,60.2,55.3,49.2,92.5,304.9,68.9,27.32,97.3,Normal,0,0,0,0,0,Normal operation
ISZ-023,2026-09-09 01:30:00,1349.0,61.5,53.1,33.1,84.6,330.0,57.6,26.76,123.1,Normal,0,0,0,0,0,Normal operation
ISZ-023,2026-09-09 01:40:00,1802.0,28.7,50.9,64.7,84.0,296.3,72.7,27.43,103.4,Normal,0,0,0,0,0,Normal operation
ISZ-023,2026-09-09 01:50:00,1329.0,64.2,57.2,28.8,83.8,282.8,61.5,26.83,104.5,Normal,0,0,0,0,0,Normal operation
ISZ-024,2026-09-08 06:00:00,540.0,3.5,21.5,3.7,86.7,248.4,29.5,26.83,24.1,Normal,0,0,0,0,0,Normal operation
ISZ-024,2026-09-08 06:10:00,541.0,0.8,29.4,3.4,87.9,235.6,30.8,27.05,75.1,Normal,0,0,0,0,0,Normal operation
ISZ-024,2026-09-08 06:20:00,532.0,0.2,15.8,4.1,84.8,223.6,34.9,27.16,43.9,Normal,0,0,0,0,0,Normal operation
ISZ-024,2026-09-08 06:30:00,545.0,0.5,8.3,1.3,91.8,256.7,43.1,27.11,60.4,Normal,0,0,0,0,0,Normal operation
ISZ-024,2026-09-08 06:40:00,1979.0,59.8,51.2,8,90.9,389.6,54.1,26.81,75.3,Normal,0,0,0,0,0,Normal operation
ISZ-024,2026-09-08 06:50:00,1447.0,73.0,40.3,39.5,85.1,279.4,41.0,27.21,99.8,Normal,0,0,0,0,0,Normal operation
ISZ-024,2026-09-08 07:00:00,1027.0,64.4,80.0,91.8,84.3,336.3,64.8,27.61,118.9,Normal,0,0,0,0,0,Normal operation
ISZ-024,2026-09-08 07:10:00,800,38.3,62.4,30.9,92.9,294.0,62.9,27.98,149.6,Normal,0,0,0,0,0,Normal operation
ISZ-024,2026-09-08 07:20:00,1952.0,50.6,68.0,32.4,88.2,281.9,73.7,26.17,116.6,Normal,0,0,0,0,0,Normal operation
ISZ-024,2026-09-08 07:30:00,1251.0,48.9,35.8,55.0,83.1,347.6,59.4,26.81,53.6,Normal,0,0,0,0,0,Normal operation
ISZ-024,2026-09-08 07:40:00,2342.0,17.4,38.1,47.1,90.4,285.4,73.2,26.77,114.3,Normal,0,0,0,0,0,Normal operation
ISZ-024,2026-09-08 07:50:00,1670.0,64.3,47.2,24.3,92.3,369.1,70.3,27.22,25.9,Normal,0,0,0,0,0,Normal operation
ISZ-024,2026-09-08 08:00:00,1934.0,38.4,75.5,86.8,91.8,309.7,75.5,27.35,120.1,Normal,0,0,0,0,0,Normal operation
ISZ-024,2026-09-08 08:10:00,1761.0,59.6,34.6,57.4,87.3,305.1,71.8,27.27,76.2,Normal,0,0,0,0,0,Normal operation
ISZ-024,2026-09-08 08:20:00,1400.0,51.7,20,48.6,82.3,357.5,62.7,27.65,120.0,Normal,0,0,0,0,0,Normal operation
ISZ-024,2026-09-08 08:30:00,1216.0,67.8,46.4,79.5,85.4,332.7,62.0,26.88,125.2,Normal,0,0,0,0,0,Normal operation
ISZ-024,2026-09-08 08:40:00,1474.0,80.3,61.6,33.3,89.2,360.5,63.2,27.68,81.2,Normal,0,0,0,0,0,Normal operation
ISZ-024,2026-09-08 08:50:00,1536.0,8.9,69.8,40.8,85.5,317.4,58.1,28.01,90.9,Normal,0,0,0,0,0,Normal operation
ISZ-024,2026-09-08 09:00:00,1622.0,61.2,37.8,48.6,86.9,323.5,60.5,27.67,72.1,Normal,0,0,0,0,0,Normal operation
ISZ-024,2026-09-08 09:10:00,1817.0,64.6,41.1,19.7,89.1,341.3,61.1,27.56,75.8,Normal,0,0,0,0,0,Normal operation
ISZ-024,2026-09-08 09:20:00,1809.0,63.6,20,68.0,86.6,293.8,63.8,27.26,79.8,Normal,0,0,0,0,0,Normal operation
ISZ-024,2026-09-08 09:30:00,1064.0,50.5,54.9,51.5,92.8,302.1,76.0,27.58,77.7,Normal,0,0,0,0,0,Normal operation
ISZ-024,2026-09-08 09:40:00,1121.0,48.1,71.6,49.7,89.5,283.9,60.3,27.6,132.7,Normal,0,0,0,0,0,Normal operation
ISZ-024,2026-09-08 09:50:00,1764.0,55.0,95,48.1,84.5,313.0,66.3,27.24,93.3,Normal,0,0,0,0,0,Normal operation
ISZ-024,2026-09-08 10:00:00,545.0,1.8,30.2,4.0,83.2,201.2,26.8,27.49,38.9,Normal,0,0,0,0,0,Normal operation
ISZ-024,2026-09-08 10:10:00,541.0,0,16.6,2.3,87.4,242.7,34.1,27.28,19.6,Normal,0,0,0,0,0,Normal operation
ISZ-024,2026-09-08 10:20:00,548.0,2.4,16.2,0.2,91.1,219.4,37.5,27.46,11.3,Normal,0,0,0,0,0,Normal operation
ISZ-024,2026-09-08 10:30:00,545.0,1.9,19.9,2.0,89.1,263.6,43.1,27.17,56.9,Normal,0,0,0,0,0,Normal operation
ISZ-024,2026-09-08 10:40:00,1746.0,65.0,60.0,19.1,81.4,323.9,67.3,27.37,70.8,Normal,0,0,0,0,0,Normal operation
ISZ-024,2026-09-08 10:50:00,1573.0,50.3,52.4,47.6,86.5,271.7,66.1,27.63,120.5,Normal,0,0,0,0,0,Normal operation
ISZ-024,2026-09-08 11:00:00,1105.0,67.8,45.6,61.5,86.1,312.3,66.5,26.96,85.0,Normal,0,0,0,0,0,Normal operation
ISZ-024,2026-09-08 11:10:00,1102.0,29.6,53.1,52.2,92.9,349.5,72.1,26.95,114.2,Normal,0,0,0,0,0,Normal operation
ISZ-024,2026-09-08 11:20:00,2149.0,71.4,53.8,8,87.1,340.9,65.1,26.93,102.6,Normal,0,0,0,0,0,Normal operation
ISZ-024,2026-09-08 11:30:00,1388.0,59.7,63.8,52.6,84.8,326.2,66.3,27.58,126.8,Normal,0,0,0,0,0,Normal operation
ISZ-024,2026-09-08 11:40:00,2071.0,57.3,43.6,80.3,89.2,341.6,60.1,27.05,97.1,Normal,0,0,0,0,0,Normal operation
ISZ-024,2026-09-08 11:50:00,1430.0,36.2,80.3,41.0,80.3,278.8,76.5,27.6,94.9,Normal,0,0,0,0,0,Normal operation
ISZ-024,2026-09-08 12:00:00,1901.0,15.5,59.9,23.7,89.8,316.6,64.0,26.63,80.5,Normal,0,0,0,0,0,Normal operation
ISZ-024,2026-09-08 12:10:00,1539.0,62.5,71.7,59.7,87.9,345.8,62.1,26.98,85.9,Normal,0,0,0,0,0,Normal operation
ISZ-024,2026-09-08 12:20:00,1776.0,46.7,57.5,55.0,80.7,374.5,65.3,27.25,77.9,Normal,0,0,0,0,0,Normal operation
ISZ-024,2026-09-08 12:30:00,1585.0,52.2,58.9,53.0,86.2,297.0,66.1,27.6,148.1,Normal,0,0,0,0,0,Normal operation
ISZ-024,2026-09-08 12:40:00,2194.0,29.1,63.1,28.7,83.3,337.1,55.7,27.22,112.6,Normal,0,0,0,0,0,Normal operation
ISZ-024,2026-09-08 12:50:00,1572.0,43.3,60.5,20.4,82.6,381.6,82.7,26.82,107.9,Normal,0,0,0,0,0,Normal operation
ISZ-024,2026-09-08 13:00:00,2054.0,64.2,39.2,10.3,89.9,311.1,68.8,27.3,142.8,Normal,0,0,0,0,0,Normal operation
ISZ-024,2026-09-08 13:10:00,1526.0,45.2,53.0,8.4,88.0,303.5,50.5,27.96,130.4,Normal,0,0,0,0,0,Normal operation
ISZ-024,2026-09-08 13:20:00,1563.0,43.6,40.9,41.6,87.4,322.1,70.2,27.56,89.4,Normal,0,0,0,0,0,Normal operation
ISZ-024,2026-09-08 13:30:00,1104.0,75.1,55.2,80.2,87.7,282.5,51.9,27.43,98.4,Normal,0,0,0,0,0,Normal operation
ISZ-024,2026-09-08 13:40:00,1500.0,43.2,52.1,53.1,90.8,343.8,58.0,27.29,119.1,Normal,0,0,0,0,0,Normal operation
ISZ-024,2026-09-08 13:50:00,2140.0,47.0,69.4,43.0,92.2,352.8,72.8,27.65,71.1,Normal,0,0,0,0,0,Normal operation
ISZ-024,2026-09-08 14:00:00,534.0,0,20.4,4.6,89.6,263.3,45.5,27.31,24.8,Normal,0,0,0,0,0,Normal operation
ISZ-024,2026-09-08 14:10:00,543.0,4.3,12.3,2.7,83.7,263.7,29.9,26.55,44.4,Normal,0,0,0,0,0,Normal operation
ISZ-024,2026-09-08 14:20:00,546.0,4.0,14.1,2.7,83.7,257.0,30.7,27.78,12.1,Normal,0,0,0,0,0,Normal operation
ISZ-024,2026-09-08 14:30:00,554.0,5.1,20.6,0.2,80.7,232.5,32.6,27.18,8,Normal,0,0,1,0,0,Normal operation
ISZ-024,2026-09-08 14:40:00,1072.0,72.5,70.3,65.3,86.8,325.3,66.3,27.11,78.0,Normal,0,0,0,0,0,Normal operation
ISZ-024,2026-09-08 14:50:00,1482.0,63.1,58.0,66.8,86.1,339.7,54.0,27.69,69.6,Normal,0,0,0,0,0,Normal operation
ISZ-024,2026-09-08 15:00:00,1231.0,35.1,76.6,28.4,94.9,346.9,80.9,26.98,39.7,Normal,0,0,0,0,0,Normal operation
ISZ-024,2026-09-08 15:10:00,1480.0,24.1,56.9,28.2,86.9,334.6,64.6,26.37,89.9,Normal,0,0,0,0,0,Normal operation
ISZ-024,2026-09-08 15:20:00,1652.0,95,20.8,55.8,96.2,351.1,73.9,27.45,86.8,Normal,0,0,0,0,0,Normal operation
ISZ-024,2026-09-08 15:30:00,1546.0,39.0,42.6,44.3,84.8,340.0,67.5,27.7,94.3,Normal,0,0,0,0,0,Normal operation
ISZ-024,2026-09-08 15:40:00,2183.0,41.6,71.7,47.2,81.4,339.0,59.9,27.15,79.8,Normal,0,0,0,0,0,Normal operation
ISZ-024,2026-09-08 15:50:00,1655.0,53.3,66.8,27.5,89.9,347.9,59.1,26.89,62.1,Normal,0,0,0,0,0,Normal operation
ISZ-024,2026-09-08 16:00:00,1803.0,9.2,48.3,41.9,91.5,314.9,59.2,27.25,112.2,Normal,0,0,0,0,0,Normal operation
ISZ-024,2026-09-08 16:10:00,1940.0,42.8,90.3,37.3,88.9,314.7,71.1,27.17,85.6,Normal,0,0,0,0,0,Normal operation
ISZ-024,2026-09-08 16:20:00,2257.0,46.4,57.6,58.7,90.8,308.3,61.0,26.47,67.6,Normal,0,0,0,0,0,Normal operation
ISZ-024,2026-09-08 16:30:00,1406.0,30.5,65.8,52.9,87.2,348.8,60.1,27.2,127.7,Normal,0,0,0,0,0,Normal operation
ISZ-024,2026-09-08 16:40:00,2142.0,59.9,80.9,42.9,85.1,355.2,76.2,26.74,96.1,Normal,0,0,0,0,0,Normal operation
ISZ-024,2026-09-08 16:50:00,1152.0,42.9,47.7,54.5,92.5,294.1,58.9,27.32,130.5,Normal,0,0,0,0,0,Normal operation
ISZ-024,2026-09-08 17:00:00,1365.0,79.0,20,24.2,83.6,268.7,54.2,26.56,101.0,Normal,0,0,0,0,0,Normal operation
ISZ-024,2026-09-08 17:10:00,1329.0,71.1,90.5,55.0,89.7,321.7,51.0,26.98,149.3,Normal,0,0,0,0,0,Normal operation
ISZ-024,2026-09-08 17:20:00,1875.0,38.2,58.5,37.4,90.2,327.0,65.6,27.86,90.1,Normal,0,0,0,0,0,Normal operation
ISZ-024,2026-09-08 17:30:00,1191.0,59.0,47.8,89.4,86.9,334.1,64.3,26.79,123.1,Normal,0,0,0,0,0,Normal operation
ISZ-024,2026-09-08 17:40:00,1402.0,58.5,65.2,8,87.5,335.4,68.1,27.79,56.1,Normal,0,0,0,0,0,Normal operation
ISZ-024,2026-09-08 17:50:00,1706.0,46.9,39.2,34.9,92.5,335.4,68.9,28.01,84.2,Normal,0,0,0,0,0,Normal operation
ISZ-024,2026-09-08 18:00:00,529.0,3.2,5.6,0,88.4,218.6,32.1,26.51,56.0,Normal,0,0,1,0,0,Normal operation
ISZ-024,2026-09-08 18:10:00,535.0,3.1,22.1,0,86.0,254.2,27.3,26.94,26.1,Normal,0,0,0,0,0,Normal operation
ISZ-024,2026-09-08 18:20:00,549.0,0.8,19.1,1.4,83.0,238.8,39.9,27.14,35.3,Normal,0,0,0,0,0,Normal operation
ISZ-024,2026-09-08 18:30:00,553.0,0,19.6,1.9,88.8,257.3,39.7,26.38,18.6,Normal,0,0,1,0,0,Normal operation
ISZ-024,2026-09-08 18:40:00,1422.0,18.0,65.4,86.0,85.3,315.3,66.8,27.17,109.5,Normal,0,0,0,0,0,Normal operation
ISZ-024,2026-09-08 18:50:00,1646.0,53.6,49.3,17.9,94.4,351.7,66.1,27.15,64.8,Normal,0,0,0,0,0,Normal operation
ISZ-024,2026-09-08 19:00:00,1390.0,40.6,64.1,57.5,90.4,351.7,33.5,26.56,79.0,Normal,1,0,0,0,0,Fuel rail pressure abnormal
ISZ-024,2026-09-08 19:10:00,1475.0,45.3,71.0,33.3,83.2,339.4,32.3,27.38,122.4,Normal,1,0,0,0,0,Fuel rail pressure abnormal
ISZ-024,2026-09-08 19:20:00,2377.0,49.9,79.1,8,88.4,386.1,37.8,26.83,126.6,Normal,1,0,0,0,0,Fuel rail pressure abnormal
ISZ-024,2026-09-08 19:30:00,1260.0,24.7,78.1,72.0,87.7,368.2,51.8,26.89,144.4,Normal,1,0,0,0,0,Fuel rail pressure abnormal
ISZ-024,2026-09-08 19:40:00,1194.0,68.2,62.9,40.7,86.6,340.1,39.3,27.14,106.6,Normal,1,0,0,0,0,Fuel rail pressure abnormal
ISZ-024,2026-09-08 19:50:00,938.0,50.0,58.5,41.1,87.9,262.6,34.5,27.46,48.9,Normal,1,0,0,0,0,Fuel rail pressure abnormal
ISZ-024,2026-09-08 20:00:00,2025.0,40.7,34.0,53.4,79.4,324.2,58.2,27.23,112.4,Normal,1,0,0,0,0,Fuel rail pressure abnormal
ISZ-024,2026-09-08 20:10:00,1749.0,45.5,39.6,41.1,86.2,386.8,30.6,27.17,97.4,Normal,1,0,0,0,0,Fuel rail pressure abnormal
ISZ-024,2026-09-08 20:20:00,1746.0,33.1,90.4,21.0,82.0,338.6,37.4,27.33,63.4,Normal,1,0,0,0,0,Fuel rail pressure abnormal
ISZ-024,2026-09-08 20:30:00,1111.0,61.2,67.5,47.5,79.0,331.9,55.6,26.85,62.8,Normal,1,0,0,0,0,Fuel rail pressure abnormal
ISZ-024,2026-09-08 20:40:00,889.0,35.9,20.6,63.9,88.4,319.9,38.7,27.25,135.7,Normal,1,0,0,0,0,Fuel rail pressure abnormal
ISZ-024,2026-09-08 20:50:00,2195.0,42.3,29.8,15.2,90.0,322.9,44.6,27.7,77.3,Normal,1,0,0,0,0,Fuel rail pressure abnormal
ISZ-024,2026-09-08 21:00:00,1680.0,76.4,61.3,59.7,78.9,341.8,41.8,27.32,106.4,Normal,1,0,0,0,0,Fuel rail pressure abnormal
ISZ-024,2026-09-08 21:10:00,1987.0,37.3,36.6,26.9,79.4,306.7,41.3,27.17,58.2,Normal,1,0,0,0,0,Fuel rail pressure abnormal
ISZ-024,2026-09-08 21:20:00,1626.0,72.0,36.3,73.7,91.7,362.9,45.5,26.61,43.3,Normal,1,0,0,0,0,Fuel rail pressure abnormal
ISZ-024,2026-09-08 21:30:00,1532.0,20.1,76.3,78.8,92.8,270.4,41.1,27.37,145.2,Normal,1,0,0,0,0,Fuel rail pressure abnormal
ISZ-024,2026-09-08 21:40:00,964.0,69.7,51.3,70.4,86.6,293.5,38.1,27.49,117.0,Normal,1,0,0,0,0,Fuel rail pressure abnormal
ISZ-024,2026-09-08 21:50:00,1481.0,71.3,60.3,38.5,85.1,290.1,33.6,27.17,61.8,Normal,1,0,0,0,0,Fuel rail pressure abnormal
ISZ-024,2026-09-08 22:00:00,535.0,0,18.3,0.1,84.4,248.9,23.3,26.95,45.1,Normal,1,0,0,1,0,Fuel rail pressure abnormal
ISZ-024,2026-09-08 22:10:00,529.0,0,18.7,4.2,89.4,222.9,18.1,27.61,23.1,Normal,1,0,1,1,0,Fuel rail pressure abnormal
ISZ-024,2026-09-08 22:20:00,540.0,2.2,17.6,1.5,89.8,249.1,24.1,27.16,8,Normal,1,0,0,1,0,Fuel rail pressure abnormal
ISZ-024,2026-09-08 22:30:00,528.0,1.3,15.0,3.8,87.5,229.0,23.2,27.51,28.8,Normal,1,0,1,1,0,Fuel rail pressure abnormal
ISZ-024,2026-09-08 22:40:00,1402.0,49.0,57.7,48.2,87.7,339.6,25.8,27.39,35.9,Normal,1,0,0,0,0,Fuel rail pressure abnormal
ISZ-024,2026-09-08 22:50:00,2374.0,61.3,40.0,45.2,89.6,310.3,35.9,27.25,136.9,Normal,1,0,0,0,0,Fuel rail pressure abnormal
ISZ-024,2026-09-08 23:00:00,2304.0,51.6,60.1,19.4,90.1,335.3,39.0,27.23,108.3,Normal,1,0,0,0,0,Fuel rail pressure abnormal
ISZ-024,2026-09-08 23:10:00,1811.0,49.3,54.8,80.9,95.6,293.5,41.6,27.19,117.0,Normal,1,0,0,0,0,Fuel rail pressure abnormal
ISZ-024,2026-09-08 23:20:00,1718.0,81.9,51.9,57.9,89.5,310.7,47.6,27.11,136.0,Normal,1,0,0,0,0,Fuel rail pressure abnormal
ISZ-024,2026-09-08 23:30:00,1170.0,49.4,80.4,8.5,95.4,316.1,47.7,27.9,97.0,Normal,1,0,0,0,0,Fuel rail pressure abnormal
ISZ-024,2026-09-08 23:40:00,1617.0,53.1,61.3,63.9,94.1,304.8,43.3,27.22,162.3,Normal,1,0,0,0,0,Fuel rail pressure abnormal
ISZ-024,2026-09-08 23:50:00,1975.0,61.7,53.9,45.9,90.9,337.4,40.4,27.23,95.5,Normal,1,0,0,0,0,Fuel rail pressure abnormal
ISZ-024,2026-09-09 00:00:00,1474.0,35.4,71.3,79.9,86.6,366.8,36.9,27.18,66.1,Normal,1,0,0,0,0,Fuel rail pressure abnormal
ISZ-024,2026-09-09 00:10:00,1759.0,60.9,70.7,49.5,87.9,356.2,34.0,27.44,86.4,Normal,1,0,0,0,0,Fuel rail pressure abnormal
ISZ-024,2026-09-09 00:20:00,1650.0,67.8,39.2,70.5,84.2,392.8,47.3,27.35,48.5,Normal,1,0,0,0,0,Fuel rail pressure abnormal
ISZ-024,2026-09-09 00:30:00,1301.0,61.2,55.2,29.8,86.3,323.4,40.4,27.09,77.4,Normal,1,0,0,0,0,Fuel rail pressure abnormal
ISZ-024,2026-09-09 00:40:00,800,41.4,61.2,96.6,82.2,295.9,44.0,27.66,106.3,Normal,1,0,0,0,0,Fuel rail pressure abnormal
ISZ-024,2026-09-09 00:50:00,2146.0,29.2,75.6,74.9,82.9,368.6,39.0,27.09,69.3,Normal,1,0,0,0,0,Fuel rail pressure abnormal
ISZ-024,2026-09-09 01:00:00,2072.0,55.2,36.2,57.1,85.8,294.8,38.3,27.34,72.1,Normal,1,0,0,0,0,Fuel rail pressure abnormal
ISZ-024,2026-09-09 01:10:00,1803.0,58.8,41.7,44.9,82.1,341.9,46.5,26.22,109.1,Normal,1,0,0,0,0,Fuel rail pressure abnormal
ISZ-024,2026-09-09 01:20:00,858.0,65.3,90.5,17.7,90.8,366.9,41.8,27.1,133.2,Normal,1,0,0,0,0,Fuel rail pressure abnormal
ISZ-024,2026-09-09 01:30:00,2303.0,45.3,88.1,39.5,90.7,330.8,34.3,26.71,109.6,Normal,1,0,0,0,0,Fuel rail pressure abnormal
ISZ-024,2026-09-09 01:40:00,1396.0,68.5,44.0,67.3,85.6,289.9,39.5,27.48,105.8,Normal,1,0,0,0,0,Fuel rail pressure abnormal
ISZ-024,2026-09-09 01:50:00,1539.0,61.3,52.8,34.9,94.1,326.2,37.8,28.19,53.7,Normal,1,0,0,0,0,Fuel rail pressure abnormal
ISZ-025,2026-09-08 06:00:00,544.0,0,7.3,1.9,78.3,271.7,30.5,27.75,30.3,Normal,0,0,0,0,0,Normal operation
ISZ-025,2026-09-08 06:10:00,534.0,7.1,23.2,4.2,84.4,228.8,37.7,28.01,21.0,Normal,0,0,0,0,0,Normal operation
ISZ-025,2026-09-08 06:20:00,542.0,1.0,17.0,3.4,90.1,241.5,29.9,27.11,86.0,Normal,0,0,0,0,0,Normal operation
ISZ-025,2026-09-08 06:30:00,538.0,1.8,18.5,7.7,84.0,259.6,31.8,26.41,56.3,Normal,0,0,0,0,0,Normal operation
ISZ-025,2026-09-08 06:40:00,1557.0,51.4,43.1,48.3,90.7,315.3,63.2,27.34,100.0,Normal,0,0,0,0,0,Normal operation
ISZ-025,2026-09-08 06:50:00,1358.0,67.7,40.1,8.5,94.8,380.2,65.1,27.17,99.1,Normal,0,0,0,0,0,Normal operation
ISZ-025,2026-09-08 07:00:00,2052.0,47.0,52.1,20.8,89.8,342.3,68.1,27.3,73.0,Normal,0,0,0,0,0,Normal operation
ISZ-025,2026-09-08 07:10:00,952.0,72.7,70.2,26.0,90.9,345.0,80.8,27.12,98.2,Normal,0,0,0,0,0,Normal operation
ISZ-025,2026-09-08 07:20:00,960.0,71.9,71.5,58.9,81.1,314.8,65.6,27.8,80.7,Normal,0,0,0,0,0,Normal operation
ISZ-025,2026-09-08 07:30:00,1611.0,68.6,74.3,77.1,78.8,308.5,53.8,27.22,104.6,Normal,0,0,0,0,0,Normal operation
ISZ-025,2026-09-08 07:40:00,1105.0,83.5,61.4,37.7,83.7,288.3,61.4,26.54,116.8,Normal,0,0,0,0,0,Normal operation
ISZ-025,2026-09-08 07:50:00,1640.0,48.2,46.0,81.9,85.8,292.4,58.2,26.54,88.8,Normal,0,0,0,0,0,Normal operation
ISZ-025,2026-09-08 08:00:00,1292.0,52.7,53.3,62.5,96.4,320.3,63.6,27.98,93.5,Normal,0,0,0,0,0,Normal operation
ISZ-025,2026-09-08 08:10:00,1880.0,48.3,72.0,52.9,84.4,332.0,63.7,28.11,63.9,Normal,0,0,0,0,0,Normal operation
ISZ-025,2026-09-08 08:20:00,1109.0,69.3,70.4,30.3,90.7,343.4,51.9,27.4,92.7,Normal,0,0,0,0,0,Normal operation
ISZ-025,2026-09-08 08:30:00,1174.0,66.8,48.0,49.6,89.4,290.0,67.0,26.99,96.4,Normal,0,0,0,0,0,Normal operation
ISZ-025,2026-09-08 08:40:00,1685.0,26.3,66.8,71.4,84.8,309.0,62.2,27.1,110.1,Normal,0,0,0,0,0,Normal operation
ISZ-025,2026-09-08 08:50:00,1081.0,64.2,38.7,41.7,87.4,321.6,71.0,27.85,84.9,Normal,0,0,0,0,0,Normal operation
ISZ-025,2026-09-08 09:00:00,1285.0,32.5,52.8,40.2,86.9,309.1,66.2,27.2,137.4,Normal,0,0,0,0,0,Normal operation
ISZ-025,2026-09-08 09:10:00,1532.0,53.7,32.3,22.3,95.4,334.5,61.3,26.92,73.7,Normal,0,0,0,0,0,Normal operation
ISZ-025,2026-09-08 09:20:00,1806.0,57.9,73.8,51.1,83.0,305.9,73.5,27.32,75.2,Normal,0,0,0,0,0,Normal operation
ISZ-025,2026-09-08 09:30:00,1882.0,32.7,73.5,8.5,84.1,322.3,61.1,28.11,101.5,Normal,0,0,0,0,0,Normal operation
ISZ-025,2026-09-08 09:40:00,1090.0,55.9,65.5,41.2,97.6,343.3,50.6,27.27,80.6,Normal,0,0,0,0,0,Normal operation
ISZ-025,2026-09-08 09:50:00,1861.0,68.0,47.2,53.8,89.3,339.7,64.0,27.05,107.9,Normal,0,0,0,0,0,Normal operation
ISZ-025,2026-09-08 10:00:00,538.0,0.2,28.1,0,88.3,296.2,23.5,27.89,8,Normal,0,0,0,1,0,Normal operation
ISZ-025,2026-09-08 10:10:00,545.0,1.8,22.8,0.8,86.1,316.1,37.7,27.54,17.8,Normal,0,0,0,0,0,Normal operation
ISZ-025,2026-09-08 10:20:00,542.0,3.8,19.3,0,86.8,306.6,26.5,27.31,39.9,Normal,0,0,0,0,0,Normal operation
ISZ-025,2026-09-08 10:30:00,543.0,0,19.6,4.8,84.2,232.4,37.1,27.34,19.0,Normal,0,0,0,0,0,Normal operation
ISZ-025,2026-09-08 10:40:00,1695.0,36.8,52.4,30.4,87.4,254.2,72.2,27.23,113.2,Normal,0,0,0,0,0,Normal operation
ISZ-025,2026-09-08 10:50:00,1805.0,60.5,57.8,46.4,90.6,345.6,67.5,26.78,97.5,Normal,0,0,0,0,0,Normal operation
ISZ-025,2026-09-08 11:00:00,1956.0,62.7,20,34.1,99.1,353.0,65.5,27.02,53.1,Normal,0,0,0,0,0,Normal operation
ISZ-025,2026-09-08 11:10:00,1840.0,74.1,61.4,26.5,90.3,353.9,66.6,27.6,125.4,Normal,0,0,0,0,0,Normal operation
ISZ-025,2026-09-08 11:20:00,1553.0,76.3,87.8,34.4,81.4,316.6,72.9,27.22,147.0,Normal,0,0,0,0,0,Normal operation
ISZ-025,2026-09-08 11:30:00,1375.0,70.7,45.5,21.1,83.1,316.7,48.8,26.63,113.5,Normal,0,0,0,0,0,Normal operation
ISZ-025,2026-09-08 11:40:00,1320.0,64.7,57.9,62.2,77.9,299.6,76.8,27.54,142.6,Normal,0,0,0,0,0,Normal operation
ISZ-025,2026-09-08 11:50:00,1384.0,57.4,71.9,64.8,93.3,314.2,52.7,27.12,71.7,Normal,0,0,0,0,0,Normal operation
ISZ-025,2026-09-08 12:00:00,888.0,21.2,58.0,34.4,88.2,309.1,83.6,27.17,72.8,Normal,0,0,0,0,0,Normal operation
ISZ-025,2026-09-08 12:10:00,1573.0,21.5,65.9,79.7,85.1,345.7,56.9,26.3,55.3,Normal,0,0,0,0,0,Normal operation
ISZ-025,2026-09-08 12:20:00,1199.0,31.6,51.5,45.8,86.3,308.9,50.0,27.78,96.2,Normal,0,0,0,0,0,Normal operation
ISZ-025,2026-09-08 12:30:00,1334.0,66.6,27.9,60.5,90.8,313.3,69.5,27.14,121.0,Normal,0,0,0,0,0,Normal operation
ISZ-025,2026-09-08 12:40:00,1342.0,46.1,63.3,49.5,88.3,351.6,68.0,26.32,101.1,Normal,0,0,0,0,0,Normal operation
ISZ-025,2026-09-08 12:50:00,1466.0,41.5,49.3,28.7,84.9,313.1,65.9,27.08,86.7,Normal,0,0,0,0,0,Normal operation
ISZ-025,2026-09-08 13:00:00,1546.0,38.8,77.3,33.3,88.9,304.2,62.8,26.81,90.8,Normal,0,0,0,0,0,Normal operation
ISZ-025,2026-09-08 13:10:00,1297.0,50.7,37.8,28.8,84.8,323.9,68.5,27.55,54.4,Normal,0,0,0,0,0,Normal operation
ISZ-025,2026-09-08 13:20:00,1518.0,44.6,78.8,86.3,88.7,298.2,75.3,27.68,87.4,Normal,0,0,0,0,0,Normal operation
ISZ-025,2026-09-08 13:30:00,1544.0,21.3,72.8,37.7,94.2,314.4,56.5,27.48,80.2,Normal,0,0,0,0,0,Normal operation
ISZ-025,2026-09-08 13:40:00,1426.0,93.0,85.5,35.6,88.0,345.0,67.9,27.19,83.1,Normal,0,0,0,0,0,Normal operation
ISZ-025,2026-09-08 13:50:00,1955.0,54.8,60.2,62.2,91.7,304.1,63.7,27.81,120.3,Normal,0,0,0,0,0,Normal operation
ISZ-025,2026-09-08 14:00:00,537.0,3.8,20.9,1.0,88.4,260.6,35.7,26.91,54.7,Normal,0,0,0,0,0,Normal operation
ISZ-025,2026-09-08 14:10:00,546.0,0,20.7,6.2,82.6,239.5,31.6,27.4,10.4,Normal,0,0,0,0,0,Normal operation
ISZ-025,2026-09-08 14:20:00,528.0,5.2,18.7,1.7,89.2,279.1,38.1,27.38,8,Normal,0,0,1,0,0,Normal operation
ISZ-025,2026-09-08 14:30:00,545.0,1.5,17.1,0.4,81.1,269.5,31.0,27.19,27.3,Normal,0,0,0,0,0,Normal operation
ISZ-025,2026-09-08 14:40:00,2600,40.6,68.5,23.3,95.6,360.2,68.9,26.75,78.9,Normal,0,0,0,0,0,Normal operation
ISZ-025,2026-09-08 14:50:00,1707.0,38.2,63.5,8,86.3,333.3,79.2,26.85,109.5,Normal,0,0,0,0,0,Normal operation
ISZ-025,2026-09-08 15:00:00,1716.0,47.6,45.7,28.6,89.8,363.1,61.7,26.24,89.0,Normal,0,0,0,0,0,Normal operation
ISZ-025,2026-09-08 15:10:00,2094.0,57.5,36.1,43.4,85.4,304.3,73.9,26.63,140.1,Normal,0,0,0,0,0,Normal operation
ISZ-025,2026-09-08 15:20:00,2010.0,38.5,76.0,41.9,90.7,374.2,79.7,26.43,106.8,Normal,0,0,0,0,0,Normal operation
ISZ-025,2026-09-08 15:30:00,1208.0,74.2,54.7,23.1,86.6,368.4,67.4,26.52,102.5,Normal,0,0,0,0,0,Normal operation
ISZ-025,2026-09-08 15:40:00,1668.0,69.4,44.6,53.4,92.2,269.9,56.9,26.93,74.7,Normal,0,0,0,0,0,Normal operation
ISZ-025,2026-09-08 15:50:00,1234.0,41.6,30.0,49.8,87.9,311.4,68.2,27.27,122.0,Normal,0,0,0,0,0,Normal operation
ISZ-025,2026-09-08 16:00:00,1457.0,25.9,44.8,21.7,93.5,284.5,72.0,28.03,121.5,Normal,0,0,0,0,0,Normal operation
ISZ-025,2026-09-08 16:10:00,1673.0,28.4,83.5,59.3,88.6,289.7,71.8,26.1,96.1,Normal,0,0,0,0,0,Normal operation
ISZ-025,2026-09-08 16:20:00,1704.0,60.2,55.5,67.1,90.7,264.7,76.7,26.85,119.3,Normal,0,0,0,0,0,Normal operation
ISZ-025,2026-09-08 16:30:00,1811.0,54.7,39.2,38.3,88.3,352.2,67.2,27.52,133.9,Normal,0,0,0,0,0,Normal operation
ISZ-025,2026-09-08 16:40:00,1841.0,67.6,90.8,8,83.9,323.1,60.8,27.48,90.4,Normal,0,0,0,0,0,Normal operation
ISZ-025,2026-09-08 16:50:00,1875.0,65.0,44.8,30.9,85.7,302.9,51.3,26.95,62.9,Normal,0,0,0,0,0,Normal operation
ISZ-025,2026-09-08 17:00:00,1096.0,70.7,79.8,33.1,85.7,283.4,73.9,26.57,37.2,Normal,0,0,0,0,0,Normal operation
ISZ-025,2026-09-08 17:10:00,1008.0,36.7,34.8,52.6,88.0,318.5,52.7,27.5,87.7,Normal,0,0,0,0,0,Normal operation
ISZ-025,2026-09-08 17:20:00,1483.0,95,48.1,28.4,85.0,308.1,63.8,27.06,128.8,Normal,0,0,0,0,0,Normal operation
ISZ-025,2026-09-08 17:30:00,1857.0,64.2,64.8,67.9,86.6,326.3,62.0,27.67,114.7,Normal,0,0,0,0,0,Normal operation
ISZ-025,2026-09-08 17:40:00,1905.0,58.2,47.2,36.6,83.2,340.8,63.1,27.31,150.8,Normal,0,0,0,0,0,Normal operation
ISZ-025,2026-09-08 17:50:00,1290.0,64.0,48.3,8,89.2,319.6,66.9,27.57,58.6,Normal,0,0,0,0,0,Normal operation
ISZ-025,2026-09-08 18:00:00,549.0,2.4,16.2,0,91.8,245.8,25.1,27.62,60.2,Normal,0,0,0,0,0,Normal operation
ISZ-025,2026-09-08 18:10:00,536.0,0.7,23.5,0.8,88.7,253.0,20.1,26.77,8,Normal,0,0,0,1,0,Normal operation
ISZ-025,2026-09-08 18:20:00,532.0,2.7,15.7,1.9,86.3,250.6,11.5,27.02,8,Normal,0,0,0,1,0,Normal operation
ISZ-025,2026-09-08 18:30:00,535.0,3.8,17.7,0,85.0,271.1,11.3,26.04,35.1,Normal,0,0,0,1,0,Normal operation
ISZ-025,2026-09-08 18:40:00,1325.0,53.3,67.8,58.0,86.7,311.9,51.2,26.88,95.5,Normal,0,0,0,0,0,Normal operation
ISZ-025,2026-09-08 18:50:00,1551.0,45.1,42.2,31.4,88.5,297.6,62.1,28.18,90.2,Normal,0,0,0,0,0,Normal operation
ISZ-025,2026-09-08 19:00:00,1688.0,42.2,53.8,55.4,92.4,296.5,54.7,27.06,69.2,Normal,0,0,0,0,0,Normal operation
ISZ-025,2026-09-08 19:10:00,1060.0,41.9,54.8,59.7,84.1,314.1,63.1,27.81,108.2,Normal,0,0,0,0,0,Normal operation
ISZ-025,2026-09-08 19:20:00,1694.0,62.4,64.8,47.7,90.5,313.9,71.1,27.27,113.7,Normal,0,0,0,0,0,Normal operation
ISZ-025,2026-09-08 19:30:00,2051.0,71.7,53.9,41.1,87.8,369.0,52.8,26.58,78.1,Normal,0,0,0,0,0,Normal operation
ISZ-025,2026-09-08 19:40:00,1614.0,69.4,47.8,54.9,82.9,334.0,62.2,27.0,53.9,Normal,0,0,0,0,0,Normal operation
ISZ-025,2026-09-08 19:50:00,1732.0,47.3,60.9,72.4,84.7,321.1,51.0,26.71,81.1,Normal,0,0,0,0,0,Normal operation
ISZ-025,2026-09-08 20:00:00,1859.0,65.0,56.8,40.3,89.5,337.2,77.0,26.45,64.8,Normal,0,0,0,0,0,Normal operation
ISZ-025,2026-09-08 20:10:00,1574.0,47.1,65.0,73.6,84.9,281.4,68.4,27.67,102.3,Normal,0,0,0,0,0,Normal operation
ISZ-025,2026-09-08 20:20:00,1543.0,53.6,23.4,40.1,82.4,334.8,79.1,27.04,79.7,Normal,0,0,0,0,0,Normal operation
ISZ-025,2026-09-08 20:30:00,1936.0,83.6,40.2,23.2,85.9,333.9,75.1,27.72,152.6,Normal,0,0,0,0,0,Normal operation
ISZ-025,2026-09-08 20:40:00,1069.0,60.7,91.0,66.0,79.4,300.3,71.9,27.51,119.9,Normal,0,0,0,0,0,Normal operation
ISZ-025,2026-09-08 20:50:00,2115.0,80.2,48.8,50.2,89.7,332.1,67.6,27.81,62.1,Normal,0,0,0,0,0,Normal operation
ISZ-025,2026-09-08 21:00:00,2109.0,28.5,45.5,38.8,80.3,360.0,68.1,27.23,118.2,Normal,0,0,0,0,0,Normal operation
ISZ-025,2026-09-08 21:10:00,1587.0,67.0,69.6,34.7,83.0,288.9,64.3,27.15,94.0,Normal,0,0,0,0,0,Normal operation
ISZ-025,2026-09-08 21:20:00,1827.0,60.2,60.1,53.7,85.0,344.5,67.0,26.74,82.8,Normal,0,0,0,0,0,Normal operation
ISZ-025,2026-09-08 21:30:00,1711.0,28.1,47.1,56.0,74.6,352.2,73.8,26.87,125.0,Normal,0,0,0,0,0,Normal operation
ISZ-025,2026-09-08 21:40:00,1886.0,70.1,64.4,76.4,90.7,395.0,62.8,26.8,85.7,Normal,0,0,0,0,0,Normal operation
ISZ-025,2026-09-08 21:50:00,2279.0,51.0,42.0,19.7,80.8,295.6,61.2,26.82,81.7,Normal,0,0,0,0,0,Normal operation
ISZ-025,2026-09-08 22:00:00,542.0,0,11.8,0.9,87.1,219.4,26.3,27.31,14.7,Normal,0,0,0,0,0,Normal operation
ISZ-025,2026-09-08 22:10:00,553.0,0,21.8,0.5,86.9,224.6,37.6,27.29,10.1,Normal,0,0,1,0,0,Normal operation
ISZ-025,2026-09-08 22:20:00,532.0,2.1,11.6,3.7,84.9,271.0,38.0,26.49,9.1,Normal,0,0,0,0,0,Normal operation
ISZ-025,2026-09-08 22:30:00,551.0,1.2,11.4,3.5,86.8,203.2,23.4,27.49,8,Normal,0,0,1,1,0,Normal operation
ISZ-025,2026-09-08 22:40:00,1407.0,67.5,65.9,32.9,94.3,354.5,80.8,27.42,74.3,Normal,0,0,0,0,0,Normal operation
ISZ-025,2026-09-08 22:50:00,1241.0,41.4,82.0,38.7,87.6,319.4,71.3,27.49,91.0,Normal,0,0,0,0,0,Normal operation
ISZ-025,2026-09-08 23:00:00,2071.0,40.5,57.6,33.5,84.4,395.0,51.7,27.76,118.1,Normal,0,0,0,0,0,Normal operation
ISZ-025,2026-09-08 23:10:00,1189.0,37.4,57.4,71.0,88.9,323.9,54.0,27.64,73.3,Normal,0,0,0,0,0,Normal operation
ISZ-025,2026-09-08 23:20:00,1705.0,60.2,54.4,51.2,86.5,333.5,46.9,26.6,80.7,Normal,0,0,0,0,0,Normal operation
ISZ-025,2026-09-08 23:30:00,867.0,82.2,77.3,80.9,94.1,366.7,63.7,27.01,78.9,Normal,0,0,0,0,0,Normal operation
ISZ-025,2026-09-08 23:40:00,2197.0,53.1,80.1,61.9,86.3,345.9,69.2,26.96,49.5,Normal,0,0,0,0,0,Normal operation
ISZ-025,2026-09-08 23:50:00,2574.0,5,32.5,45.1,85.9,323.8,75.3,27.46,80.1,Normal,0,0,0,0,0,Normal operation
ISZ-025,2026-09-09 00:00:00,1693.0,48.8,34.7,45.1,84.8,333.1,66.6,27.34,136.9,Normal,0,0,0,0,0,Normal operation
ISZ-025,2026-09-09 00:10:00,1659.0,58.5,57.7,22.3,96.2,328.8,76.0,27.97,90.6,Normal,0,0,0,0,0,Normal operation
ISZ-025,2026-09-09 00:20:00,1716.0,46.5,64.5,32.3,90.2,327.1,58.6,27.52,90.7,Normal,0,0,0,0,0,Normal operation
ISZ-025,2026-09-09 00:30:00,1131.0,57.1,95,57.6,87.7,293.5,72.8,27.48,113.6,Normal,0,0,0,0,0,Normal operation
ISZ-025,2026-09-09 00:40:00,2008.0,32.8,66.1,39.7,84.6,338.4,71.0,27.4,63.7,Normal,0,0,0,0,0,Normal operation
ISZ-025,2026-09-09 00:50:00,1989.0,51.0,83.1,32.5,80.3,358.1,61.0,27.78,98.2,Normal,0,0,0,0,0,Normal operation
ISZ-025,2026-09-09 01:00:00,825.0,38.0,57.0,55.1,85.6,331.4,51.8,26.96,89.6,Normal,0,0,0,0,0,Normal operation
ISZ-025,2026-09-09 01:10:00,1492.0,37.2,67.6,61.8,90.7,304.0,47.6,27.08,80.1,Normal,0,0,0,0,0,Normal operation
ISZ-025,2026-09-09 01:20:00,2202.0,44.8,68.1,16.4,88.0,303.0,59.2,27.21,113.4,Normal,0,0,0,0,0,Normal operation
ISZ-025,2026-09-09 01:30:00,2276.0,62.8,57.2,44.5,91.1,351.6,59.4,27.42,72.9,Normal,0,0,0,0,0,Normal operation
ISZ-025,2026-09-09 01:40:00,1237.0,89.3,44.3,56.0,85.4,373.2,65.7,27.36,137.9,Normal,0,0,0,0,0,Normal operation
ISZ-025,2026-09-09 01:50:00,2098.0,31.2,68.9,28.5,82.5,307.3,80.5,27.79,125.2,Normal,0,0,0,0,0,Normal operation
ISZ-026,2026-09-08 06:00:00,538.0,0,21.0,0.9,90.1,229.7,37.7,28.52,21.8,Normal,0,0,0,0,0,Normal operation
ISZ-026,2026-09-08 06:10:00,537.0,0.8,11.6,2.3,80.7,262.1,26.8,28.22,15.8,Normal,0,0,0,0,0,Normal operation
ISZ-026,2026-09-08 06:20:00,553.0,1.7,31.3,1.5,88.4,227.3,27.2,27.87,8,Normal,0,0,1,0,0,Normal operation
ISZ-026,2026-09-08 06:30:00,549.0,0,17.3,7.5,90.4,245.0,27.3,26.42,8,Normal,0,0,0,0,0,Normal operation
ISZ-026,2026-09-08 06:40:00,1411.0,66.0,56.6,67.1,90.8,347.1,80.1,27.41,77.2,Normal,0,0,0,0,0,Normal operation
ISZ-026,2026-09-08 06:50:00,1794.0,26.3,75.7,33.1,79.2,340.5,65.5,27.59,114.1,Normal,0,0,0,0,0,Normal operation
ISZ-026,2026-09-08 07:00:00,1558.0,60.0,58.6,71.6,89.4,311.1,54.6,26.26,111.6,Normal,0,0,0,0,0,Normal operation
ISZ-026,2026-09-08 07:10:00,1251.0,87.5,49.9,68.2,85.4,329.3,76.7,27.22,74.0,Normal,0,0,0,0,0,Normal operation
ISZ-026,2026-09-08 07:20:00,1950.0,59.8,55.1,57.9,98.8,311.3,65.4,27.29,99.6,Normal,0,0,0,0,0,Normal operation
ISZ-026,2026-09-08 07:30:00,1741.0,43.8,46.5,69.5,93.8,310.9,62.6,26.54,111.0,Normal,0,0,0,0,0,Normal operation
ISZ-026,2026-09-08 07:40:00,1049.0,35.0,82.4,47.1,82.3,245.0,57.7,26.44,92.4,Normal,0,0,0,0,0,Normal operation
ISZ-026,2026-09-08 07:50:00,2210.0,46.7,32.4,62.8,88.8,322.5,58.7,27.47,96.1,Normal,0,0,0,0,0,Normal operation
ISZ-026,2026-09-08 08:00:00,2085.0,56.1,76.5,47.1,83.9,327.0,93.7,26.84,59.2,Normal,0,0,0,0,0,Normal operation
ISZ-026,2026-09-08 08:10:00,1372.0,39.0,57.4,29.7,86.4,339.1,69.5,27.27,149.4,Normal,0,0,0,0,0,Normal operation
ISZ-026,2026-09-08 08:20:00,1472.0,51.7,65.3,73.1,86.0,314.6,60.5,26.78,78.8,Normal,0,0,0,0,0,Normal operation
ISZ-026,2026-09-08 08:30:00,1408.0,88.2,43.7,40.9,86.1,350.4,68.4,26.68,120.2,Normal,0,0,0,0,0,Normal operation
ISZ-026,2026-09-08 08:40:00,1891.0,67.6,37.7,32.7,85.1,336.4,70.6,27.44,109.4,Normal,0,0,0,0,0,Normal operation
ISZ-026,2026-09-08 08:50:00,897.0,65.3,56.6,54.6,87.0,282.0,64.2,27.63,84.2,Normal,0,0,0,0,0,Normal operation
ISZ-026,2026-09-08 09:00:00,1458.0,31.8,38.7,25.3,86.9,351.9,82.0,27.12,66.4,Normal,0,0,0,0,0,Normal operation
ISZ-026,2026-09-08 09:10:00,1003.0,9.9,51.7,64.1,86.4,346.0,60.1,27.06,74.0,Normal,0,0,0,0,0,Normal operation
ISZ-026,2026-09-08 09:20:00,814.0,40.5,54.8,60.2,83.9,338.9,60.5,27.52,121.3,Normal,0,0,0,0,0,Normal operation
ISZ-026,2026-09-08 09:30:00,1502.0,57.9,37.7,63.4,89.2,330.0,68.1,26.95,107.5,Normal,0,0,0,0,0,Normal operation
ISZ-026,2026-09-08 09:40:00,1499.0,23.8,50.1,55.4,87.3,348.5,71.6,27.26,97.6,Normal,0,0,0,0,0,Normal operation
ISZ-026,2026-09-08 09:50:00,1396.0,40.0,80.0,8,84.3,304.8,54.9,27.36,105.7,Normal,0,0,0,0,0,Normal operation
ISZ-026,2026-09-08 10:00:00,529.0,2.8,23.1,0.8,89.6,272.6,28.1,28.15,8,Normal,0,0,1,0,0,Normal operation
ISZ-026,2026-09-08 10:10:00,543.0,1.6,9.6,0.6,82.9,284.8,38.5,26.69,30.7,Normal,0,0,0,0,0,Normal operation
ISZ-026,2026-09-08 10:20:00,557.0,5.0,12.4,2.5,85.0,278.3,18.4,27.18,26.3,Normal,0,0,1,1,0,Normal operation
ISZ-026,2026-09-08 10:30:00,551.0,2.4,19.7,2.9,88.0,206.9,43.3,27.28,16.7,Normal,0,0,1,0,0,Normal operation
ISZ-026,2026-09-08 10:40:00,1279.0,56.5,38.6,31.2,89.5,348.5,60.4,27.14,88.1,Normal,0,0,0,0,0,Normal operation
ISZ-026,2026-09-08 10:50:00,1248.0,29.8,34.4,24.2,83.7,354.2,68.9,27.89,103.7,Normal,0,0,0,0,0,Normal operation
ISZ-026,2026-09-08 11:00:00,1348.0,65.0,42.9,30.2,91.5,315.9,55.8,27.54,73.7,Normal,0,0,0,0,0,Normal operation
ISZ-026,2026-09-08 11:10:00,1009.0,77.6,68.0,40.5,90.1,301.9,61.3,27.35,126.9,Normal,0,0,0,0,0,Normal operation
ISZ-026,2026-09-08 11:20:00,2365.0,13.7,28.9,25.5,86.4,347.9,60.6,27.26,87.4,Normal,0,0,0,0,0,Normal operation
ISZ-026,2026-09-08 11:30:00,1909.0,38.7,33.9,44.2,83.5,313.4,82.1,27.27,60.1,Normal,0,0,0,0,0,Normal operation
ISZ-026,2026-09-08 11:40:00,1508.0,65.5,34.6,92.0,82.7,356.8,64.2,27.4,89.8,Normal,0,0,0,0,0,Normal operation
ISZ-026,2026-09-08 11:50:00,1302.0,70.3,89.6,36.4,89.3,297.6,65.0,27.82,132.9,Normal,0,0,0,0,0,Normal operation
ISZ-026,2026-09-08 12:00:00,1241.0,60.6,45.8,20.4,87.6,303.1,49.0,26.78,101.5,Normal,0,0,0,0,0,Normal operation
ISZ-026,2026-09-08 12:10:00,2441.0,37.2,37.3,38.8,86.6,340.9,68.3,26.18,139.9,Normal,0,0,0,0,0,Normal operation
ISZ-026,2026-09-08 12:20:00,1959.0,49.6,65.1,54.2,86.3,330.3,57.2,26.76,81.9,Normal,0,0,0,0,0,Normal operation
ISZ-026,2026-09-08 12:30:00,2506.0,61.1,95,47.6,87.8,326.9,71.7,26.11,83.5,Normal,0,0,0,0,0,Normal operation
ISZ-026,2026-09-08 12:40:00,1695.0,75.5,86.9,54.2,84.8,287.8,70.5,26.94,115.8,Normal,0,0,0,0,0,Normal operation
ISZ-026,2026-09-08 12:50:00,1162.0,41.2,47.6,22.0,88.8,286.5,44.6,27.57,74.4,Normal,0,0,0,0,0,Normal operation
ISZ-026,2026-09-08 13:00:00,1302.0,41.9,66.8,23.2,89.1,357.5,68.2,26.86,85.1,Normal,0,0,0,0,0,Normal operation
ISZ-026,2026-09-08 13:10:00,1241.0,18.1,59.2,29.4,85.9,342.4,68.5,27.57,117.0,Normal,0,0,0,0,0,Normal operation
ISZ-026,2026-09-08 13:20:00,1381.0,34.4,44.3,86.9,91.7,347.6,73.0,27.57,128.5,Normal,0,0,0,0,0,Normal operation
ISZ-026,2026-09-08 13:30:00,1702.0,36.0,38.5,45.6,90.1,305.3,62.3,26.75,67.6,Normal,0,0,0,0,0,Normal operation
ISZ-026,2026-09-08 13:40:00,1581.0,36.9,75.0,37.7,94.9,293.5,59.6,27.81,88.4,Normal,0,0,0,0,0,Normal operation
ISZ-026,2026-09-08 13:50:00,1935.0,22.3,55.1,8,91.7,366.1,83.3,27.27,103.2,Normal,0,0,0,0,0,Normal operation
ISZ-026,2026-09-08 14:00:00,537.0,0,17.6,1.2,89.2,277.0,35.3,26.78,52.1,Normal,0,0,0,0,0,Normal operation
ISZ-026,2026-09-08 14:10:00,541.0,0,20.7,0.8,89.2,208.5,37.9,27.3,49.3,Normal,0,0,0,0,0,Normal operation
ISZ-026,2026-09-08 14:20:00,536.0,0,31.8,2.2,83.0,229.9,27.2,27.6,18.1,Normal,0,0,0,0,0,Normal operation
ISZ-026,2026-09-08 14:30:00,523.0,2.0,18.7,3.2,83.5,238.4,15.8,28.02,20.7,Normal,0,0,1,1,0,Normal operation
ISZ-026,2026-09-08 14:40:00,1244.0,32.3,70.6,35.8,82.9,356.7,73.8,27.88,102.6,Normal,0,0,0,0,0,Normal operation
ISZ-026,2026-09-08 14:50:00,1250.0,42.7,30.6,32.2,88.0,332.3,54.5,27.94,51.4,Normal,0,0,0,0,0,Normal operation
ISZ-026,2026-09-08 15:00:00,1490.0,74.4,81.8,51.5,92.1,361.1,71.0,27.26,104.7,Normal,0,0,0,0,0,Normal operation
ISZ-026,2026-09-08 15:10:00,1846.0,36.5,53.7,48.6,89.1,265.3,80.9,27.5,91.8,Normal,0,0,0,0,0,Normal operation
ISZ-026,2026-09-08 15:20:00,1033.0,35.9,51.9,33.3,89.2,364.5,68.4,27.37,86.1,Normal,0,0,0,0,0,Normal operation
ISZ-026,2026-09-08 15:30:00,1199.0,48.5,70.4,50.1,87.5,328.5,63.5,27.63,79.2,Normal,0,0,0,0,0,Normal operation
ISZ-026,2026-09-08 15:40:00,1270.0,47.4,44.6,36.0,88.7,269.7,64.2,27.02,108.1,Normal,0,0,0,0,0,Normal operation
ISZ-026,2026-09-08 15:50:00,1611.0,59.8,57.2,33.8,86.5,396.0,58.7,28.22,111.7,Normal,0,0,0,0,0,Normal operation
ISZ-026,2026-09-08 16:00:00,1459.0,46.6,77.4,37.5,82.1,333.4,61.7,26.62,108.6,Normal,0,0,0,0,0,Normal operation
ISZ-026,2026-09-08 16:10:00,1654.0,55.5,65.9,8,90.3,354.7,80.6,26.51,100.5,Normal,0,0,0,0,0,Normal operation
ISZ-026,2026-09-08 16:20:00,1344.0,51.6,38.1,51.4,84.9,325.7,73.8,27.16,97.6,Normal,0,0,0,0,0,Normal operation
ISZ-026,2026-09-08 16:30:00,1806.0,85.3,52.7,42.9,86.7,376.0,64.1,26.29,63.6,Normal,0,0,0,0,0,Normal operation
ISZ-026,2026-09-08 16:40:00,2132.0,59.7,51.3,38.7,82.3,352.2,58.9,27.82,82.4,Normal,0,0,0,0,0,Normal operation
ISZ-026,2026-09-08 16:50:00,1555.0,52.9,73.9,64.5,93.0,285.3,82.0,26.54,120.2,Normal,0,0,0,0,0,Normal operation
ISZ-026,2026-09-08 17:00:00,978.0,82.3,20,39.6,81.8,354.1,68.0,26.9,93.9,Normal,0,0,0,0,0,Normal operation
ISZ-026,2026-09-08 17:10:00,1869.0,39.5,62.5,49.0,91.0,347.2,66.0,26.76,74.2,Normal,0,0,0,0,0,Normal operation
ISZ-026,2026-09-08 17:20:00,1680.0,42.1,64.3,22.3,83.8,374.0,70.3,27.04,73.5,Normal,0,0,0,0,0,Normal operation
ISZ-026,2026-09-08 17:30:00,981.0,66.5,52.8,54.9,85.1,326.1,69.5,27.68,84.2,Normal,0,0,0,0,0,Normal operation
ISZ-026,2026-09-08 17:40:00,2513.0,63.9,44.1,11.1,95.4,348.4,56.3,26.12,74.8,Normal,0,0,0,0,0,Normal operation
ISZ-026,2026-09-08 17:50:00,969.0,55.6,57.7,55.6,84.6,340.6,62.3,27.79,92.7,Normal,0,0,0,0,0,Normal operation
ISZ-026,2026-09-08 18:00:00,539.0,1.9,17.6,0,81.4,239.5,25.7,27.17,14.4,Normal,0,0,0,0,0,Normal operation
ISZ-026,2026-09-08 18:10:00,532.0,1.7,25.9,4.6,92.1,214.9,45.1,26.99,27.9,Normal,0,0,0,0,0,Normal operation
ISZ-026,2026-09-08 18:20:00,538.0,0,16.8,1.5,84.6,282.6,44.2,27.12,69.6,Normal,0,0,0,0,0,Normal operation
ISZ-026,2026-09-08 18:30:00,555.0,1.5,14.2,2.7,89.2,254.9,21.0,26.96,37.2,Normal,0,0,1,1,0,Normal operation
ISZ-026,2026-09-08 18:40:00,1313.0,60.2,90.7,78.9,86.9,310.3,56.5,27.84,108.7,Normal,0,0,0,0,0,Normal operation
ISZ-026,2026-09-08 18:50:00,1363.0,57.2,62.9,56.7,84.9,354.8,72.5,27.2,107.3,Normal,0,0,0,0,0,Normal operation
ISZ-026,2026-09-08 19:00:00,2066.0,5,64.9,45.4,84.4,343.6,82.8,27.86,96.7,Normal,0,0,0,0,0,Normal operation
ISZ-026,2026-09-08 19:10:00,800,85.8,49.1,18.4,86.3,341.5,62.4,27.57,84.7,Normal,0,0,0,0,0,Normal operation
ISZ-026,2026-09-08 19:20:00,800,5,47.2,46.6,84.8,348.7,64.8,26.71,120.1,Normal,0,0,0,0,0,Normal operation
ISZ-026,2026-09-08 19:30:00,1914.0,43.3,72.0,53.5,81.1,347.8,60.9,27.21,96.9,Normal,0,0,0,0,0,Normal operation
ISZ-026,2026-09-08 19:40:00,1053.0,50.6,57.7,42.7,85.4,365.9,75.1,27.22,113.5,Normal,0,0,0,0,0,Normal operation
ISZ-026,2026-09-08 19:50:00,1659.0,53.7,27.7,86.3,84.5,355.2,62.6,26.9,94.9,Normal,0,0,0,0,0,Normal operation
ISZ-026,2026-09-08 20:00:00,1535.0,57.4,25.6,49.4,84.5,334.4,74.5,26.76,68.2,Normal,0,0,0,0,0,Normal operation
ISZ-026,2026-09-08 20:10:00,1773.0,44.0,51.6,47.5,87.2,354.9,69.5,27.34,124.5,Normal,0,0,0,0,0,Normal operation
ISZ-026,2026-09-08 20:20:00,1611.0,61.2,20,54.0,84.9,309.4,59.8,26.55,77.3,Normal,0,0,0,0,0,Normal operation
ISZ-026,2026-09-08 20:30:00,1097.0,41.2,60.1,53.0,86.1,310.9,94.4,27.28,50.4,Normal,0,0,0,0,0,Normal operation
ISZ-026,2026-09-08 20:40:00,1393.0,43.9,72.7,16.2,94.7,346.4,69.5,27.83,118.5,Normal,0,0,0,0,0,Normal operation
ISZ-026,2026-09-08 20:50:00,1320.0,48.2,84.4,37.4,88.1,366.5,68.1,27.28,78.0,Normal,0,0,0,0,0,Normal operation
ISZ-026,2026-09-08 21:00:00,1609.0,39.1,52.9,44.6,89.0,318.7,70.2,27.84,108.8,Normal,0,0,0,0,0,Normal operation
ISZ-026,2026-09-08 21:10:00,1526.0,38.8,43.2,30.7,90.1,320.7,64.8,26.79,89.8,Normal,0,0,0,0,0,Normal operation
ISZ-026,2026-09-08 21:20:00,1114.0,44.8,72.5,28.8,86.2,390.0,53.5,27.26,113.4,Normal,0,0,0,0,0,Normal operation
ISZ-026,2026-09-08 21:30:00,1015.0,57.5,57.4,52.3,85.1,344.9,65.7,26.99,79.6,Normal,0,0,0,0,0,Normal operation
ISZ-026,2026-09-08 21:40:00,1140.0,72.2,56.4,51.3,90.9,347.3,76.6,27.53,91.0,Normal,0,0,0,0,0,Normal operation
ISZ-026,2026-09-08 21:50:00,1126.0,44.8,58.5,27.4,82.1,348.0,55.6,27.94,105.9,Normal,0,0,0,0,0,Normal operation
ISZ-026,2026-09-08 22:00:00,544.0,0.9,5,0,86.8,230.2,37.8,27.24,8,Normal,0,0,0,0,0,Normal operation
ISZ-026,2026-09-08 22:10:00,544.0,0,13.4,0.7,91.0,206.8,30.6,27.18,20.4,Normal,0,0,0,0,0,Normal operation
ISZ-026,2026-09-08 22:20:00,544.0,2.8,24.7,3.7,82.9,245.0,34.8,27.19,87.6,Normal,0,0,0,0,0,Normal operation
ISZ-026,2026-09-08 22:30:00,549.0,1.1,20.0,0,84.6,214.9,28.8,27.32,12.5,Normal,0,0,0,0,0,Normal operation
ISZ-026,2026-09-08 22:40:00,1719.0,79.6,38.6,53.1,87.4,312.6,51.4,27.44,60.3,Normal,0,0,0,0,0,Normal operation
ISZ-026,2026-09-08 22:50:00,1326.0,83.4,71.0,45.9,91.6,325.1,66.1,27.67,87.9,Normal,0,0,0,0,0,Normal operation
ISZ-026,2026-09-08 23:00:00,1956.0,51.7,50.6,86.6,85.9,331.7,53.8,28.14,145.7,Normal,0,0,0,0,0,Normal operation
ISZ-026,2026-09-08 23:10:00,1222.0,88.1,83.5,37.9,85.9,332.4,44.1,27.09,30.0,Normal,0,0,0,0,0,Normal operation
ISZ-026,2026-09-08 23:20:00,1924.0,41.9,67.0,62.1,86.5,321.8,69.5,27.52,140.1,Normal,0,0,0,0,0,Normal operation
ISZ-026,2026-09-08 23:30:00,1589.0,30.7,36.5,82.6,85.1,316.5,76.9,27.73,121.6,Normal,0,0,0,0,0,Normal operation
ISZ-026,2026-09-08 23:40:00,1551.0,36.1,71.3,54.8,89.6,319.1,65.3,27.22,108.1,Normal,0,0,0,0,0,Normal operation
ISZ-026,2026-09-08 23:50:00,2137.0,36.6,68.6,18.4,87.6,321.6,65.2,27.3,113.5,Normal,0,0,0,0,0,Normal operation
ISZ-026,2026-09-09 00:00:00,930.0,64.1,40.4,29.3,90.4,340.4,55.8,26.68,106.8,Normal,0,0,0,0,0,Normal operation
ISZ-026,2026-09-09 00:10:00,1536.0,59.9,57.2,42.6,87.6,354.3,63.6,27.04,128.8,Normal,0,0,0,0,0,Normal operation
ISZ-026,2026-09-09 00:20:00,1326.0,43.0,38.5,44.9,88.0,325.5,65.9,27.27,65.6,Normal,0,0,0,0,0,Normal operation
ISZ-026,2026-09-09 00:30:00,1682.0,50.6,85.8,13.0,82.3,339.8,66.3,26.38,92.7,Normal,0,0,0,0,0,Normal operation
ISZ-026,2026-09-09 00:40:00,2005.0,51.8,51.1,55.3,89.6,325.5,65.5,27.16,69.4,Normal,0,0,0,0,0,Normal operation
ISZ-026,2026-09-09 00:50:00,1645.0,66.0,23.5,37.3,89.6,380.0,77.8,27.35,63.8,Normal,0,0,0,0,0,Normal operation
ISZ-026,2026-09-09 01:00:00,903.0,66.8,89.2,43.9,83.8,331.3,65.1,26.64,109.5,Normal,0,0,0,0,0,Normal operation
ISZ-026,2026-09-09 01:10:00,1453.0,46.7,41.1,41.4,90.3,373.3,68.6,26.71,63.4,Normal,0,0,0,0,0,Normal operation
ISZ-026,2026-09-09 01:20:00,2088.0,76.5,44.9,33.5,86.0,325.5,47.3,28.13,75.5,Normal,0,0,0,0,0,Normal operation
ISZ-026,2026-09-09 01:30:00,846.0,41.9,86.8,56.2,86.3,342.5,64.1,26.78,83.1,Normal,0,0,0,0,0,Normal operation
ISZ-026,2026-09-09 01:40:00,1355.0,38.4,50.9,52.6,83.8,341.4,66.1,27.55,93.3,Normal,0,0,0,0,0,Normal operation
ISZ-026,2026-09-09 01:50:00,1336.0,54.1,52.9,71.1,89.5,270.2,60.1,27.19,83.3,Normal,0,0,0,0,0,Normal operation
ISZ-027,2026-09-08 06:00:00,554.0,1.1,19.2,1.6,82.0,283.9,40.6,26.47,26.5,Normal,0,0,1,0,0,Normal operation
ISZ-027,2026-09-08 06:10:00,527.0,1.4,19.0,3.8,91.8,239.3,32.4,27.26,8,Normal,0,0,1,0,0,Normal operation
ISZ-027,2026-09-08 06:20:00,534.0,0.7,13.3,2.6,86.7,187.4,30.0,27.07,25.8,Normal,0,0,0,0,0,Normal operation
ISZ-027,2026-09-08 06:30:00,546.0,0,17.0,2.1,90.3,284.8,22.1,26.97,44.4,Normal,0,0,0,1,0,Normal operation
ISZ-027,2026-09-08 06:40:00,1086.0,48.1,61.4,39.7,81.9,286.6,74.0,28.32,106.7,Normal,0,0,0,0,0,Normal operation
ISZ-027,2026-09-08 06:50:00,1776.0,55.3,50.4,30.7,90.6,383.6,61.9,26.93,111.7,Normal,0,0,0,0,0,Normal operation
ISZ-027,2026-09-08 07:00:00,1517.0,43.6,68.0,48.6,90.9,325.3,47.7,28.02,39.8,Normal,0,0,0,0,0,Normal operation
ISZ-027,2026-09-08 07:10:00,1330.0,33.9,28.8,8,89.8,322.9,59.6,26.69,136.2,Normal,0,0,0,0,0,Normal operation
ISZ-027,2026-09-08 07:20:00,1777.0,84.1,40.6,41.0,83.1,310.3,66.2,27.67,80.6,Normal,0,0,0,0,0,Normal operation
ISZ-027,2026-09-08 07:30:00,2545.0,21.4,33.0,60.3,85.2,337.9,61.3,27.07,110.8,Normal,0,0,0,0,0,Normal operation
ISZ-027,2026-09-08 07:40:00,1971.0,48.1,49.3,34.6,87.4,295.7,67.7,27.51,116.4,Normal,0,0,0,0,0,Normal operation
ISZ-027,2026-09-08 07:50:00,1636.0,41.6,31.7,57.0,85.0,344.4,65.1,26.05,86.4,Normal,0,0,0,0,0,Normal operation
ISZ-027,2026-09-08 08:00:00,1272.0,32.5,71.5,66.8,90.2,356.1,50.7,27.33,83.0,Normal,0,0,0,0,0,Normal operation
ISZ-027,2026-09-08 08:10:00,1346.0,75.6,75.4,39.7,87.3,316.7,65.1,26.94,128.3,Normal,0,0,0,0,0,Normal operation
ISZ-027,2026-09-08 08:20:00,1825.0,34.9,54.3,35.8,77.5,328.8,58.2,27.5,117.4,Normal,0,0,0,0,0,Normal operation
ISZ-027,2026-09-08 08:30:00,1733.0,60.4,69.7,68.4,91.3,362.3,68.5,26.64,108.7,Normal,0,0,0,0,0,Normal operation
ISZ-027,2026-09-08 08:40:00,2341.0,39.7,64.6,45.0,89.0,321.8,78.9,27.59,95.2,Normal,0,0,0,0,0,Normal operation
ISZ-027,2026-09-08 08:50:00,1514.0,43.8,45.8,54.9,81.1,314.2,60.5,26.22,110.1,Normal,0,0,0,0,0,Normal operation
ISZ-027,2026-09-08 09:00:00,1958.0,72.2,51.2,44.8,93.5,296.8,66.8,26.95,138.4,Normal,0,0,0,0,0,Normal operation
ISZ-027,2026-09-08 09:10:00,1311.0,51.7,53.0,19.4,89.1,335.0,76.3,26.68,69.8,Normal,0,0,0,0,0,Normal operation
ISZ-027,2026-09-08 09:20:00,1497.0,45.2,50.6,51.5,85.0,316.3,58.8,27.22,133.2,Normal,0,0,0,0,0,Normal operation
ISZ-027,2026-09-08 09:30:00,1525.0,54.9,41.2,27.1,92.9,344.4,74.5,26.75,105.1,Normal,0,0,0,0,0,Normal operation
ISZ-027,2026-09-08 09:40:00,1297.0,46.1,40.7,21.8,83.0,295.3,61.0,27.77,107.6,Normal,0,0,0,0,0,Normal operation
ISZ-027,2026-09-08 09:50:00,1656.0,85.2,50.9,55.7,90.6,309.1,62.4,27.74,91.2,Normal,0,0,0,0,0,Normal operation
ISZ-027,2026-09-08 10:00:00,557.0,0,21.8,3.7,85.1,225.1,27.0,27.06,8,Normal,0,0,1,0,0,Normal operation
ISZ-027,2026-09-08 10:10:00,540.0,3.8,27.2,3.4,80.5,286.6,25.1,27.95,26.9,Normal,0,0,0,0,0,Normal operation
ISZ-027,2026-09-08 10:20:00,533.0,1.5,5,0.9,88.0,280.7,32.0,27.31,70.2,Normal,0,0,0,0,0,Normal operation
ISZ-027,2026-09-08 10:30:00,548.0,0,21.9,2.2,85.1,258.9,44.9,26.75,38.4,Normal,0,0,0,0,0,Normal operation
ISZ-027,2026-09-08 10:40:00,1491.0,55.5,57.2,20.4,88.0,376.1,61.9,27.08,132.2,Normal,0,0,0,0,0,Normal operation
ISZ-027,2026-09-08 10:50:00,991.0,65.6,42.5,28.7,91.4,365.4,57.7,27.24,111.3,Normal,0,0,0,0,0,Normal operation
ISZ-027,2026-09-08 11:00:00,1549.0,39.3,65.1,57.0,85.8,352.1,64.0,27.67,130.4,Normal,0,0,0,0,0,Normal operation
ISZ-027,2026-09-08 11:10:00,822.0,53.9,85.3,33.5,84.0,309.6,64.9,27.12,76.9,Normal,0,0,0,0,0,Normal operation
ISZ-027,2026-09-08 11:20:00,1415.0,13.5,89.9,26.5,94.4,360.1,54.0,26.73,94.1,Normal,0,0,0,0,0,Normal operation
ISZ-027,2026-09-08 11:30:00,1564.0,40.1,25.9,41.3,91.0,309.1,58.1,26.77,119.1,Normal,0,0,0,0,0,Normal operation
ISZ-027,2026-09-08 11:40:00,1747.0,88.1,61.5,44.3,86.4,364.7,71.5,26.38,46.7,Normal,0,0,0,0,0,Normal operation
ISZ-027,2026-09-08 11:50:00,1517.0,39.9,73.0,38.1,87.1,355.0,68.1,27.66,120.2,Normal,0,0,0,0,0,Normal operation
ISZ-027,2026-09-08 12:00:00,1566.0,34.3,70.9,8,89.3,335.3,68.2,26.79,88.8,Normal,0,0,0,0,0,Normal operation
ISZ-027,2026-09-08 12:10:00,1647.0,79.8,62.1,8,84.9,272.6,60.8,27.07,60.4,Normal,0,0,0,0,0,Normal operation
ISZ-027,2026-09-08 12:20:00,1560.0,36.8,61.5,66.1,91.4,346.8,44.9,28.04,137.9,Normal,0,0,0,0,0,Normal operation
ISZ-027,2026-09-08 12:30:00,1383.0,47.1,29.1,29.7,88.9,318.4,57.9,27.45,75.1,Normal,0,0,0,0,0,Normal operation
ISZ-027,2026-09-08 12:40:00,1268.0,66.8,74.6,24.6,82.9,361.7,63.8,28.04,113.0,Normal,0,0,0,0,0,Normal operation
ISZ-027,2026-09-08 12:50:00,1853.0,31.8,70.3,33.5,85.6,295.5,63.3,27.11,131.6,Normal,0,0,0,0,0,Normal operation
ISZ-027,2026-09-08 13:00:00,1504.0,35.7,86.0,48.2,84.5,336.2,65.1,26.57,91.7,Normal,0,0,0,0,0,Normal operation
ISZ-027,2026-09-08 13:10:00,1932.0,37.9,62.8,28.0,87.8,323.8,69.8,27.47,130.9,Normal,0,0,0,0,0,Normal operation
ISZ-027,2026-09-08 13:20:00,1486.0,66.0,77.3,49.7,90.1,374.0,57.7,26.66,71.4,Normal,0,0,0,0,0,Normal operation
ISZ-027,2026-09-08 13:30:00,1474.0,76.8,55.2,61.2,89.5,331.3,66.9,27.2,111.2,Normal,0,0,0,0,0,Normal operation
ISZ-027,2026-09-08 13:40:00,1460.0,65.9,38.1,66.5,85.4,301.3,61.9,26.61,117.8,Normal,0,0,0,0,0,Normal operation
ISZ-027,2026-09-08 13:50:00,1730.0,37.7,67.5,53.6,90.5,304.2,70.3,26.98,102.0,Normal,0,0,0,0,0,Normal operation
ISZ-027,2026-09-08 14:00:00,537.0,3.3,24.0,0,81.6,197.0,40.6,26.41,8,Normal,0,0,0,0,0,Normal operation
ISZ-027,2026-09-08 14:10:00,536.0,0,11.0,1.6,90.4,266.4,45.6,27.22,8,Normal,0,0,0,0,0,Normal operation
ISZ-027,2026-09-08 14:20:00,516.0,0.6,27.1,2.0,90.8,241.7,23.6,26.96,40.2,Normal,0,0,1,1,0,Normal operation
ISZ-027,2026-09-08 14:30:00,541.0,2.3,24.5,4.8,90.2,220.1,26.6,26.78,68.5,Normal,0,0,0,0,0,Normal operation
ISZ-027,2026-09-08 14:40:00,1793.0,71.0,60.2,60.5,84.6,326.1,72.7,27.23,181.9,Normal,0,0,0,0,0,Normal operation
ISZ-027,2026-09-08 14:50:00,1821.0,95,72.5,60.3,87.9,333.4,60.8,27.29,85.8,Normal,0,0,0,0,0,Normal operation
ISZ-027,2026-09-08 15:00:00,1769.0,95,50.5,35.5,93.8,324.2,67.2,26.65,83.0,Normal,0,0,0,0,0,Normal operation
ISZ-027,2026-09-08 15:10:00,1426.0,52.0,55.7,63.8,87.2,308.4,58.5,26.84,53.6,Normal,0,0,0,0,0,Normal operation
ISZ-027,2026-09-08 15:20:00,2114.0,39.4,20,55.4,87.2,353.1,67.6,27.9,103.8,Normal,0,0,0,0,0,Normal operation
ISZ-027,2026-09-08 15:30:00,1945.0,43.8,42.8,51.8,86.4,376.8,69.8,27.24,165.9,Normal,0,0,0,0,0,Normal operation
ISZ-027,2026-09-08 15:40:00,1876.0,44.5,56.5,37.2,85.4,291.6,62.3,27.04,132.2,Normal,0,0,0,0,0,Normal operation
ISZ-027,2026-09-08 15:50:00,1580.0,5.2,68.4,64.7,94.5,383.6,55.7,27.76,106.9,Normal,0,0,0,0,0,Normal operation
ISZ-027,2026-09-08 16:00:00,1422.0,55.6,43.7,56.6,79.3,358.7,70.1,26.78,97.2,Normal,0,0,0,0,0,Normal operation
ISZ-027,2026-09-08 16:10:00,1927.0,72.8,90.2,81.6,88.5,343.2,76.9,26.64,93.4,Normal,0,0,0,0,0,Normal operation
ISZ-027,2026-09-08 16:20:00,2086.0,95,48.4,42.6,93.5,318.9,79.0,26.42,111.4,Normal,0,0,0,0,0,Normal operation
ISZ-027,2026-09-08 16:30:00,2187.0,72.4,53.5,59.1,85.6,303.7,72.3,27.64,104.5,Normal,0,0,0,0,0,Normal operation
ISZ-027,2026-09-08 16:40:00,1599.0,51.0,56.3,57.7,92.2,359.8,69.6,27.69,122.0,Normal,0,0,0,0,0,Normal operation
ISZ-027,2026-09-08 16:50:00,1516.0,61.0,52.3,46.8,85.2,331.8,64.0,27.21,73.5,Normal,0,0,0,0,0,Normal operation
ISZ-027,2026-09-08 17:00:00,2437.0,42.9,25.9,58.6,89.8,331.2,58.1,27.6,79.0,Normal,0,0,0,0,0,Normal operation
ISZ-027,2026-09-08 17:10:00,1549.0,75.1,95,32.1,74.9,319.0,67.6,26.96,95.0,Normal,0,0,0,0,0,Normal operation
ISZ-027,2026-09-08 17:20:00,1275.0,62.2,67.0,54.4,90.8,376.4,73.2,26.84,140.5,Normal,0,0,0,0,0,Normal operation
ISZ-027,2026-09-08 17:30:00,1753.0,62.2,56.2,30.3,86.4,367.7,72.8,26.37,105.2,Normal,0,0,0,0,0,Normal operation
ISZ-027,2026-09-08 17:40:00,1527.0,95,69.9,45.1,83.5,308.7,57.7,27.08,147.6,Normal,0,0,0,0,0,Normal operation
ISZ-027,2026-09-08 17:50:00,1522.0,67.3,64.2,26.5,87.0,311.3,58.7,26.94,47.6,Normal,0,0,0,0,0,Normal operation
ISZ-027,2026-09-08 18:00:00,533.0,1.0,5,3.1,84.1,251.9,30.1,28.02,17.7,Normal,0,0,0,0,0,Normal operation
ISZ-027,2026-09-08 18:10:00,548.0,1.4,27.3,2.1,85.3,200.1,19.5,27.85,46.4,Normal,0,0,0,1,0,Normal operation
ISZ-027,2026-09-08 18:20:00,538.0,2.4,10.8,2.5,87.0,209.7,32.6,27.68,72.3,Normal,0,0,0,0,0,Normal operation
ISZ-027,2026-09-08 18:30:00,529.0,0,16.6,0.7,90.4,216.5,47.6,27.79,47.7,Normal,0,0,1,0,0,Normal operation
ISZ-027,2026-09-08 18:40:00,1728.0,45.6,76.2,51.5,85.9,312.9,51.6,27.16,84.4,Normal,0,0,0,0,0,Normal operation
ISZ-027,2026-09-08 18:50:00,800,74.1,57.4,23.1,84.7,344.6,62.4,27.22,127.1,Normal,0,0,0,0,0,Normal operation
ISZ-027,2026-09-08 19:00:00,2119.0,70.9,56.4,8,87.5,349.1,65.4,20.74,87.3,Undercharge,1,0,0,0,0,Charging system undercharge
ISZ-027,2026-09-08 19:10:00,1700.0,76.8,87.3,34.9,86.9,353.0,83.1,22.45,136.4,Undercharge,1,0,0,0,0,Charging system undercharge
ISZ-027,2026-09-08 19:20:00,1358.0,69.3,54.4,26.2,90.5,308.6,69.1,22.93,99.2,Undercharge,1,0,0,0,0,Charging system undercharge
ISZ-027,2026-09-08 19:30:00,1733.0,60.2,48.7,43.8,81.1,396.1,72.2,23.05,111.9,Undercharge,1,0,0,0,0,Charging system undercharge
ISZ-027,2026-09-08 19:40:00,1845.0,26.8,55.5,59.1,91.7,364.0,55.9,22.46,85.7,Undercharge,1,0,0,0,0,Charging system undercharge
ISZ-027,2026-09-08 19:50:00,1396.0,51.5,49.0,62.0,84.1,346.7,64.3,22.27,61.3,Undercharge,1,0,0,0,0,Charging system undercharge
ISZ-027,2026-09-08 20:00:00,1248.0,57.1,56.8,65.1,78.4,370.4,53.2,23.37,94.0,Undercharge,1,0,0,0,0,Charging system undercharge
ISZ-027,2026-09-08 20:10:00,1911.0,18.4,55.5,8,93.0,342.8,73.7,22.04,125.1,Undercharge,1,0,0,0,0,Charging system undercharge
ISZ-027,2026-09-08 20:20:00,1701.0,61.5,23.6,61.2,86.7,352.8,78.6,23.02,103.5,Undercharge,1,0,0,0,0,Charging system undercharge
ISZ-027,2026-09-08 20:30:00,1644.0,56.2,82.9,8.9,84.3,333.5,60.4,21.84,137.5,Undercharge,1,0,0,0,0,Charging system undercharge
ISZ-027,2026-09-08 20:40:00,2035.0,50.3,49.0,14.2,88.8,326.6,59.3,21.09,96.4,Undercharge,1,0,0,0,0,Charging system undercharge
ISZ-027,2026-09-08 20:50:00,1706.0,46.8,47.4,22.8,88.7,306.4,67.6,21.59,97.2,Undercharge,1,0,0,0,0,Charging system undercharge
ISZ-027,2026-09-08 21:00:00,1298.0,66.8,60.3,26.4,89.6,336.1,65.6,21.81,132.4,Undercharge,1,0,0,0,0,Charging system undercharge
ISZ-027,2026-09-08 21:10:00,1228.0,76.6,38.5,23.2,84.5,372.2,75.7,21.56,68.5,Undercharge,1,0,0,0,0,Charging system undercharge
ISZ-027,2026-09-08 21:20:00,1601.0,9.6,68.9,50.2,80.7,329.0,55.0,21.14,107.5,Undercharge,1,0,0,0,0,Charging system undercharge
ISZ-027,2026-09-08 21:30:00,996.0,37.9,34.9,21.2,92.1,358.1,50.5,22.15,122.9,Undercharge,1,0,0,0,0,Charging system undercharge
ISZ-027,2026-09-08 21:40:00,1996.0,50.2,54.0,29.1,88.8,344.3,53.7,21.05,113.5,Undercharge,1,0,0,0,0,Charging system undercharge
ISZ-027,2026-09-08 21:50:00,1233.0,56.9,50.0,42.0,84.7,347.5,61.7,21.76,104.7,Undercharge,1,0,0,0,0,Charging system undercharge
ISZ-027,2026-09-08 22:00:00,534.0,2.6,5.6,3.1,88.1,228.6,37.0,22.97,85.4,Undercharge,1,0,0,0,0,Charging system undercharge
ISZ-027,2026-09-08 22:10:00,548.0,0,18.6,0.8,82.0,274.5,54.5,22.42,8,Undercharge,1,0,0,0,0,Charging system undercharge
ISZ-027,2026-09-08 22:20:00,548.0,0,6.8,0.3,86.3,219.2,30.8,21.68,31.1,Undercharge,1,0,0,0,0,Charging system undercharge
ISZ-027,2026-09-08 22:30:00,537.0,0,9.3,2.0,89.5,236.0,40.0,21.97,22.4,Undercharge,1,0,0,0,0,Charging system undercharge
ISZ-027,2026-09-08 22:40:00,1334.0,67.3,63.9,29.2,83.4,311.4,60.1,20.8,67.5,Undercharge,1,0,0,0,0,Charging system undercharge
ISZ-027,2026-09-08 22:50:00,1567.0,61.3,49.4,63.2,85.5,333.4,62.9,21.77,99.8,Undercharge,1,0,0,0,0,Charging system undercharge
ISZ-027,2026-09-08 23:00:00,1638.0,62.4,51.9,68.7,87.7,296.6,69.4,23.08,56.2,Undercharge,1,0,0,0,0,Charging system undercharge
ISZ-027,2026-09-08 23:10:00,1424.0,78.4,95,89.2,88.5,337.4,60.1,21.73,101.8,Undercharge,1,0,0,0,0,Charging system undercharge
ISZ-027,2026-09-08 23:20:00,1256.0,12.5,76.2,34.7,80.1,334.6,73.3,21.61,63.5,Undercharge,1,0,0,0,0,Charging system undercharge
ISZ-027,2026-09-08 23:30:00,1843.0,63.6,52.1,38.9,79.0,300.7,56.6,22.6,60.5,Undercharge,1,0,0,0,0,Charging system undercharge
ISZ-027,2026-09-08 23:40:00,893.0,22.7,53.5,67.1,85.7,283.1,81.5,22.16,133.4,Undercharge,1,0,0,0,0,Charging system undercharge
ISZ-027,2026-09-08 23:50:00,1371.0,62.5,90.5,48.8,92.1,355.9,68.4,22.48,118.6,Undercharge,1,0,0,0,0,Charging system undercharge
ISZ-027,2026-09-09 00:00:00,1136.0,74.7,41.8,27.1,78.5,341.4,56.0,22.66,101.1,Undercharge,1,0,0,0,0,Charging system undercharge
ISZ-027,2026-09-09 00:10:00,1527.0,69.4,67.9,31.5,86.6,382.4,70.9,22.14,96.6,Undercharge,1,0,0,0,0,Charging system undercharge
ISZ-027,2026-09-09 00:20:00,1802.0,40.3,45.6,58.7,86.9,326.5,65.1,20.75,151.8,Undercharge,1,0,0,0,0,Charging system undercharge
ISZ-027,2026-09-09 00:30:00,1742.0,49.6,67.3,73.0,87.7,300.1,59.6,21.06,114.8,Undercharge,1,0,0,0,0,Charging system undercharge
ISZ-027,2026-09-09 00:40:00,800,49.9,68.7,42.6,96.7,368.9,62.2,23.07,103.0,Undercharge,1,0,0,0,0,Charging system undercharge
ISZ-027,2026-09-09 00:50:00,1820.0,34.9,80.5,60.4,89.5,276.9,69.6,22.79,58.7,Undercharge,1,0,0,0,0,Charging system undercharge
ISZ-027,2026-09-09 01:00:00,1525.0,64.9,84.4,8,86.2,272.0,63.6,22.27,124.9,Undercharge,1,0,0,0,0,Charging system undercharge
ISZ-027,2026-09-09 01:10:00,1405.0,47.6,79.1,8,87.3,335.1,73.5,20.68,45.2,Undercharge,1,0,0,0,0,Charging system undercharge
ISZ-027,2026-09-09 01:20:00,1635.0,46.2,55.1,33.4,88.7,307.4,67.3,20.6,95.8,Undercharge,1,0,0,0,0,Charging system undercharge
ISZ-027,2026-09-09 01:30:00,1812.0,45.0,44.7,70.1,90.2,379.2,59.9,21.61,135.0,Undercharge,1,0,0,0,0,Charging system undercharge
ISZ-027,2026-09-09 01:40:00,1640.0,51.6,69.7,8,89.3,341.8,62.4,22.24,116.1,Undercharge,1,0,0,0,0,Charging system undercharge
ISZ-027,2026-09-09 01:50:00,1919.0,59.8,47.6,30.7,85.0,387.1,55.0,22.11,84.2,Undercharge,1,0,0,0,0,Charging system undercharge
ISZ-028,2026-09-08 06:00:00,549.0,0.5,5,1.6,82.5,287.5,43.3,27.7,13.1,Normal,0,0,0,0,0,Normal operation
ISZ-028,2026-09-08 06:10:00,553.0,0,15.5,0,89.7,262.9,30.2,26.42,18.2,Normal,0,0,1,0,0,Normal operation
ISZ-028,2026-09-08 06:20:00,531.0,0,25.8,0.6,86.2,209.5,30.6,26.83,8,Normal,0,0,0,0,0,Normal operation
ISZ-028,2026-09-08 06:30:00,527.0,0.8,28.2,1.7,78.7,244.5,28.5,27.66,47.9,Normal,0,0,1,0,0,Normal operation
ISZ-028,2026-09-08 06:40:00,1539.0,36.1,62.4,15.9,83.8,361.5,68.6,27.73,80.5,Normal,0,0,0,0,0,Normal operation
ISZ-028,2026-09-08 06:50:00,1275.0,62.9,44.1,53.6,81.2,352.2,59.9,26.75,85.5,Normal,0,0,0,0,0,Normal operation
ISZ-028,2026-09-08 07:00:00,1879.0,77.5,33.0,33.9,82.3,396.6,72.3,26.79,54.2,Normal,0,0,0,0,0,Normal operation
ISZ-028,2026-09-08 07:10:00,1606.0,49.9,59.3,23.1,93.0,347.3,64.9,27.86,86.0,Normal,0,0,0,0,0,Normal operation
ISZ-028,2026-09-08 07:20:00,1939.0,8.5,72.9,52.8,91.1,391.2,72.0,27.42,126.2,Normal,0,0,0,0,0,Normal operation
ISZ-028,2026-09-08 07:30:00,1235.0,30.6,66.5,52.2,88.6,324.1,47.4,27.27,114.5,Normal,0,0,0,0,0,Normal operation
ISZ-028,2026-09-08 07:40:00,878.0,36.4,84.7,32.6,92.7,314.5,65.4,26.38,74.0,Normal,0,0,0,0,0,Normal operation
ISZ-028,2026-09-08 07:50:00,2273.0,17.2,57.7,55.2,89.5,302.2,68.6,26.65,85.6,Normal,0,0,0,0,0,Normal operation
ISZ-028,2026-09-08 08:00:00,2201.0,46.9,50.8,43.2,89.8,336.6,61.7,27.48,65.1,Normal,0,0,0,0,0,Normal operation
ISZ-028,2026-09-08 08:10:00,1369.0,42.4,57.2,67.5,87.8,320.7,67.1,27.06,144.0,Normal,0,0,0,0,0,Normal operation
ISZ-028,2026-09-08 08:20:00,1668.0,21.5,56.6,61.4,89.9,341.4,38.9,27.31,109.2,Normal,0,0,0,0,0,Normal operation
ISZ-028,2026-09-08 08:30:00,1630.0,49.5,77.5,27.0,91.1,322.0,72.0,27.47,109.9,Normal,0,0,0,0,0,Normal operation
ISZ-028,2026-09-08 08:40:00,1553.0,46.7,61.3,20.2,83.4,347.4,61.9,26.92,79.5,Normal,0,0,0,0,0,Normal operation
ISZ-028,2026-09-08 08:50:00,1696.0,36.0,48.6,16.7,83.1,373.9,65.6,27.14,77.7,Normal,0,0,0,0,0,Normal operation
ISZ-028,2026-09-08 09:00:00,1783.0,43.7,82.0,40.4,86.9,338.4,61.2,27.26,94.0,Normal,0,0,0,0,0,Normal operation
ISZ-028,2026-09-08 09:10:00,1626.0,78.0,52.1,37.8,90.5,316.7,66.7,27.72,77.2,Normal,0,0,0,0,0,Normal operation
ISZ-028,2026-09-08 09:20:00,1366.0,45.8,33.9,29.3,87.6,358.4,73.5,27.02,70.6,Normal,0,0,0,0,0,Normal operation
ISZ-028,2026-09-08 09:30:00,1674.0,37.9,64.5,57.3,90.0,298.8,79.9,26.3,104.2,Normal,0,0,0,0,0,Normal operation
ISZ-028,2026-09-08 09:40:00,1831.0,11.1,62.4,63.9,83.7,327.0,66.7,26.47,83.2,Normal,0,0,0,0,0,Normal operation
ISZ-028,2026-09-08 09:50:00,1428.0,22.7,46.9,80.4,86.9,317.6,66.5,26.91,75.5,Normal,0,0,0,0,0,Normal operation
ISZ-028,2026-09-08 10:00:00,528.0,3.3,16.1,2.2,83.7,270.9,34.0,26.55,37.9,Normal,0,0,1,0,0,Normal operation
ISZ-028,2026-09-08 10:10:00,530.0,5.2,12.1,0,85.0,241.6,34.9,27.12,23.8,Normal,0,0,1,0,0,Normal operation
ISZ-028,2026-09-08 10:20:00,543.0,1.0,22.2,2.2,87.6,188.6,13.8,26.88,10.8,Normal,0,0,0,1,0,Normal operation
ISZ-028,2026-09-08 10:30:00,540.0,2.8,23.6,2.0,88.0,236.0,24.3,27.23,13.4,Normal,0,0,0,1,0,Normal operation
ISZ-028,2026-09-08 10:40:00,1895.0,89.5,62.9,34.6,85.8,407.0,66.3,26.98,34.1,Normal,0,0,0,0,0,Normal operation
ISZ-028,2026-09-08 10:50:00,1990.0,69.6,49.1,28.3,89.8,339.2,58.3,26.51,75.4,Normal,0,0,0,0,0,Normal operation
ISZ-028,2026-09-08 11:00:00,1755.0,41.3,74.1,57.1,81.1,387.7,72.4,26.95,112.4,Normal,0,0,0,0,0,Normal operation
ISZ-028,2026-09-08 11:10:00,1314.0,54.3,87.5,37.7,80.3,319.8,57.0,27.16,106.3,Normal,0,0,0,0,0,Normal operation
ISZ-028,2026-09-08 11:20:00,1425.0,72.6,93.9,46.2,91.6,361.5,76.5,26.76,96.6,Normal,0,0,0,0,0,Normal operation
ISZ-028,2026-09-08 11:30:00,1819.0,47.1,57.6,34.2,84.5,329.8,57.3,27.14,84.6,Normal,0,0,0,0,0,Normal operation
ISZ-028,2026-09-08 11:40:00,2031.0,66.6,32.4,50.8,85.5,275.3,61.0,26.65,89.0,Normal,0,0,0,0,0,Normal operation
ISZ-028,2026-09-08 11:50:00,2070.0,37.2,64.5,36.7,84.0,338.1,58.5,26.65,124.0,Normal,0,0,0,0,0,Normal operation
ISZ-028,2026-09-08 12:00:00,1331.0,80.1,55.7,43.5,82.4,404.8,60.9,26.97,118.1,Normal,0,0,0,0,0,Normal operation
ISZ-028,2026-09-08 12:10:00,2153.0,78.5,45.4,41.4,81.0,318.0,68.8,27.24,56.3,Normal,0,0,0,0,0,Normal operation
ISZ-028,2026-09-08 12:20:00,1447.0,26.5,22.6,86.1,89.7,340.9,66.8,26.68,99.8,Normal,0,0,0,0,0,Normal operation
ISZ-028,2026-09-08 12:30:00,1593.0,43.9,86.5,47.7,80.9,365.2,70.4,27.31,110.4,Normal,0,0,0,0,0,Normal operation
ISZ-028,2026-09-08 12:40:00,1180.0,81.8,52.7,44.7,81.6,349.8,67.8,27.75,154.9,Normal,0,0,0,0,0,Normal operation
ISZ-028,2026-09-08 12:50:00,1968.0,74.3,55.1,27.8,86.1,311.5,66.0,27.22,111.9,Normal,0,0,0,0,0,Normal operation
ISZ-028,2026-09-08 13:00:00,1376.0,80.6,95,30.9,91.8,339.6,70.7,26.29,112.9,Normal,0,0,0,0,0,Normal operation
ISZ-028,2026-09-08 13:10:00,946.0,29.7,55.4,52.0,81.3,361.9,63.9,27.82,109.8,Normal,0,0,0,0,0,Normal operation
ISZ-028,2026-09-08 13:20:00,1511.0,38.2,26.1,30.5,93.3,319.9,79.9,26.64,77.5,Normal,0,0,0,0,0,Normal operation
ISZ-028,2026-09-08 13:30:00,1462.0,19.4,53.1,65.2,79.9,326.4,63.9,27.91,73.0,Normal,0,0,0,0,0,Normal operation
ISZ-028,2026-09-08 13:40:00,1230.0,51.7,82.8,71.6,85.3,302.7,74.7,27.39,86.0,Normal,0,0,0,0,0,Normal operation
ISZ-028,2026-09-08 13:50:00,1442.0,65.3,71.0,64.9,88.1,347.1,57.5,27.33,45.2,Normal,0,0,0,0,0,Normal operation
ISZ-028,2026-09-08 14:00:00,545.0,2.9,6.2,0,96.9,193.8,32.0,27.02,11.8,Normal,0,0,0,0,0,Normal operation
ISZ-028,2026-09-08 14:10:00,558.0,1.0,19.3,1.7,88.9,216.5,31.9,26.94,37.2,Normal,0,0,1,0,0,Normal operation
ISZ-028,2026-09-08 14:20:00,547.0,0.3,30.2,3.3,85.8,218.9,38.9,26.68,8,Normal,0,0,0,0,0,Normal operation
ISZ-028,2026-09-08 14:30:00,548.0,0.6,17.0,5.6,86.3,242.7,32.9,27.33,61.4,Normal,0,0,0,0,0,Normal operation
ISZ-028,2026-09-08 14:40:00,1103.0,46.6,62.6,8,88.6,373.1,66.6,27.5,166.5,Normal,0,0,0,0,0,Normal operation
ISZ-028,2026-09-08 14:50:00,800,29.3,57.8,51.0,85.9,339.3,60.3,28.02,117.3,Normal,0,0,0,0,0,Normal operation
ISZ-028,2026-09-08 15:00:00,1138.0,69.0,23.2,26.1,93.9,324.4,48.2,27.63,91.3,Normal,0,0,0,0,0,Normal operation
ISZ-028,2026-09-08 15:10:00,1164.0,25.0,57.0,44.3,85.7,314.1,51.6,27.68,160.8,Normal,0,0,0,0,0,Normal operation
ISZ-028,2026-09-08 15:20:00,2041.0,20.8,61.6,76.9,80.4,340.5,75.9,27.01,105.0,Normal,0,0,0,0,0,Normal operation
ISZ-028,2026-09-08 15:30:00,1386.0,43.0,47.7,25.7,80.5,285.7,57.1,28.01,107.9,Normal,0,0,0,0,0,Normal operation
ISZ-028,2026-09-08 15:40:00,1936.0,53.1,60.9,36.5,88.8,366.2,63.7,27.34,132.3,Normal,0,0,0,0,0,Normal operation
ISZ-028,2026-09-08 15:50:00,1153.0,36.8,43.0,64.1,84.3,395.4,61.1,26.84,131.1,Normal,0,0,0,0,0,Normal operation
ISZ-028,2026-09-08 16:00:00,1671.0,68.0,59.0,73.7,93.5,334.4,69.2,27.52,95.4,Normal,0,0,0,0,0,Normal operation
ISZ-028,2026-09-08 16:10:00,1564.0,71.2,69.2,37.0,82.8,331.5,84.5,27.01,112.9,Normal,0,0,0,0,0,Normal operation
ISZ-028,2026-09-08 16:20:00,2107.0,62.2,66.3,60.8,81.6,294.2,72.2,26.51,109.7,Normal,0,0,0,0,0,Normal operation
ISZ-028,2026-09-08 16:30:00,1349.0,47.0,69.6,34.5,80.5,307.6,64.6,27.15,146.3,Normal,0,0,0,0,0,Normal operation
ISZ-028,2026-09-08 16:40:00,1703.0,76.4,67.4,51.7,89.4,302.6,65.1,27.02,110.6,Normal,0,0,0,0,0,Normal operation
ISZ-028,2026-09-08 16:50:00,1931.0,39.1,63.5,97.9,87.1,352.3,65.8,26.59,120.6,Normal,0,0,0,0,0,Normal operation
ISZ-028,2026-09-08 17:00:00,1795.0,88.8,80.7,12.7,83.9,279.6,69.0,27.39,41.1,Normal,0,0,0,0,0,Normal operation
ISZ-028,2026-09-08 17:10:00,1051.0,46.9,55.7,50.5,88.4,350.4,72.9,28.23,121.4,Normal,0,0,0,0,0,Normal operation
ISZ-028,2026-09-08 17:20:00,1764.0,28.5,57.3,32.1,84.3,357.6,72.1,26.95,100.0,Normal,0,0,0,0,0,Normal operation
ISZ-028,2026-09-08 17:30:00,1487.0,62.3,51.5,18.8,81.6,314.9,75.0,26.74,88.2,Normal,0,0,0,0,0,Normal operation
ISZ-028,2026-09-08 17:40:00,1326.0,58.0,44.5,40.3,86.5,393.3,44.6,27.6,126.5,Normal,0,0,0,0,0,Normal operation
ISZ-028,2026-09-08 17:50:00,1800.0,29.4,95,11.6,84.6,352.0,77.4,26.62,110.4,Normal,0,0,0,0,0,Normal operation
ISZ-028,2026-09-08 18:00:00,544.0,1.3,20.7,0.1,90.1,235.2,49.7,27.83,85.1,Normal,0,0,0,0,0,Normal operation
ISZ-028,2026-09-08 18:10:00,559.0,0,17.5,1.4,83.1,239.7,18.6,27.58,34.8,Normal,0,0,1,1,0,Normal operation
ISZ-028,2026-09-08 18:20:00,536.0,0.1,15.7,3.3,90.3,233.3,31.4,26.79,64.2,Normal,0,0,0,0,0,Normal operation
ISZ-028,2026-09-08 18:30:00,540.0,4.1,21.0,3.2,86.5,238.1,25.1,26.58,8,Normal,0,0,0,0,0,Normal operation
ISZ-028,2026-09-08 18:40:00,1516.0,37.5,59.9,47.2,90.1,307.9,66.8,27.81,150.1,Normal,0,0,0,0,0,Normal operation
ISZ-028,2026-09-08 18:50:00,1341.0,60.8,65.3,33.5,86.7,299.7,64.3,27.2,93.1,Normal,0,0,0,0,0,Normal operation
ISZ-028,2026-09-08 19:00:00,1715.0,74.8,52.8,38.4,93.5,358.6,70.1,27.73,114.0,Normal,0,0,0,0,0,Normal operation
ISZ-028,2026-09-08 19:10:00,1027.0,25.5,79.9,48.6,87.4,301.2,69.0,27.17,115.9,Normal,0,0,0,0,0,Normal operation
ISZ-028,2026-09-08 19:20:00,2044.0,38.6,45.5,56.7,89.3,349.4,62.5,26.93,107.7,Normal,0,0,0,0,0,Normal operation
ISZ-028,2026-09-08 19:30:00,1910.0,77.6,27.0,76.8,82.0,308.9,58.0,27.54,88.6,Normal,0,0,0,0,0,Normal operation
ISZ-028,2026-09-08 19:40:00,1700.0,54.4,28.3,57.2,100.6,334.5,77.1,27.47,93.0,Normal,0,0,0,0,1,Normal operation
ISZ-028,2026-09-08 19:50:00,1654.0,55.1,77.6,23.6,88.6,380.6,74.5,27.93,117.6,Normal,0,0,0,0,0,Normal operation
ISZ-028,2026-09-08 20:00:00,1136.0,71.5,53.4,90.4,89.5,329.3,68.3,27.24,110.4,Normal,0,0,0,0,0,Normal operation
ISZ-028,2026-09-08 20:10:00,1215.0,79.9,71.3,43.1,84.4,286.2,68.5,26.96,59.8,Normal,0,0,0,0,0,Normal operation
ISZ-028,2026-09-08 20:20:00,1807.0,55.7,67.5,37.6,93.4,296.9,71.2,27.62,92.4,Normal,0,0,0,0,0,Normal operation
ISZ-028,2026-09-08 20:30:00,2156.0,58.8,47.9,8,86.1,304.4,60.9,27.4,95.7,Normal,0,0,0,0,0,Normal operation
ISZ-028,2026-09-08 20:40:00,1715.0,30.7,56.3,30.2,85.8,356.8,78.9,27.26,87.3,Normal,0,0,0,0,0,Normal operation
ISZ-028,2026-09-08 20:50:00,2147.0,47.6,37.3,38.4,93.1,338.5,63.5,27.09,90.3,Normal,0,0,0,0,0,Normal operation
ISZ-028,2026-09-08 21:00:00,1756.0,67.9,45.3,82.3,86.0,333.9,59.5,27.12,97.6,Normal,0,0,0,0,0,Normal operation
ISZ-028,2026-09-08 21:10:00,1126.0,46.8,89.6,76.9,91.1,297.1,68.2,26.86,133.1,Normal,0,0,0,0,0,Normal operation
ISZ-028,2026-09-08 21:20:00,1874.0,42.3,95,40.6,87.2,321.1,56.7,27.42,57.8,Normal,0,0,0,0,0,Normal operation
ISZ-028,2026-09-08 21:30:00,1499.0,55.3,27.4,39.7,86.5,355.0,57.1,27.37,76.3,Normal,0,0,0,0,0,Normal operation
ISZ-028,2026-09-08 21:40:00,1852.0,47.3,54.7,75.9,84.5,311.6,61.6,26.94,106.7,Normal,0,0,0,0,0,Normal operation
ISZ-028,2026-09-08 21:50:00,1794.0,22.8,51.9,49.1,86.6,336.3,75.2,27.6,115.8,Normal,0,0,0,0,0,Normal operation
ISZ-028,2026-09-08 22:00:00,547.0,4.9,14.5,3.0,79.5,238.3,34.4,26.91,15.7,Normal,0,0,0,0,0,Normal operation
ISZ-028,2026-09-08 22:10:00,538.0,1.6,13.3,3.2,90.1,197.7,19.6,27.62,12.0,Normal,0,0,0,1,0,Normal operation
ISZ-028,2026-09-08 22:20:00,543.0,3.8,11.8,5.0,87.2,208.9,36.8,26.84,60.0,Normal,0,0,0,0,0,Normal operation
ISZ-028,2026-09-08 22:30:00,555.0,0.7,13.2,1.8,87.4,189.9,44.8,28.01,15.4,Normal,0,0,1,0,0,Normal operation
ISZ-028,2026-09-08 22:40:00,962.0,63.3,68.6,8,89.0,319.8,69.5,27.3,135.5,Normal,0,0,0,0,0,Normal operation
ISZ-028,2026-09-08 22:50:00,1976.0,60.9,41.1,94.7,91.8,319.1,67.0,27.2,72.8,Normal,0,0,0,0,0,Normal operation
ISZ-028,2026-09-08 23:00:00,1708.0,66.4,80.9,47.5,88.4,355.3,66.4,27.46,87.2,Normal,0,0,0,0,0,Normal operation
ISZ-028,2026-09-08 23:10:00,1674.0,37.4,51.6,43.8,89.5,342.2,67.6,27.39,139.0,Normal,0,0,0,0,0,Normal operation
ISZ-028,2026-09-08 23:20:00,2149.0,50.1,48.4,9.3,83.4,366.3,55.5,27.83,104.9,Normal,0,0,0,0,0,Normal operation
ISZ-028,2026-09-08 23:30:00,1538.0,39.5,86.5,30.5,87.4,295.1,62.8,27.92,99.0,Normal,0,0,0,0,0,Normal operation
ISZ-028,2026-09-08 23:40:00,1731.0,39.4,36.7,51.8,84.9,347.6,73.6,27.13,64.1,Normal,0,0,0,0,0,Normal operation
ISZ-028,2026-09-08 23:50:00,1166.0,39.9,63.6,69.1,91.2,295.6,70.4,27.14,134.7,Normal,0,0,0,0,0,Normal operation
ISZ-028,2026-09-09 00:00:00,1737.0,50.6,53.4,50.7,92.0,338.2,63.8,27.44,78.3,Normal,0,0,0,0,0,Normal operation
ISZ-028,2026-09-09 00:10:00,1679.0,54.6,63.6,25.3,84.0,348.7,58.9,26.63,114.0,Normal,0,0,0,0,0,Normal operation
ISZ-028,2026-09-09 00:20:00,1530.0,82.1,62.5,27.9,90.7,381.8,56.3,27.16,124.5,Normal,0,0,0,0,0,Normal operation
ISZ-028,2026-09-09 00:30:00,1659.0,56.6,64.2,68.7,90.3,321.7,67.9,27.69,112.3,Normal,0,0,0,0,0,Normal operation
ISZ-028,2026-09-09 00:40:00,997.0,33.7,95,73.6,84.7,319.5,57.2,27.16,66.6,Normal,0,0,0,0,0,Normal operation
ISZ-028,2026-09-09 00:50:00,2595.0,49.8,59.4,75.5,94.2,311.7,58.1,26.56,92.7,Normal,0,0,0,0,0,Normal operation
ISZ-028,2026-09-09 01:00:00,800,81.1,52.2,31.5,87.5,301.1,63.5,26.9,68.1,Normal,0,0,0,0,0,Normal operation
ISZ-028,2026-09-09 01:10:00,899.0,74.5,35.8,27.5,83.1,386.0,57.2,26.92,96.5,Normal,0,0,0,0,0,Normal operation
ISZ-028,2026-09-09 01:20:00,1078.0,75.0,33.5,36.3,90.1,315.3,76.6,27.27,94.6,Normal,0,0,0,0,0,Normal operation
ISZ-028,2026-09-09 01:30:00,1593.0,53.8,55.7,69.6,87.0,346.5,61.8,27.23,118.4,Normal,0,0,0,0,0,Normal operation
ISZ-028,2026-09-09 01:40:00,1553.0,43.1,70.4,47.4,83.3,305.8,75.4,26.86,124.3,Normal,0,0,0,0,0,Normal operation
ISZ-028,2026-09-09 01:50:00,1813.0,31.7,82.0,73.7,88.6,319.5,59.5,27.47,65.5,Normal,0,0,0,0,0,Normal operation
ISZ-029,2026-09-08 06:00:00,525.0,1.2,17.2,0.6,86.3,280.6,36.1,26.82,8,Normal,0,0,1,0,0,Normal operation
ISZ-029,2026-09-08 06:10:00,549.0,0,12.4,2.1,82.6,210.3,24.6,26.9,8,Normal,0,0,0,1,0,Normal operation
ISZ-029,2026-09-08 06:20:00,545.0,0,17.5,0.1,91.7,255.7,32.5,27.24,21.7,Normal,0,0,0,0,0,Normal operation
ISZ-029,2026-09-08 06:30:00,552.0,0,21.3,4.4,87.9,257.6,39.8,27.07,8,Normal,0,0,1,0,0,Normal operation
ISZ-029,2026-09-08 06:40:00,1689.0,72.4,72.0,43.5,83.3,397.3,54.8,27.73,79.4,Normal,0,0,0,0,0,Normal operation
ISZ-029,2026-09-08 06:50:00,2032.0,45.2,31.7,24.4,89.9,355.8,60.0,27.13,103.1,Normal,0,0,0,0,0,Normal operation
ISZ-029,2026-09-08 07:00:00,1710.0,77.0,68.9,55.8,86.5,311.9,59.7,27.89,103.8,Normal,0,0,0,0,0,Normal operation
ISZ-029,2026-09-08 07:10:00,800,72.0,43.7,48.5,88.9,296.0,53.1,26.87,105.5,Normal,0,0,0,0,0,Normal operation
ISZ-029,2026-09-08 07:20:00,1964.0,44.4,65.8,55.5,82.6,297.7,77.2,28.14,124.0,Normal,0,0,0,0,0,Normal operation
ISZ-029,2026-09-08 07:30:00,1944.0,65.6,42.5,52.7,81.9,386.8,72.4,27.07,117.1,Normal,0,0,0,0,0,Normal operation
ISZ-029,2026-09-08 07:40:00,1873.0,15.5,95,8,86.6,330.1,74.1,27.25,109.3,Normal,0,0,0,0,0,Normal operation
ISZ-029,2026-09-08 07:50:00,1873.0,43.1,61.4,8,84.1,320.4,62.7,26.88,63.4,Normal,0,0,0,0,0,Normal operation
ISZ-029,2026-09-08 08:00:00,1701.0,36.5,77.6,29.5,87.3,372.1,66.9,27.44,112.9,Normal,0,0,0,0,0,Normal operation
ISZ-029,2026-09-08 08:10:00,1619.0,19.0,59.8,74.2,88.8,378.7,57.4,27.29,83.0,Normal,0,0,0,0,0,Normal operation
ISZ-029,2026-09-08 08:20:00,1443.0,32.1,58.3,16.4,83.0,346.2,67.3,27.54,76.2,Normal,0,0,0,0,0,Normal operation
ISZ-029,2026-09-08 08:30:00,1623.0,67.6,71.0,39.8,90.0,339.3,55.9,26.44,90.2,Normal,0,0,0,0,0,Normal operation
ISZ-029,2026-09-08 08:40:00,1631.0,70.5,27.0,57.0,83.5,320.0,63.7,27.74,91.7,Normal,0,0,0,0,0,Normal operation
ISZ-029,2026-09-08 08:50:00,1409.0,21.6,29.1,28.3,83.7,370.3,63.5,26.57,140.0,Normal,0,0,0,0,0,Normal operation
ISZ-029,2026-09-08 09:00:00,1122.0,37.3,84.2,35.5,92.6,376.7,78.1,27.22,55.7,Normal,0,0,0,0,0,Normal operation
ISZ-029,2026-09-08 09:10:00,1670.0,61.4,68.0,54.3,89.7,362.4,62.9,26.92,96.5,Normal,0,0,0,0,0,Normal operation
ISZ-029,2026-09-08 09:20:00,1512.0,66.3,62.0,70.2,83.5,315.0,69.3,28.33,97.8,Normal,0,0,0,0,0,Normal operation
ISZ-029,2026-09-08 09:30:00,1054.0,54.7,72.9,50.6,82.3,353.2,62.0,27.11,67.8,Normal,0,0,0,0,0,Normal operation
ISZ-029,2026-09-08 09:40:00,1256.0,59.6,76.5,22.6,84.1,299.9,69.1,26.68,155.4,Normal,0,0,0,0,0,Normal operation
ISZ-029,2026-09-08 09:50:00,1304.0,29.8,25.6,81.9,93.2,346.6,59.1,26.45,98.1,Normal,0,0,0,0,0,Normal operation
ISZ-029,2026-09-08 10:00:00,573.0,1.8,24.1,2.6,84.3,200.6,20.5,27.14,8,Normal,0,0,1,1,0,Normal operation
ISZ-029,2026-09-08 10:10:00,541.0,0.3,15.8,3.3,86.7,257.7,32.1,27.05,29.7,Normal,0,0,0,0,0,Normal operation
ISZ-029,2026-09-08 10:20:00,548.0,2.1,13.9,1.7,93.4,258.5,44.3,27.11,67.9,Normal,0,0,0,0,0,Normal operation
ISZ-029,2026-09-08 10:30:00,557.0,6.1,25.4,0.6,88.3,270.8,29.2,27.18,59.8,Normal,0,0,1,0,0,Normal operation
ISZ-029,2026-09-08 10:40:00,1092.0,47.2,53.9,50.8,84.8,335.2,71.5,27.06,132.3,Normal,0,0,0,0,0,Normal operation
ISZ-029,2026-09-08 10:50:00,1085.0,30.0,30.6,11.4,88.8,311.7,60.7,26.98,94.7,Normal,0,0,0,0,0,Normal operation
ISZ-029,2026-09-08 11:00:00,1112.0,27.9,79.8,36.8,88.9,336.0,65.7,27.55,116.4,Normal,0,0,0,0,0,Normal operation
ISZ-029,2026-09-08 11:10:00,1651.0,75.2,43.1,66.9,85.2,328.2,59.4,27.29,66.8,Normal,0,0,0,0,0,Normal operation
ISZ-029,2026-09-08 11:20:00,2028.0,82.9,76.4,17.4,92.9,300.1,68.1,27.31,13.2,Normal,0,0,0,0,0,Normal operation
ISZ-029,2026-09-08 11:30:00,1927.0,53.6,70.8,48.5,88.9,322.1,55.0,27.32,35.1,Normal,0,0,0,0,0,Normal operation
ISZ-029,2026-09-08 11:40:00,1399.0,44.5,81.3,48.6,86.4,258.1,76.7,26.76,87.5,Normal,0,0,0,0,0,Normal operation
ISZ-029,2026-09-08 11:50:00,1480.0,56.9,80.3,48.9,82.1,363.2,69.9,27.54,122.0,Normal,0,0,0,0,0,Normal operation
ISZ-029,2026-09-08 12:00:00,1578.0,58.5,48.0,75.1,89.1,333.7,66.5,27.58,129.0,Normal,0,0,0,0,0,Normal operation
ISZ-029,2026-09-08 12:10:00,2170.0,39.0,66.1,53.5,86.5,284.9,55.4,27.38,118.1,Normal,0,0,0,0,0,Normal operation
ISZ-029,2026-09-08 12:20:00,1329.0,72.4,36.4,34.4,90.7,335.2,60.4,27.93,102.1,Normal,0,0,0,0,0,Normal operation
ISZ-029,2026-09-08 12:30:00,1307.0,56.1,73.6,63.8,91.8,340.9,54.7,27.06,125.7,Normal,0,0,0,0,0,Normal operation
ISZ-029,2026-09-08 12:40:00,1381.0,45.9,80.8,65.3,85.1,339.0,60.2,26.9,95.8,Normal,0,0,0,0,0,Normal operation
ISZ-029,2026-09-08 12:50:00,2098.0,48.9,83.5,45.7,84.0,349.7,66.0,26.18,87.0,Normal,0,0,0,0,0,Normal operation
ISZ-029,2026-09-08 13:00:00,1552.0,27.3,45.7,69.3,88.7,320.2,59.9,27.63,60.1,Normal,0,0,0,0,0,Normal operation
ISZ-029,2026-09-08 13:10:00,1359.0,61.8,43.4,68.3,87.2,346.6,65.1,27.06,87.5,Normal,0,0,0,0,0,Normal operation
ISZ-029,2026-09-08 13:20:00,1359.0,59.4,52.1,47.5,87.3,374.8,70.1,26.59,64.0,Normal,0,0,0,0,0,Normal operation
ISZ-029,2026-09-08 13:30:00,1737.0,66.2,64.4,43.1,85.5,370.9,62.9,26.9,91.2,Normal,0,0,0,0,0,Normal operation
ISZ-029,2026-09-08 13:40:00,1962.0,31.9,84.4,58.5,91.2,332.4,52.2,27.21,99.1,Normal,0,0,0,0,0,Normal operation
ISZ-029,2026-09-08 13:50:00,1542.0,79.2,20,38.9,80.4,335.0,54.8,27.27,83.7,Normal,0,0,0,0,0,Normal operation
ISZ-029,2026-09-08 14:00:00,546.0,1.6,29.7,0,79.1,285.5,29.9,26.79,89.3,Normal,0,0,0,0,0,Normal operation
ISZ-029,2026-09-08 14:10:00,541.0,0.6,19.6,0,85.5,241.4,32.7,27.42,11.0,Normal,0,0,0,0,0,Normal operation
ISZ-029,2026-09-08 14:20:00,557.0,0.2,11.1,0.3,84.4,240.3,41.7,26.99,15.1,Normal,0,0,1,0,0,Normal operation
ISZ-029,2026-09-08 14:30:00,528.0,1.1,13.7,0,87.3,225.1,36.6,26.1,32.6,Normal,0,0,1,0,0,Normal operation
ISZ-029,2026-09-08 14:40:00,930.0,66.5,37.6,24.8,82.2,316.3,71.1,26.42,130.3,Normal,0,0,0,0,0,Normal operation
ISZ-029,2026-09-08 14:50:00,1680.0,28.6,61.8,59.5,84.8,338.2,62.6,27.84,58.9,Normal,0,0,0,0,0,Normal operation
ISZ-029,2026-09-08 15:00:00,2080.0,72.4,80.3,8,84.7,329.6,59.2,26.46,98.2,Normal,0,0,0,0,0,Normal operation
ISZ-029,2026-09-08 15:10:00,862.0,49.6,58.2,37.5,89.2,302.2,66.2,26.55,112.7,Normal,0,0,0,0,0,Normal operation
ISZ-029,2026-09-08 15:20:00,1272.0,30.9,54.4,36.6,91.0,346.1,69.5,27.28,74.1,Normal,0,0,0,0,0,Normal operation
ISZ-029,2026-09-08 15:30:00,2150.0,60.3,95,8,85.4,291.0,74.0,27.35,99.2,Normal,0,0,0,0,0,Normal operation
ISZ-029,2026-09-08 15:40:00,1285.0,55.0,51.7,43.1,78.1,350.6,49.2,27.75,136.3,Normal,0,0,0,0,0,Normal operation
ISZ-029,2026-09-08 15:50:00,1324.0,30.0,35.0,68.1,87.7,329.9,75.0,27.32,85.6,Normal,0,0,0,0,0,Normal operation
ISZ-029,2026-09-08 16:00:00,1605.0,57.4,44.5,67.3,95.1,312.6,70.7,27.5,125.9,Normal,0,0,0,0,0,Normal operation
ISZ-029,2026-09-08 16:10:00,1318.0,33.7,74.3,23.6,92.4,311.6,57.7,28.42,116.7,Normal,0,0,0,0,0,Normal operation
ISZ-029,2026-09-08 16:20:00,1530.0,63.7,88.0,8,88.8,362.8,55.1,27.02,104.5,Normal,0,0,0,0,0,Normal operation
ISZ-029,2026-09-08 16:30:00,1083.0,41.1,74.3,23.8,83.3,370.4,71.1,26.71,89.6,Normal,0,0,0,0,0,Normal operation
ISZ-029,2026-09-08 16:40:00,1579.0,44.6,70.7,45.1,87.1,338.0,59.5,27.23,139.2,Normal,0,0,0,0,0,Normal operation
ISZ-029,2026-09-08 16:50:00,1346.0,70.8,62.5,49.8,90.3,284.2,80.4,27.05,126.5,Normal,0,0,0,0,0,Normal operation
ISZ-029,2026-09-08 17:00:00,1301.0,43.0,63.9,52.1,86.0,340.1,62.8,26.83,99.4,Normal,0,0,0,0,0,Normal operation
ISZ-029,2026-09-08 17:10:00,1950.0,64.5,41.6,37.2,89.9,333.6,64.4,27.49,122.8,Normal,0,0,0,0,0,Normal operation
ISZ-029,2026-09-08 17:20:00,1306.0,80.5,44.6,58.4,95.3,380.5,70.2,27.05,87.5,Normal,0,0,0,0,0,Normal operation
ISZ-029,2026-09-08 17:30:00,1825.0,66.3,62.6,52.7,87.5,324.4,71.4,27.33,48.1,Normal,0,0,0,0,0,Normal operation
ISZ-029,2026-09-08 17:40:00,1357.0,73.1,51.2,36.0,82.2,302.8,64.2,27.58,72.6,Normal,0,0,0,0,0,Normal operation
ISZ-029,2026-09-08 17:50:00,1420.0,63.0,54.9,20.4,87.8,326.6,59.5,26.7,106.1,Normal,0,0,0,0,0,Normal operation
ISZ-029,2026-09-08 18:00:00,552.0,3.0,23.2,0.0,88.3,303.0,16.5,27.39,8,Normal,0,0,1,1,0,Normal operation
ISZ-029,2026-09-08 18:10:00,545.0,1.5,21.3,1.1,86.0,225.2,36.0,27.49,45.7,Normal,0,0,0,0,0,Normal operation
ISZ-029,2026-09-08 18:20:00,538.0,1.9,20.6,0,87.3,235.8,37.8,27.24,18.2,Normal,0,0,0,0,0,Normal operation
ISZ-029,2026-09-08 18:30:00,546.0,0.3,12.1,0.9,92.1,270.4,37.2,26.7,81.5,Normal,0,0,0,0,0,Normal operation
ISZ-029,2026-09-08 18:40:00,1585.0,37.5,70.6,85.7,90.6,306.7,58.3,26.94,112.0,Normal,0,0,0,0,0,Normal operation
ISZ-029,2026-09-08 18:50:00,1483.0,60.0,67.3,62.8,91.5,350.3,63.9,27.98,73.6,Normal,0,0,0,0,0,Normal operation
ISZ-029,2026-09-08 19:00:00,1545.0,59.1,64.8,31.8,78.9,345.2,63.7,27.03,100.8,Normal,0,0,0,0,0,Normal operation
ISZ-029,2026-09-08 19:10:00,1455.0,53.6,42.3,47.7,86.4,343.9,71.8,26.59,104.7,Normal,0,0,0,0,0,Normal operation
ISZ-029,2026-09-08 19:20:00,1480.0,34.8,69.9,24.4,86.0,324.8,78.0,26.72,127.1,Normal,0,0,0,0,0,Normal operation
ISZ-029,2026-09-08 19:30:00,1397.0,57.1,57.7,44.8,84.9,288.6,67.3,27.38,108.3,Normal,0,0,0,0,0,Normal operation
ISZ-029,2026-09-08 19:40:00,2151.0,63.0,32.4,49.2,81.7,296.7,67.9,26.69,93.2,Normal,0,0,0,0,0,Normal operation
ISZ-029,2026-09-08 19:50:00,1056.0,68.0,80.0,41.3,85.1,360.9,57.5,27.65,130.7,Normal,0,0,0,0,0,Normal operation
ISZ-029,2026-09-08 20:00:00,1522.0,75.9,50.4,36.3,83.5,291.2,58.2,27.25,106.7,Normal,0,0,0,0,0,Normal operation
ISZ-029,2026-09-08 20:10:00,1977.0,73.5,60.6,46.4,87.0,399.5,54.1,26.75,55.3,Normal,0,0,0,0,0,Normal operation
ISZ-029,2026-09-08 20:20:00,1554.0,89.7,33.5,36.4,88.9,315.6,70.7,26.66,78.1,Normal,0,0,0,0,0,Normal operation
ISZ-029,2026-09-08 20:30:00,2192.0,55.2,37.6,55.7,88.3,316.2,59.9,27.3,95.8,Normal,0,0,0,0,0,Normal operation
ISZ-029,2026-09-08 20:40:00,1504.0,53.0,56.5,69.8,93.2,328.5,62.1,28.04,74.7,Normal,0,0,0,0,0,Normal operation
ISZ-029,2026-09-08 20:50:00,1666.0,48.7,95,32.9,89.2,360.4,69.6,26.89,91.1,Normal,0,0,0,0,0,Normal operation
ISZ-029,2026-09-08 21:00:00,1615.0,52.9,69.6,49.9,93.9,336.5,63.9,27.44,90.5,Normal,0,0,0,0,0,Normal operation
ISZ-029,2026-09-08 21:10:00,1391.0,71.2,55.9,30.4,87.9,295.2,68.6,26.99,129.9,Normal,0,0,0,0,0,Normal operation
ISZ-029,2026-09-08 21:20:00,1361.0,51.9,68.5,45.8,87.5,324.0,55.8,26.85,74.0,Normal,0,0,0,0,0,Normal operation
ISZ-029,2026-09-08 21:30:00,1758.0,47.7,35.2,75.5,84.5,337.3,71.5,26.67,123.1,Normal,0,0,0,0,0,Normal operation
ISZ-029,2026-09-08 21:40:00,1691.0,50.7,58.1,45.2,81.1,344.9,76.1,27.77,116.3,Normal,0,0,0,0,0,Normal operation
ISZ-029,2026-09-08 21:50:00,1948.0,50.7,28.1,12.7,84.8,275.7,57.9,26.92,71.9,Normal,0,0,0,0,0,Normal operation
ISZ-029,2026-09-08 22:00:00,535.0,5.8,13.4,6.8,85.3,277.7,29.3,26.96,109.4,Normal,0,0,0,0,0,Normal operation
ISZ-029,2026-09-08 22:10:00,543.0,0.3,15.7,4.6,77.5,201.7,20.6,27.25,25.5,Normal,0,0,0,1,0,Normal operation
ISZ-029,2026-09-08 22:20:00,546.0,0,21.5,0.7,90.7,165.6,21.1,26.63,12.2,Normal,0,0,0,1,0,Normal operation
ISZ-029,2026-09-08 22:30:00,549.0,0,23.5,6.4,81.7,251.5,37.2,27.41,57.4,Normal,0,0,0,0,0,Normal operation
ISZ-029,2026-09-08 22:40:00,1840.0,68.8,60.2,51.2,93.8,324.1,68.1,26.64,96.3,Normal,0,0,0,0,0,Normal operation
ISZ-029,2026-09-08 22:50:00,1973.0,46.3,54.5,64.6,86.9,366.5,63.6,27.07,101.6,Normal,0,0,0,0,0,Normal operation
ISZ-029,2026-09-08 23:00:00,1589.0,49.9,62.0,51.2,83.7,352.1,73.6,26.66,152.8,Normal,0,0,0,0,0,Normal operation
ISZ-029,2026-09-08 23:10:00,2355.0,57.4,32.4,16.8,85.0,333.1,73.6,27.84,92.8,Normal,0,0,0,0,0,Normal operation
ISZ-029,2026-09-08 23:20:00,1516.0,47.9,72.3,47.8,91.8,363.5,68.9,27.14,74.7,Normal,0,0,0,0,0,Normal operation
ISZ-029,2026-09-08 23:30:00,2359.0,39.9,42.7,20.1,89.7,350.1,57.1,27.48,68.6,Normal,0,0,0,0,0,Normal operation
ISZ-029,2026-09-08 23:40:00,1333.0,52.3,77.2,44.8,81.4,312.4,54.4,27.39,84.5,Normal,0,0,0,0,0,Normal operation
ISZ-029,2026-09-08 23:50:00,800,70.1,51.4,65.1,91.6,349.3,67.0,26.75,103.2,Normal,0,0,0,0,0,Normal operation
ISZ-029,2026-09-09 00:00:00,1463.0,57.0,40.6,35.9,83.1,325.9,59.4,26.32,72.1,Normal,0,0,0,0,0,Normal operation
ISZ-029,2026-09-09 00:10:00,800,57.2,82.6,53.8,82.7,307.4,54.2,27.95,122.0,Normal,0,0,0,0,0,Normal operation
ISZ-029,2026-09-09 00:20:00,1482.0,48.6,50.6,15.3,91.4,327.1,54.5,27.33,102.3,Normal,0,0,0,0,0,Normal operation
ISZ-029,2026-09-09 00:30:00,1590.0,29.2,62.0,60.6,77.2,313.1,59.4,27.29,114.1,Normal,0,0,0,0,0,Normal operation
ISZ-029,2026-09-09 00:40:00,1768.0,18.4,62.6,20.1,84.5,364.7,55.1,26.27,43.3,Normal,0,0,0,0,0,Normal operation
ISZ-029,2026-09-09 00:50:00,2279.0,52.1,95,8.0,80.1,333.4,64.1,27.25,88.8,Normal,0,0,0,0,0,Normal operation
ISZ-029,2026-09-09 01:00:00,1815.0,47.3,71.4,57.7,87.7,319.3,65.6,27.38,91.7,Normal,0,0,0,0,0,Normal operation
ISZ-029,2026-09-09 01:10:00,1309.0,80.8,50.0,49.3,90.9,321.4,71.4,27.1,84.2,Normal,0,0,0,0,0,Normal operation
ISZ-029,2026-09-09 01:20:00,1148.0,64.0,75.4,57.4,87.2,293.0,45.9,27.1,134.2,Normal,0,0,0,0,0,Normal operation
ISZ-029,2026-09-09 01:30:00,1710.0,42.7,54.5,24.0,83.9,346.8,60.2,26.68,98.7,Normal,0,0,0,0,0,Normal operation
ISZ-029,2026-09-09 01:40:00,1522.0,18.8,61.7,8,87.1,314.4,59.9,26.71,75.9,Normal,0,0,0,0,0,Normal operation
ISZ-029,2026-09-09 01:50:00,2600,58.3,74.3,47.8,82.6,317.6,61.0,26.58,127.9,Normal,0,0,0,0,0,Normal operation
ISZ-030,2026-09-08 06:00:00,541.0,0.7,28.0,1.7,86.8,268.3,33.7,27.6,15.8,Normal,0,0,0,0,0,Normal operation
ISZ-030,2026-09-08 06:10:00,564.0,1.8,15.9,0,86.9,197.2,41.1,27.34,48.8,Normal,0,0,1,0,0,Normal operation
ISZ-030,2026-09-08 06:20:00,538.0,4.4,26.1,0.4,83.2,229.2,38.6,26.61,8,Normal,0,0,0,0,0,Normal operation
ISZ-030,2026-09-08 06:30:00,542.0,4.2,18.7,3.8,80.2,267.8,34.8,27.07,27.8,Normal,0,0,0,0,0,Normal operation
ISZ-030,2026-09-08 06:40:00,1094.0,28.2,64.9,76.8,89.4,333.5,62.4,27.78,106.0,Normal,0,0,0,0,0,Normal operation
ISZ-030,2026-09-08 06:50:00,1369.0,84.5,70.2,48.4,86.9,329.8,79.5,26.98,74.6,Normal,0,0,0,0,0,Normal operation
ISZ-030,2026-09-08 07:00:00,1817.0,58.5,46.0,78.2,89.1,321.7,53.6,26.77,109.4,Normal,0,0,0,0,0,Normal operation
ISZ-030,2026-09-08 07:10:00,1684.0,40.2,47.3,79.6,89.7,368.3,50.6,26.84,68.0,Normal,0,0,0,0,0,Normal operation
ISZ-030,2026-09-08 07:20:00,1870.0,69.2,61.8,58.7,83.6,356.7,61.1,27.09,67.9,Normal,0,0,0,0,0,Normal operation
ISZ-030,2026-09-08 07:30:00,1528.0,38.3,63.6,51.7,88.9,353.9,71.8,26.89,54.0,Normal,0,0,0,0,0,Normal operation
ISZ-030,2026-09-08 07:40:00,1257.0,46.1,57.4,78.4,84.5,297.5,65.6,26.64,70.1,Normal,0,0,0,0,0,Normal operation
ISZ-030,2026-09-08 07:50:00,1696.0,73.1,20.9,62.4,88.4,343.3,82.0,27.32,66.6,Normal,0,0,0,0,0,Normal operation
ISZ-030,2026-09-08 08:00:00,1777.0,50.4,61.1,64.2,88.3,297.7,57.7,27.11,81.8,Normal,0,0,0,0,0,Normal operation
ISZ-030,2026-09-08 08:10:00,1510.0,49.5,43.3,42.4,86.6,281.2,55.6,27.27,64.3,Normal,0,0,0,0,0,Normal operation
ISZ-030,2026-09-08 08:20:00,1346.0,44.0,60.2,57.1,88.9,319.0,63.6,27.12,86.3,Normal,0,0,0,0,0,Normal operation
ISZ-030,2026-09-08 08:30:00,1244.0,5,25.5,39.0,89.1,343.6,57.2,26.95,88.5,Normal,0,0,0,0,0,Normal operation
ISZ-030,2026-09-08 08:40:00,1957.0,42.0,74.1,26.1,91.2,358.8,62.0,27.3,102.6,Normal,0,0,0,0,0,Normal operation
ISZ-030,2026-09-08 08:50:00,2600,16.1,79.5,16.9,85.5,375.3,58.4,27.69,163.8,Normal,0,0,0,0,0,Normal operation
ISZ-030,2026-09-08 09:00:00,1208.0,36.5,54.6,36.0,85.0,326.8,68.9,27.35,121.4,Normal,0,0,0,0,0,Normal operation
ISZ-030,2026-09-08 09:10:00,1936.0,38.3,30.8,54.2,93.5,340.0,67.4,26.71,76.4,Normal,0,0,0,0,0,Normal operation
ISZ-030,2026-09-08 09:20:00,1243.0,29.7,52.9,38.9,84.5,342.6,65.7,27.13,137.2,Normal,0,0,0,0,0,Normal operation
ISZ-030,2026-09-08 09:30:00,1261.0,41.2,66.7,17.4,87.7,402.4,68.3,26.91,98.7,Normal,0,0,0,0,0,Normal operation
ISZ-030,2026-09-08 09:40:00,1693.0,49.6,64.1,82.8,85.2,279.4,70.1,27.6,107.6,Normal,0,0,0,0,0,Normal operation
ISZ-030,2026-09-08 09:50:00,800,24.0,75.0,94.6,86.9,358.0,61.3,27.26,52.8,Normal,0,0,0,0,0,Normal operation
ISZ-030,2026-09-08 10:00:00,551.0,1.8,27.0,1.3,83.1,228.7,32.3,27.54,47.2,Normal,0,0,1,0,0,Normal operation
ISZ-030,2026-09-08 10:10:00,556.0,2.3,14.3,1.2,91.0,213.2,38.8,26.86,65.6,Normal,0,0,1,0,0,Normal operation
ISZ-030,2026-09-08 10:20:00,535.0,4.0,11.9,3.4,83.6,259.0,43.4,27.6,37.4,Normal,0,0,0,0,0,Normal operation
ISZ-030,2026-09-08 10:30:00,535.0,0.3,27.8,3.5,87.0,245.2,26.3,27.37,25.2,Normal,0,0,0,0,0,Normal operation
ISZ-030,2026-09-08 10:40:00,2447.0,60.5,36.5,31.7,89.1,341.8,69.7,27.31,72.7,Normal,0,0,0,0,0,Normal operation
ISZ-030,2026-09-08 10:50:00,1678.0,55.1,65.3,41.8,86.0,294.7,56.2,27.32,99.8,Normal,0,0,0,0,0,Normal operation
ISZ-030,2026-09-08 11:00:00,1154.0,25.7,50.1,8,87.0,266.5,71.1,28.0,85.7,Normal,0,0,0,0,0,Normal operation
ISZ-030,2026-09-08 11:10:00,1277.0,39.7,67.5,8,89.4,335.8,52.4,27.56,85.7,Normal,0,0,0,0,0,Normal operation
ISZ-030,2026-09-08 11:20:00,1368.0,63.9,44.3,30.9,83.1,337.8,58.8,27.03,86.9,Normal,0,0,0,0,0,Normal operation
ISZ-030,2026-09-08 11:30:00,965.0,78.8,44.6,25.8,88.7,329.8,64.6,27.34,106.5,Normal,0,0,0,0,0,Normal operation
ISZ-030,2026-09-08 11:40:00,1217.0,85.8,36.1,24.7,86.5,338.4,68.4,27.31,70.1,Normal,0,0,0,0,0,Normal operation
ISZ-030,2026-09-08 11:50:00,1692.0,42.2,55.6,52.1,93.5,347.1,72.1,27.06,83.5,Normal,0,0,0,0,0,Normal operation
ISZ-030,2026-09-08 12:00:00,1562.0,64.8,68.1,20.3,89.8,333.1,74.2,26.65,106.8,Normal,0,0,0,0,0,Normal operation
ISZ-030,2026-09-08 12:10:00,1733.0,66.7,51.3,36.8,86.5,344.8,70.8,27.3,88.9,Normal,0,0,0,0,0,Normal operation
ISZ-030,2026-09-08 12:20:00,1374.0,50.2,64.2,8,85.5,338.4,52.5,27.08,95.7,Normal,0,0,0,0,0,Normal operation
ISZ-030,2026-09-08 12:30:00,2111.0,57.1,61.1,40.7,93.2,380.3,65.9,27.15,85.2,Normal,0,0,0,0,0,Normal operation
ISZ-030,2026-09-08 12:40:00,956.0,52.8,38.0,65.0,88.6,295.6,45.4,27.12,93.5,Normal,0,0,0,0,0,Normal operation
ISZ-030,2026-09-08 12:50:00,1155.0,53.2,82.9,62.0,87.0,272.3,73.6,26.5,111.7,Normal,0,0,0,0,0,Normal operation
ISZ-030,2026-09-08 13:00:00,2327.0,37.3,34.4,76.2,77.3,385.3,65.6,27.02,118.5,Normal,0,0,0,0,0,Normal operation
ISZ-030,2026-09-08 13:10:00,1838.0,69.3,36.4,34.2,80.3,346.7,60.7,27.42,75.4,Normal,0,0,0,0,0,Normal operation
ISZ-030,2026-09-08 13:20:00,1401.0,66.9,64.4,50.7,84.1,299.4,84.2,27.29,91.4,Normal,0,0,0,0,0,Normal operation
ISZ-030,2026-09-08 13:30:00,1551.0,58.4,78.4,62.4,87.4,336.6,71.5,26.94,85.8,Normal,0,0,0,0,0,Normal operation
ISZ-030,2026-09-08 13:40:00,1985.0,41.8,45.1,66.9,84.0,350.6,56.7,27.62,117.5,Normal,0,0,0,0,0,Normal operation
ISZ-030,2026-09-08 13:50:00,1292.0,62.8,71.3,48.9,81.2,349.1,70.6,27.02,65.9,Normal,0,0,0,0,0,Normal operation
ISZ-030,2026-09-08 14:00:00,558.0,1.8,15.8,6.2,88.5,245.9,21.1,27.67,8,Normal,0,0,1,1,0,Normal operation
ISZ-030,2026-09-08 14:10:00,519.0,0.3,18.6,3.8,86.1,225.7,26.2,27.74,47.3,Normal,0,0,1,0,0,Normal operation
ISZ-030,2026-09-08 14:20:00,527.0,1.5,21.7,1.7,85.5,223.2,25.1,27.33,28.7,Normal,0,0,1,0,0,Normal operation
ISZ-030,2026-09-08 14:30:00,550.0,0,22.5,0.9,86.9,281.0,36.5,26.97,74.4,Normal,0,0,1,0,0,Normal operation
ISZ-030,2026-09-08 14:40:00,1807.0,44.8,38.9,38.7,94.9,339.0,85.9,27.51,48.0,Normal,0,0,0,0,0,Normal operation
ISZ-030,2026-09-08 14:50:00,2358.0,77.0,30.9,8.1,80.5,355.0,73.5,27.03,111.2,Normal,0,0,0,0,0,Normal operation
ISZ-030,2026-09-08 15:00:00,2292.0,34.0,42.9,69.0,79.1,316.4,56.5,27.44,110.6,Normal,0,0,0,0,0,Normal operation
ISZ-030,2026-09-08 15:10:00,1484.0,53.8,74.5,72.0,87.6,325.6,67.1,26.54,114.0,Normal,0,0,0,0,0,Normal operation
ISZ-030,2026-09-08 15:20:00,1450.0,58.7,56.6,54.0,87.1,307.7,76.9,27.45,127.5,Normal,0,0,0,0,0,Normal operation
ISZ-030,2026-09-08 15:30:00,1084.0,79.5,60.6,58.3,82.4,359.3,68.5,26.99,110.6,Normal,0,0,0,0,0,Normal operation
ISZ-030,2026-09-08 15:40:00,1223.0,26.4,31.6,73.0,89.6,349.8,71.6,26.74,85.7,Normal,0,0,0,0,0,Normal operation
ISZ-030,2026-09-08 15:50:00,1770.0,29.9,54.8,50.5,79.8,333.6,55.4,27.67,150.5,Normal,0,0,0,0,0,Normal operation
ISZ-030,2026-09-08 16:00:00,2181.0,41.0,48.5,38.9,95.9,300.9,58.3,26.75,124.2,Normal,0,0,0,0,0,Normal operation
ISZ-030,2026-09-08 16:10:00,2305.0,43.7,63.3,26.6,89.2,319.9,57.6,26.79,82.4,Normal,0,0,0,0,0,Normal operation
ISZ-030,2026-09-08 16:20:00,1432.0,65.6,62.4,70.5,82.2,304.9,59.1,27.45,49.3,Normal,0,0,0,0,0,Normal operation
ISZ-030,2026-09-08 16:30:00,1005.0,35.9,89.0,56.1,93.5,369.6,69.3,27.13,140.0,Normal,0,0,0,0,0,Normal operation
ISZ-030,2026-09-08 16:40:00,1995.0,74.8,29.9,57.6,82.3,302.8,75.6,27.32,52.7,Normal,0,0,0,0,0,Normal operation
ISZ-030,2026-09-08 16:50:00,1088.0,42.5,58.2,23.1,85.9,310.5,51.5,26.68,95.7,Normal,0,0,0,0,0,Normal operation
ISZ-030,2026-09-08 17:00:00,1403.0,70.0,51.2,58.1,91.1,335.9,54.3,26.95,105.6,Normal,0,0,0,0,0,Normal operation
ISZ-030,2026-09-08 17:10:00,2309.0,53.4,33.2,8,94.6,383.9,74.2,27.81,81.7,Normal,0,0,0,0,0,Normal operation
ISZ-030,2026-09-08 17:20:00,800,85.4,47.8,72.9,90.0,312.0,64.6,27.52,73.5,Normal,0,0,0,0,0,Normal operation
ISZ-030,2026-09-08 17:30:00,1202.0,36.7,81.8,20.9,90.8,291.2,43.3,26.48,55.5,Normal,0,0,0,0,0,Normal operation
ISZ-030,2026-09-08 17:40:00,1146.0,63.2,72.4,32.6,94.1,347.9,65.3,26.87,85.6,Normal,0,0,0,0,0,Normal operation
ISZ-030,2026-09-08 17:50:00,1899.0,24.0,36.8,37.4,82.1,351.0,51.6,27.12,90.1,Normal,0,0,0,0,0,Normal operation
ISZ-030,2026-09-08 18:00:00,533.0,0,23.6,0.1,90.3,237.5,31.3,27.37,51.4,Normal,0,0,0,0,0,Normal operation
ISZ-030,2026-09-08 18:10:00,549.0,3.8,21.9,0,97.3,262.9,40.5,27.35,24.9,Normal,0,0,0,0,0,Normal operation
ISZ-030,2026-09-08 18:20:00,536.0,0,27.3,2.3,90.8,225.3,20.2,27.23,34.0,Normal,0,0,0,1,0,Normal operation
ISZ-030,2026-09-08 18:30:00,547.0,1.3,27.2,1.4,87.5,208.1,33.9,27.55,71.4,Normal,0,0,0,0,0,Normal operation
ISZ-030,2026-09-08 18:40:00,1935.0,32.7,76.3,51.3,91.4,312.8,57.9,27.15,83.1,Normal,0,0,0,0,0,Normal operation
ISZ-030,2026-09-08 18:50:00,1093.0,57.2,73.9,14.1,87.3,334.0,77.8,27.71,138.8,Normal,0,0,0,0,0,Normal operation
ISZ-030,2026-09-08 19:00:00,1600.0,55.9,25.9,37.7,103.6,192.6,66.2,21.49,112.6,Undercharge,1,1,0,0,1,Multiple-system degradation
ISZ-030,2026-09-08 19:10:00,1363.0,70.6,50.3,19.1,87.2,150.6,69.2,22.77,152.6,Undercharge,1,1,0,0,0,Multiple-system degradation
ISZ-030,2026-09-08 19:20:00,1398.0,88.5,63.5,67.4,105.3,184.3,70.6,21.86,58.4,Undercharge,1,1,0,0,1,Multiple-system degradation
ISZ-030,2026-09-08 19:30:00,1180.0,45.6,46.7,76.6,96.3,194.2,64.5,21.01,86.2,Undercharge,1,0,0,0,0,Multiple-system degradation
ISZ-030,2026-09-08 19:40:00,1296.0,37.0,45.7,43.1,98.2,188.6,55.2,21.6,72.7,Undercharge,1,0,0,0,0,Multiple-system degradation
ISZ-030,2026-09-08 19:50:00,1494.0,59.0,58.1,62.2,95.8,182.5,57.7,22.71,115.7,Undercharge,1,1,0,0,0,Multiple-system degradation
ISZ-030,2026-09-08 20:00:00,1329.0,90.5,62.0,49.2,97.4,188.6,62.3,21.69,131.8,Undercharge,1,1,0,0,0,Multiple-system degradation
ISZ-030,2026-09-08 20:10:00,1661.0,63.9,20,34.7,101.6,186.5,62.5,23.05,101.5,Undercharge,1,1,0,0,1,Multiple-system degradation
ISZ-030,2026-09-08 20:20:00,1634.0,32.9,63.1,53.5,100.7,188.2,67.5,22.23,85.8,Undercharge,1,1,0,0,1,Multiple-system degradation
ISZ-030,2026-09-08 20:30:00,1370.0,48.7,63.0,45.3,108.3,186.8,53.6,22.56,39.7,Undercharge,1,1,0,0,1,Multiple-system degradation
ISZ-030,2026-09-08 20:40:00,1828.0,10.0,42.6,43.7,102.9,193.1,60.4,22.67,109.7,Undercharge,1,1,0,0,1,Multiple-system degradation
ISZ-030,2026-09-08 20:50:00,1996.0,49.4,60.2,71.4,102.0,195.3,58.8,22.33,79.9,Undercharge,1,1,0,0,1,Multiple-system degradation
ISZ-030,2026-09-08 21:00:00,1721.0,29.8,38.5,27.6,89.6,180.2,58.4,22.2,104.8,Undercharge,1,1,0,0,0,Multiple-system degradation
ISZ-030,2026-09-08 21:10:00,1062.0,22.7,41.8,56.0,100.6,165.8,69.0,22.38,94.5,Undercharge,1,0,0,0,1,Multiple-system degradation
ISZ-030,2026-09-08 21:20:00,1575.0,62.9,59.7,59.3,98.8,199.2,69.5,22.77,125.8,Undercharge,1,1,0,0,0,Multiple-system degradation
ISZ-030,2026-09-08 21:30:00,1204.0,72.9,62.7,32.9,102.2,191.5,66.7,21.25,86.3,Undercharge,1,0,0,0,1,Multiple-system degradation
ISZ-030,2026-09-08 21:40:00,1392.0,49.4,40.5,82.5,100.0,189.8,55.5,22.78,99.1,Undercharge,1,1,0,0,0,Multiple-system degradation
ISZ-030,2026-09-08 21:50:00,800,31.1,54.0,75.5,100.3,148.8,67.0,21.66,92.7,Undercharge,1,0,0,0,1,Multiple-system degradation
ISZ-030,2026-09-08 22:00:00,544.0,0.6,5,2.9,94.6,202.7,22.6,21.14,38.6,Undercharge,1,0,0,1,0,Multiple-system degradation
ISZ-030,2026-09-08 22:10:00,557.0,0,25.7,2.3,94.8,150.7,18.4,23.2,38.6,Undercharge,1,0,1,1,0,Multiple-system degradation
ISZ-030,2026-09-08 22:20:00,545.0,3.7,16.3,3.7,102.0,157.3,18.3,23.0,26.5,Undercharge,1,0,0,1,1,Multiple-system degradation
ISZ-030,2026-09-08 22:30:00,554.0,2.4,9.9,2.3,93.0,174.3,22.5,22.58,45.1,Undercharge,1,0,1,1,0,Multiple-system degradation
ISZ-030,2026-09-08 22:40:00,1741.0,51.5,23.3,78.6,95.2,165.7,57.7,22.98,99.0,Undercharge,1,1,0,0,0,Multiple-system degradation
ISZ-030,2026-09-08 22:50:00,1844.0,38.5,76.0,42.7,99.5,167.5,74.2,21.54,71.6,Undercharge,1,1,0,0,0,Multiple-system degradation
ISZ-030,2026-09-08 23:00:00,1523.0,75.7,68.2,16.5,94.1,155.9,73.5,22.23,84.1,Undercharge,1,1,0,0,0,Multiple-system degradation
ISZ-030,2026-09-08 23:10:00,1666.0,54.4,60.1,70.5,99.2,188.7,74.1,21.79,116.8,Undercharge,1,1,0,0,0,Multiple-system degradation
ISZ-030,2026-09-08 23:20:00,2535.0,40.1,20,34.8,99.0,174.3,65.0,21.43,142.9,Undercharge,1,1,0,0,0,Multiple-system degradation
ISZ-030,2026-09-08 23:30:00,2076.0,19.5,61.5,59.5,100.1,157.3,73.6,23.09,118.5,Undercharge,1,1,0,0,1,Multiple-system degradation
ISZ-030,2026-09-08 23:40:00,1597.0,74.0,69.6,50.6,100.4,187.0,74.5,21.58,111.2,Undercharge,1,1,0,0,1,Multiple-system degradation
ISZ-030,2026-09-08 23:50:00,1728.0,84.7,47.7,45.7,101.9,148.6,61.2,21.15,96.5,Undercharge,1,1,0,0,1,Multiple-system degradation
ISZ-030,2026-09-09 00:00:00,1331.0,38.5,76.9,41.4,101.5,198.4,60.0,23.19,64.4,Undercharge,1,1,0,0,1,Multiple-system degradation
ISZ-030,2026-09-09 00:10:00,1889.0,70.7,51.5,62.7,105.0,161.1,65.7,22.75,110.6,Undercharge,1,1,0,0,1,Multiple-system degradation
ISZ-030,2026-09-09 00:20:00,1405.0,40.9,85.7,84.9,89.8,186.9,56.2,22.42,126.9,Undercharge,1,1,0,0,0,Multiple-system degradation
ISZ-030,2026-09-09 00:30:00,1194.0,63.4,24.6,48.8,103.0,145.3,55.6,21.76,60.5,Undercharge,1,0,0,0,1,Multiple-system degradation
ISZ-030,2026-09-09 00:40:00,1406.0,58.9,43.0,27.6,109.4,162.7,69.6,21.85,67.2,Undercharge,1,1,0,0,1,Multiple-system degradation
ISZ-030,2026-09-09 00:50:00,1392.0,51.1,67.3,64.9,106.1,148.6,69.0,22.15,111.9,Undercharge,1,1,0,0,1,Multiple-system degradation
ISZ-030,2026-09-09 01:00:00,1113.0,43.4,69.0,25.6,101.8,181.5,72.7,23.15,119.2,Undercharge,1,0,0,0,1,Multiple-system degradation
ISZ-030,2026-09-09 01:10:00,1405.0,52.0,33.7,43.0,100.2,160.9,68.5,22.06,84.2,Undercharge,1,1,0,0,1,Multiple-system degradation
ISZ-030,2026-09-09 01:20:00,1646.0,50.9,51.9,71.9,98.3,196.9,68.1,21.28,89.6,Undercharge,1,1,0,0,0,Multiple-system degradation
ISZ-030,2026-09-09 01:30:00,1779.0,57.0,61.4,54.8,101.4,183.3,66.1,21.06,85.3,Undercharge,1,1,0,0,1,Multiple-system degradation
ISZ-030,2026-09-09 01:40:00,1713.0,73.5,56.0,52.6,102.6,179.3,75.6,21.78,45.3,Undercharge,1,1,0,0,1,Multiple-system degradation
ISZ-030,2026-09-09 01:50:00,1477.0,78.8,47.3,76.6,99.0,180.7,64.5,21.21,83.2,Undercharge,1,1,0,0,0,Multiple-system degradation
